countyFIPS,State,County Name_x,population,2020-06-07_cases,2020-06-14_cases,2020-06-21_cases,2020-06-28_cases,2020-07-05_cases,2020-07-12_cases,2020-07-19_cases,2020-07-26_cases,2020-08-02_cases,2020-08-09_cases,2020-08-16_cases,2020-08-23_cases,2020-08-30_cases,2020-09-06_cases,2020-09-13_cases,2020-09-20_cases,2020-09-27_cases,2020-10-04_cases,2020-10-11_cases,2020-10-18_cases,2020-10-25_cases,2020-11-01_cases,2020-11-08_cases,2020-11-15_cases,2020-11-22_cases,2020-11-29_cases,2020-12-06_cases,2020-12-13_cases,2020-12-20_cases,2020-12-27_cases,2021-01-03_cases
12001,FL,Alachua County ,269043,3609.9,515.0,1081.0,1953.0,3170.0,3679.0,3646.0,3532.0,3765.0,3545.0,3166.0,2916.0,1925.0,1970.0,4152.0,7367.0,5855.0,3562.0,2609.0,3405.0,3888.0,4390.0,3951.0,3871.0,3921.0,3692.0,3549.0,4560.0,4857.0,4886.0,4919.0
12003,FL,Baker County ,29210,570.2333333333333,3.0,47.0,70.0,233.0,355.0,500.0,426.0,580.0,1730.0,3051.0,488.0,260.0,559.0,533.0,558.0,480.0,395.0,570.0,541.0,477.0,398.0,382.0,320.0,393.0,402.0,564.0,534.0,665.0,817.0,776.0
12005,FL,Bay County ,174705,2737.366666666667,178.0,231.0,646.0,1905.0,2967.0,4757.0,5770.0,6318.0,5155.0,3784.0,2492.0,1928.0,1195.0,1051.0,1147.0,1456.0,1215.0,750.0,976.0,1235.0,1637.0,1716.0,2525.0,3675.0,2801.0,3574.0,4377.0,5502.0,5666.0,5492.0
12007,FL,Bradford County ,28201,495.9,4.0,33.0,110.0,113.0,177.0,381.0,314.0,601.0,706.0,994.0,470.0,576.0,716.0,655.0,663.0,594.0,463.0,201.0,208.0,144.0,154.0,136.0,253.0,377.0,340.0,339.0,559.0,1027.0,2502.0,1067.0
12009,FL,Brevard County ,601942,4794.833333333333,471.0,1396.0,3516.0,6549.0,5812.0,6092.0,5660.0,4784.0,3335.0,3557.0,2939.0,2395.0,2697.0,2359.0,2725.0,3168.0,3449.0,3639.0,3666.0,3926.0,5118.0,5804.0,6214.0,6513.0,6694.0,7455.0,7723.0,8729.0,8386.0,9074.0
12011,FL,Broward County ,1952778,30270.966666666667,6559.0,12077.0,18911.0,33125.0,55334.0,70025.0,68081.0,63483.0,41618.0,31627.0,23039.0,15034.0,16432.0,9682.0,8203.0,8753.0,7682.0,8082.0,11345.0,14686.0,21930.0,25881.0,26743.0,38310.0,39971.0,44794.0,48182.0,46306.0,45857.0,46377.0
12013,FL,Calhoun County ,14105,271.23333333333335,12.0,11.0,36.0,98.0,289.0,451.0,327.0,299.0,743.0,705.0,229.0,219.0,186.0,89.0,94.0,47.0,87.0,95.0,158.0,216.0,187.0,193.0,253.0,268.0,246.0,303.0,448.0,518.0,619.0,711.0
12015,FL,Charlotte County ,188910,1615.4666666666667,272.0,318.0,581.0,1319.0,1274.0,2023.0,1896.0,2136.0,1861.0,1231.0,863.0,1098.0,992.0,662.0,514.0,611.0,706.0,634.0,842.0,894.0,1476.0,1681.0,1887.0,2413.0,2669.0,2883.0,3756.0,3294.0,3672.0,4006.0
12017,FL,Citrus County ,149657,1524.5666666666666,70.0,225.0,468.0,728.0,956.0,1548.0,1881.0,1559.0,1648.0,1706.0,1509.0,1018.0,1170.0,1385.0,1097.0,1060.0,643.0,728.0,686.0,745.0,954.0,1310.0,2357.0,2684.0,2815.0,2825.0,2828.0,3024.0,3098.0,3012.0
12019,FL,Clay County ,219252,2538.366666666667,214.0,276.0,710.0,1781.0,3019.0,3812.0,3759.0,2903.0,2547.0,1856.0,1426.0,1681.0,2546.0,1405.0,2123.0,1752.0,1766.0,1347.0,1558.0,1774.0,1571.0,2121.0,2453.0,3106.0,3785.0,4029.0,4155.0,4701.0,5940.0,6035.0
12021,FL,Collier County ,384902,4827.9,3485.0,4225.0,5120.0,6498.0,7365.0,10598.0,8931.0,6668.0,5228.0,3893.0,3026.0,2561.0,2758.0,1835.0,1591.0,1773.0,1432.0,1948.0,2613.0,2927.0,3871.0,4117.0,4413.0,5687.0,6340.0,6897.0,8120.0,6693.0,6159.0,8065.0
12023,FL,Columbia County ,71686,1361.2333333333333,117.0,195.0,306.0,486.0,704.0,3881.0,5543.0,4498.0,2284.0,1629.0,1127.0,1135.0,735.0,586.0,801.0,914.0,895.0,671.0,771.0,718.0,697.0,635.0,721.0,794.0,989.0,1144.0,1174.0,1947.0,2361.0,2379.0
12027,FL,DeSoto County ,38001,622.9333333333333,648.0,706.0,760.0,969.0,900.0,1460.0,884.0,864.0,492.0,485.0,311.0,187.0,295.0,165.0,93.0,93.0,130.0,133.0,144.0,192.0,203.0,251.0,362.0,1915.0,2017.0,942.0,754.0,802.0,862.0,669.0
12029,FL,Dixie County ,16826,247.46666666666667,27.0,3.0,18.0,55.0,170.0,351.0,451.0,277.0,926.0,1327.0,411.0,405.0,20.0,633.0,202.0,137.0,31.0,61.0,127.0,108.0,148.0,139.0,78.0,-593.0,794.0,117.0,137.0,194.0,339.0,331.0
12031,FL,Duval County ,957755,13854.2,1268.0,3483.0,11309.0,23457.0,26218.0,26616.0,24619.0,16431.0,12761.0,10704.0,7135.0,6152.0,7645.0,6756.0,5936.0,6410.0,5705.0,5846.0,6821.0,8153.0,9225.0,9172.0,9662.0,14269.0,18271.0,22725.0,22739.0,26422.0,29246.0,30470.0
12033,FL,Escambia County ,318316,5001.566666666667,530.0,1096.0,2337.0,5751.0,8071.0,11471.0,10008.0,7795.0,7743.0,9164.0,4047.0,2942.0,2548.0,2374.0,1937.0,1157.0,1652.0,1375.0,1750.0,2212.0,2606.0,3564.0,5069.0,5811.0,5221.0,5991.0,7251.0,9047.0,9472.0,10055.0
12035,FL,Flagler County ,115081,823.9,56.0,107.0,327.0,548.0,696.0,950.0,1066.0,1020.0,882.0,822.0,586.0,569.0,499.0,998.0,823.0,594.0,432.0,458.0,601.0,813.0,711.0,767.0,728.0,991.0,1153.0,1157.0,1106.0,1429.0,1761.0,2067.0
12037,FL,Franklin County ,12125,210.93333333333334,0.0,0.0,20.0,30.0,98.0,180.0,233.0,169.0,1269.0,1116.0,305.0,262.0,203.0,110.0,103.0,138.0,166.0,181.0,190.0,342.0,250.0,150.0,93.0,83.0,93.0,34.0,72.0,70.0,93.0,275.0
12039,FL,Gadsden County ,45660,860.3,91.0,111.0,209.0,478.0,716.0,1362.0,2213.0,2156.0,2645.0,1854.0,870.0,1066.0,1133.0,1029.0,661.0,700.0,633.0,636.0,470.0,239.0,165.0,148.0,205.0,462.0,536.0,799.0,676.0,833.0,1172.0,1541.0
12041,FL,Gilchrist County ,18582,231.93333333333334,32.0,320.0,156.0,109.0,157.0,360.0,701.0,234.0,204.0,309.0,261.0,179.0,164.0,79.0,76.0,85.0,54.0,55.0,90.0,380.0,127.0,98.0,193.0,380.0,300.0,319.0,349.0,329.0,479.0,379.0
12043,FL,Glades County ,13811,163.8,240.0,143.0,193.0,133.0,169.0,261.0,599.0,508.0,57.0,110.0,142.0,125.0,55.0,70.0,128.0,230.0,175.0,151.0,121.0,57.0,88.0,118.0,66.0,108.0,95.0,164.0,189.0,141.0,160.0,118.0
12045,FL,Gulf County ,13639,308.2,34.0,21.0,40.0,107.0,271.0,333.0,679.0,684.0,1358.0,1393.0,476.0,253.0,166.0,130.0,81.0,60.0,49.0,93.0,165.0,97.0,79.0,223.0,222.0,180.0,143.0,232.0,283.0,360.0,475.0,559.0
12047,FL,Hamilton County ,14428,235.63333333333333,103.0,100.0,232.0,326.0,321.0,449.0,434.0,254.0,232.0,171.0,164.0,248.0,154.0,224.0,447.0,267.0,124.0,106.0,91.0,50.0,68.0,101.0,96.0,119.0,146.0,230.0,260.0,370.0,595.0,587.0
12049,FL,Hardee County ,26937,462.7,339.0,482.0,812.0,786.0,633.0,676.0,623.0,554.0,535.0,687.0,279.0,295.0,319.0,493.0,463.0,456.0,347.0,369.0,477.0,426.0,322.0,246.0,260.0,270.0,236.0,287.0,372.0,609.0,609.0,619.0
12051,FL,Hendry County ,42022,653.8,674.0,755.0,904.0,1204.0,959.0,1152.0,1030.0,1156.0,679.0,852.0,485.0,337.0,221.0,159.0,185.0,163.0,147.0,146.0,256.0,278.0,313.0,390.0,337.0,534.0,438.0,648.0,985.0,1549.0,1539.0,1139.0
12053,FL,Hernando County ,193920,1685.4,75.0,180.0,670.0,1358.0,1834.0,2263.0,2001.0,2112.0,1905.0,1670.0,1568.0,1121.0,1417.0,739.0,900.0,912.0,764.0,681.0,578.0,1137.0,1287.0,1371.0,1703.0,1966.0,2553.0,2714.0,3597.0,4005.0,3882.0,3599.0
12055,FL,Highlands County ,106221,1126.5666666666666,159.0,285.0,569.0,647.0,694.0,1272.0,1810.0,1630.0,1368.0,1286.0,1073.0,694.0,580.0,673.0,572.0,572.0,499.0,710.0,768.0,651.0,1043.0,1342.0,1730.0,2081.0,1897.0,1732.0,1953.0,1921.0,1786.0,1800.0
12057,FL,Hillsborough County ,1471968,17431.833333333332,5053.0,10222.0,20817.0,32560.0,31980.0,34246.0,26526.0,22391.0,19589.0,13597.0,11148.0,9176.0,10103.0,8038.0,8262.0,8445.0,7417.0,7915.0,9079.0,9891.0,11152.0,13591.0,15176.0,16658.0,17810.0,20213.0,25909.0,31438.0,32516.0,32037.0
12059,FL,Holmes County ,19617,383.06666666666666,33.0,51.0,669.0,364.0,195.0,356.0,575.0,473.0,435.0,299.0,317.0,306.0,362.0,242.0,161.0,160.0,133.0,140.0,242.0,337.0,352.0,359.0,335.0,400.0,445.0,561.0,546.0,701.0,1085.0,858.0
12061,FL,Indian River County ,159923,1569.6666666666667,243.0,790.0,1518.0,1960.0,1871.0,2551.0,2617.0,2583.0,1814.0,1187.0,739.0,670.0,532.0,513.0,615.0,834.0,859.0,776.0,678.0,972.0,1502.0,1509.0,1864.0,2113.0,1830.0,1713.0,2019.0,2330.0,3443.0,4445.0
12063,FL,Jackson County ,46414,1015.4666666666667,213.0,94.0,138.0,239.0,902.0,1426.0,2080.0,3354.0,1827.0,1579.0,1296.0,954.0,881.0,877.0,833.0,742.0,480.0,524.0,598.0,512.0,375.0,906.0,1342.0,1238.0,1358.0,907.0,901.0,1222.0,1192.0,1474.0
12065,FL,Jefferson County ,14246,225.23333333333332,11.0,26.0,40.0,91.0,135.0,203.0,298.0,639.0,1348.0,238.0,115.0,105.0,95.0,120.0,104.0,87.0,80.0,114.0,213.0,227.0,205.0,155.0,150.0,90.0,192.0,254.0,196.0,303.0,368.0,555.0
12067,FL,Lafayette County ,8422,330.03333333333336,20.0,31.0,55.0,65.0,103.0,122.0,81.0,152.0,173.0,2836.0,4055.0,493.0,204.0,60.0,71.0,41.0,6.0,70.0,85.0,82.0,70.0,69.0,5.0,58.0,124.0,211.0,230.0,143.0,90.0,96.0
12069,FL,Lake County ,367118,3544.2,473.0,1493.0,2377.0,4072.0,4751.0,5642.0,5176.0,4768.0,3352.0,3480.0,3170.0,2639.0,2769.0,2135.0,1744.0,1501.0,1309.0,1620.0,1682.0,1932.0,1979.0,2797.0,2898.0,3157.0,3416.0,3847.0,6295.0,8016.0,8844.0,8992.0
12071,FL,Lee County ,770577,8959.766666666666,2772.0,5433.0,7227.0,14106.0,15106.0,21166.0,15251.0,9964.0,7021.0,6213.0,4908.0,4379.0,4154.0,2659.0,2851.0,3254.0,2746.0,3305.0,4100.0,4988.0,6777.0,7033.0,8297.0,12399.0,12469.0,14882.0,15967.0,16007.0,16420.0,16939.0
12073,FL,Leon County ,293582,4444.066666666667,205.0,380.0,1285.0,4680.0,4998.0,4451.0,5199.0,4587.0,4043.0,3744.0,2965.0,2989.0,6082.0,10005.0,8268.0,5011.0,3012.0,2446.0,3047.0,2451.0,3116.0,3161.0,3989.0,4434.0,5078.0,5740.0,6648.0,6512.0,6373.0,8423.0
12075,FL,Levy County ,41503,421.93333333333334,331.0,258.0,209.0,201.0,334.0,529.0,786.0,812.0,756.0,540.0,669.0,443.0,305.0,194.0,211.0,241.0,186.0,156.0,164.0,131.0,212.0,293.0,344.0,480.0,517.0,536.0,640.0,676.0,722.0,782.0
12077,FL,Liberty County ,8354,123.06666666666666,11.0,13.0,2.0,74.0,188.0,198.0,259.0,260.0,210.0,120.0,40.0,107.0,73.0,169.0,156.0,135.0,92.0,14.0,11.0,61.0,43.0,59.0,52.0,57.0,159.0,219.0,165.0,174.0,245.0,326.0
12079,FL,Madison County ,18493,343.6,29.0,157.0,445.0,390.0,523.0,831.0,619.0,642.0,615.0,413.0,404.0,373.0,306.0,450.0,285.0,100.0,59.0,95.0,120.0,128.0,80.0,130.0,388.0,347.0,277.0,366.0,557.0,472.0,346.0,361.0
12081,FL,Manatee County ,403253,4920.766666666666,1082.0,2315.0,4771.0,6316.0,7810.0,10948.0,9882.0,7474.0,4810.0,3624.0,3072.0,2180.0,1708.0,1535.0,1955.0,2101.0,1923.0,2186.0,2771.0,3044.0,3576.0,4247.0,3961.0,6039.0,6919.0,6971.0,7262.0,8956.0,9204.0,8981.0
12083,FL,Marion County ,365579,4089.8,215.0,402.0,1084.0,1906.0,3046.0,5748.0,6530.0,10860.0,9086.0,7673.0,5414.0,3973.0,2992.0,2173.0,2102.0,2025.0,1699.0,1656.0,1697.0,1955.0,1796.0,2213.0,2670.0,3861.0,4435.0,5257.0,6638.0,7093.0,7915.0,8580.0
12085,FL,Martin County ,161000,1648.1666666666667,1798.0,2366.0,2423.0,3098.0,2903.0,2894.0,2201.0,1804.0,1219.0,1082.0,933.0,1718.0,1558.0,224.0,947.0,1249.0,780.0,618.0,652.0,746.0,941.0,972.0,1030.0,1454.0,1797.0,1985.0,2133.0,2555.0,2879.0,2486.0
12086,FL,Miami-Dade County ,2716940,65188.46666666667,13483.0,22328.0,37665.0,79343.0,109319.0,134751.0,140655.0,140041.0,86031.0,86268.0,62392.0,39128.0,35293.0,22044.0,18865.0,19059.0,18141.0,19284.0,22310.0,24845.0,29945.0,42603.0,50021.0,79660.0,88044.0,101637.0,104372.0,111268.0,107378.0,109481.0
12087,FL,Monroe County ,74228,963.8,74.0,172.0,304.0,769.0,1149.0,1838.0,2053.0,1603.0,1376.0,964.0,637.0,246.0,297.0,139.0,188.0,169.0,224.0,417.0,632.0,901.0,919.0,1460.0,1555.0,1967.0,1836.0,1651.0,1718.0,1481.0,1178.0,997.0
12089,FL,Nassau County ,88625,1092.7333333333333,39.0,103.0,276.0,638.0,1274.0,1534.0,1624.0,1183.0,1016.0,736.0,868.0,1207.0,1250.0,859.0,736.0,526.0,537.0,545.0,633.0,541.0,645.0,568.0,905.0,1101.0,1493.0,1884.0,1843.0,2263.0,2884.0,3071.0
12091,FL,Okaloosa County ,210738,2929.766666666667,376.0,502.0,932.0,1863.0,1955.0,3912.0,3869.0,3602.0,4210.0,2515.0,1474.0,1471.0,1557.0,1604.0,1361.0,1000.0,1625.0,1373.0,2343.0,2574.0,2804.0,3092.0,3802.0,4455.0,4342.0,5313.0,6684.0,5580.0,6204.0,5499.0
12093,FL,Okeechobee County ,42168,539.9666666666667,336.0,415.0,548.0,694.0,599.0,877.0,997.0,963.0,784.0,692.0,569.0,294.0,318.0,286.0,587.0,856.0,463.0,304.0,241.0,269.0,340.0,300.0,413.0,584.0,607.0,415.0,473.0,553.0,607.0,815.0
12095,FL,Orange County ,1393452,17290.766666666666,3736.0,9073.0,21897.0,32175.0,28711.0,36605.0,29692.0,23131.0,15237.0,12824.0,10565.0,8054.0,9474.0,6399.0,6512.0,7589.0,6643.0,7534.0,8767.0,10910.0,11334.0,13636.0,15540.0,22161.0,21382.0,22337.0,15882.0,34456.0,31762.0,34705.0
12097,FL,Osceola County ,375751,5738.166666666667,439.0,1041.0,3186.0,6994.0,7981.0,11617.0,12120.0,9564.0,7006.0,5269.0,3572.0,2586.0,2983.0,2097.0,2060.0,2486.0,2234.0,2352.0,2529.0,2740.0,3331.0,4101.0,5561.0,7705.0,7461.0,9116.0,11987.0,11178.0,10241.0,10608.0
12099,FL,Palm Beach County ,1496770,17790.1,9214.0,13083.0,15335.0,21162.0,26389.0,33910.0,32411.0,30591.0,21456.0,17453.0,11710.0,9564.0,9287.0,6825.0,7905.0,8148.0,5794.0,5638.0,7011.0,8766.0,14258.0,17207.0,18996.0,22798.0,23655.0,24622.0,27242.0,26613.0,27219.0,29441.0
12101,FL,Pasco County ,553947,5024.233333333334,467.0,1247.0,4258.0,7300.0,7443.0,7908.0,6370.0,5540.0,4272.0,3340.0,2298.0,2046.0,2026.0,1626.0,1896.0,2441.0,2214.0,1993.0,2778.0,2551.0,3061.0,4260.0,5209.0,6757.0,7798.0,8526.0,10819.0,11799.0,11736.0,10748.0
12103,FL,Pinellas County ,974996,10157.066666666668,3204.0,7537.0,13034.0,17428.0,17542.0,18114.0,14191.0,11478.0,9110.0,6808.0,5315.0,3966.0,3524.0,3581.0,3940.0,3688.0,3462.0,3729.0,5891.0,6931.0,7514.0,8631.0,10708.0,10998.0,13713.0,13271.0,17810.0,20282.0,19056.0,20256.0
12105,FL,Polk County ,724777,8443.633333333333,1599.0,2965.0,6707.0,11669.0,13423.0,15463.0,14791.0,11832.0,9541.0,9068.0,6374.0,5019.0,5772.0,5041.0,4689.0,5178.0,4164.0,4554.0,4748.0,5177.0,5277.0,5513.0,7091.0,7829.0,7592.0,9835.0,13541.0,14647.0,16047.0,18163.0
12107,FL,Putnam County ,74521,889.6,120.0,210.0,438.0,1113.0,1389.0,1707.0,1429.0,1287.0,1261.0,858.0,709.0,574.0,481.0,587.0,763.0,601.0,356.0,224.0,427.0,529.0,482.0,463.0,443.0,549.0,725.0,1075.0,1720.0,2027.0,2115.0,2026.0
12109,FL,St. Johns County ,264672,2984.9333333333334,163.0,612.0,1776.0,3264.0,3634.0,3882.0,3919.0,3030.0,2369.0,2265.0,1712.0,1182.0,1690.0,2045.0,1562.0,1458.0,1531.0,1307.0,1703.0,1990.0,2483.0,2790.0,2821.0,3496.0,4257.0,5561.0,5383.0,6264.0,7654.0,7745.0
12111,FL,St. Lucie County ,328297,3212.8,1482.0,2230.0,2346.0,3516.0,4420.0,5446.0,5040.0,6003.0,4301.0,3736.0,2882.0,2571.0,2499.0,1748.0,1884.0,1491.0,1425.0,1251.0,1348.0,1858.0,2115.0,2256.0,2173.0,2630.0,3272.0,3684.0,4852.0,5172.0,6311.0,6442.0
12113,FL,Santa Rosa County ,184313,2531.1666666666665,134.0,325.0,604.0,1959.0,2634.0,4021.0,3943.0,6936.0,3606.0,2705.0,1753.0,1528.0,1713.0,1608.0,1027.0,561.0,794.0,833.0,1045.0,1031.0,1081.0,1365.0,1964.0,2803.0,2988.0,3679.0,4951.0,5743.0,5870.0,6731.0
12115,FL,Sarasota County ,433742,4178.566666666667,439.0,928.0,2279.0,4030.0,5230.0,8414.0,7013.0,5291.0,3905.0,3265.0,2669.0,1649.0,1452.0,1456.0,1682.0,1790.0,1602.0,1837.0,2419.0,2631.0,2857.0,3814.0,4592.0,7348.0,8453.0,8103.0,7633.0,7192.0,7349.0,8035.0
12117,FL,Seminole County ,471826,4092.1666666666665,866.0,2598.0,5705.0,7355.0,6596.0,7329.0,6136.0,4637.0,3556.0,2876.0,2172.0,1848.0,2382.0,1641.0,1616.0,1599.0,1351.0,1542.0,1659.0,2199.0,2672.0,3153.0,3615.0,4471.0,4494.0,5517.0,9894.0,8331.0,7138.0,7817.0
12119,FL,Sumter County ,132420,1122.3,44.0,64.0,225.0,521.0,1182.0,1377.0,1164.0,1047.0,1084.0,1378.0,1589.0,953.0,1215.0,864.0,435.0,443.0,1095.0,1406.0,1070.0,665.0,700.0,866.0,657.0,756.0,1028.0,1531.0,2065.0,2295.0,2867.0,3083.0
12121,FL,Suwannee County ,44417,898.0333333333333,77.0,342.0,917.0,1286.0,981.0,953.0,923.0,981.0,1472.0,4608.0,2399.0,606.0,569.0,346.0,334.0,652.0,581.0,408.0,515.0,490.0,353.0,363.0,312.0,538.0,508.0,669.0,957.0,920.0,1356.0,1525.0
12123,FL,Taylor County ,21569,451.4,139.0,82.0,62.0,112.0,210.0,416.0,444.0,555.0,3184.0,1818.0,659.0,362.0,240.0,159.0,242.0,274.0,180.0,258.0,260.0,185.0,270.0,299.0,247.0,290.0,251.0,263.0,411.0,467.0,565.0,638.0
12125,FL,Union County ,15237,328.8666666666667,26.0,6.0,70.0,155.0,212.0,203.0,272.0,292.0,362.0,1303.0,417.0,351.0,505.0,792.0,688.0,519.0,425.0,245.0,306.0,323.0,221.0,242.0,146.0,93.0,114.0,183.0,281.0,381.0,353.0,380.0
12127,FL,Volusia County ,553284,5002.366666666667,639.0,1369.0,3210.0,5825.0,6447.0,9025.0,8652.0,6354.0,5668.0,4846.0,3344.0,2944.0,3142.0,2850.0,2780.0,2276.0,2053.0,2263.0,3018.0,3247.0,3931.0,4221.0,4446.0,4851.0,7818.0,7906.0,7791.0,8923.0,10174.0,10058.0
12129,FL,Wakulla County ,33739,483.76666666666665,0.0,13.0,53.0,183.0,251.0,757.0,1303.0,1134.0,620.0,641.0,512.0,402.0,378.0,390.0,510.0,387.0,238.0,210.0,324.0,398.0,288.0,297.0,474.0,619.0,488.0,642.0,590.0,666.0,839.0,906.0
12131,FL,Walton County ,74071,1110.3666666666666,123.0,156.0,268.0,520.0,1184.0,1722.0,1724.0,1563.0,1185.0,861.0,583.0,521.0,572.0,596.0,552.0,478.0,433.0,456.0,776.0,970.0,1068.0,1939.0,2913.0,1633.0,1539.0,1408.0,1760.0,1935.0,1660.0,2213.0
12133,FL,Washington County ,25473,441.3,98.0,53.0,50.0,99.0,177.0,626.0,1034.0,848.0,1752.0,1044.0,415.0,250.0,181.0,128.0,98.0,104.0,119.0,131.0,263.0,383.0,298.0,286.0,398.0,657.0,438.0,471.0,447.0,752.0,863.0,776.0
15001,HI,Hawaii County ,201513,375.6666666666667,1.0,13.0,20.0,27.0,53.0,73.0,48.0,3.0,60.0,110.0,218.0,669.0,1206.0,767.0,499.0,409.0,483.0,929.0,885.0,858.0,882.0,689.0,641.0,420.0,465.0,327.0,402.0,113.0,0.0,0.0
15003,HI,City and County of Honolulu,974563,3647.0666666666666,252.0,461.0,461.0,615.0,1093.0,1137.0,1304.0,3104.0,6531.0,9207.0,10301.0,10778.0,10033.0,6889.0,4858.0,4390.0,4532.0,3583.0,3240.0,2926.0,2453.0,3487.0,3932.0,3147.0,3840.0,3191.0,3077.0,590.0,0.0,0.0
15005,HI,Kalawao County ,86,0.0,0.0,0.0,0.0,0.0,0.0,0.0,0.0,0.0,0.0,0.0,0.0,0.0,0.0,0.0,0.0,0.0,0.0,0.0,0.0,0.0,0.0,0.0,0.0,0.0,0.0,0.0,0.0,0.0,0.0,0.0
15007,HI,Kauai County ,72293,24.4,4.0,17.0,62.0,43.0,27.0,5.0,2.0,22.0,5.0,32.0,22.0,10.0,5.0,0.0,0.0,5.0,9.0,0.0,1.0,7.0,23.0,35.0,49.0,79.0,134.0,72.0,46.0,16.0,0.0,0.0
15009,HI,Maui County ,167417,156.46666666666667,4.0,5.0,9.0,24.0,36.0,31.0,49.0,154.0,111.0,151.0,430.0,380.0,196.0,140.0,109.0,43.0,32.0,35.0,83.0,259.0,492.0,158.0,158.0,187.0,348.0,388.0,538.0,144.0,0.0,0.0
21001,KY,Adair County ,19202,258.2,21.0,18.0,43.0,90.0,86.0,137.0,140.0,143.0,47.0,118.0,142.0,108.0,111.0,71.0,67.0,111.0,117.0,259.0,428.0,320.0,301.0,147.0,246.0,595.0,472.0,464.0,768.0,1355.0,605.0,216.0
21003,KY,Allen County ,21315,246.2,169.0,130.0,132.0,65.0,101.0,87.0,70.0,62.0,52.0,64.0,51.0,65.0,65.0,105.0,184.0,168.0,349.0,346.0,239.0,372.0,315.0,212.0,195.0,235.0,354.0,479.0,656.0,720.0,663.0,681.0
21005,KY,Anderson County ,22747,221.9,20.0,6.0,1.0,10.0,18.0,26.0,62.0,154.0,110.0,56.0,67.0,95.0,54.0,57.0,75.0,102.0,130.0,118.0,157.0,170.0,205.0,226.0,366.0,464.0,464.0,538.0,747.0,740.0,746.0,673.0
21007,KY,Ballard County ,7888,51.96666666666667,8.0,4.0,0.0,0.0,13.0,48.0,27.0,19.0,23.0,26.0,13.0,20.0,20.0,12.0,32.0,30.0,22.0,14.0,21.0,46.0,44.0,122.0,101.0,98.0,110.0,193.0,174.0,119.0,101.0,99.0
21009,KY,Barren County ,44249,581.7333333333333,66.0,59.0,76.0,68.0,151.0,252.0,502.0,569.0,372.0,337.0,384.0,205.0,226.0,248.0,446.0,699.0,588.0,280.0,457.0,992.0,1481.0,1269.0,1018.0,1187.0,1007.0,1303.0,1075.0,733.0,792.0,610.0
21011,KY,Bath County ,12500,116.13333333333334,3.0,4.0,11.0,31.0,20.0,25.0,19.0,48.0,30.0,25.0,51.0,68.0,73.0,13.0,45.0,70.0,33.0,22.0,40.0,72.0,150.0,141.0,222.0,228.0,273.0,395.0,450.0,266.0,442.0,214.0
21013,KY,Bell County ,26032,419.8666666666667,11.0,7.0,17.0,26.0,387.0,467.0,429.0,451.0,272.0,225.0,207.0,164.0,220.0,179.0,157.0,172.0,201.0,199.0,278.0,422.0,593.0,994.0,1122.0,602.0,619.0,764.0,963.0,944.0,704.0,800.0
21015,KY,Boone County ,133581,1651.0333333333333,269.0,159.0,201.0,152.0,549.0,692.0,713.0,612.0,652.0,443.0,444.0,450.0,493.0,418.0,524.0,574.0,577.0,700.0,858.0,1098.0,1585.0,2044.0,3466.0,4397.0,4880.0,5073.0,5251.0,4912.0,4077.0,3268.0
21017,KY,Bourbon County ,19788,213.06666666666666,62.0,35.0,16.0,30.0,38.0,84.0,67.0,49.0,56.0,106.0,80.0,47.0,103.0,105.0,149.0,159.0,160.0,161.0,221.0,243.0,204.0,226.0,376.0,400.0,355.0,484.0,607.0,516.0,550.0,703.0
21019,KY,Boyd County ,46718,696.4666666666667,3.0,28.0,72.0,63.0,79.0,218.0,173.0,201.0,163.0,91.0,83.0,121.0,259.0,387.0,385.0,340.0,405.0,352.0,261.0,372.0,581.0,779.0,1032.0,1798.0,2845.0,2040.0,3097.0,2167.0,1009.0,1490.0
21021,KY,Boyle County ,30060,503.8666666666667,11.0,15.0,44.0,16.0,30.0,66.0,195.0,295.0,168.0,110.0,125.0,115.0,130.0,88.0,114.0,188.0,174.0,215.0,344.0,324.0,316.0,380.0,670.0,929.0,994.0,1517.0,1907.0,1662.0,1462.0,2512.0
21023,KY,Bracken County ,8303,61.766666666666666,4.0,6.0,14.0,1.0,6.0,25.0,25.0,23.0,16.0,29.0,16.0,0.0,0.0,0.0,13.0,8.0,9.0,5.0,35.0,102.0,76.0,43.0,120.0,135.0,160.0,264.0,224.0,222.0,177.0,95.0
21025,KY,Breathitt County ,12630,141.0,0.0,7.0,17.0,14.0,32.0,18.0,19.0,34.0,33.0,29.0,28.0,115.0,28.0,46.0,110.0,43.0,52.0,47.0,47.0,74.0,174.0,217.0,249.0,468.0,396.0,378.0,369.0,386.0,351.0,449.0
21027,KY,Breckinridge County ,20477,148.8,19.0,19.0,5.0,3.0,29.0,33.0,41.0,55.0,89.0,137.0,72.0,24.0,56.0,53.0,83.0,71.0,69.0,63.0,102.0,138.0,141.0,434.0,392.0,487.0,248.0,202.0,315.0,352.0,404.0,328.0
21029,KY,Bullitt County ,81676,939.6,56.0,85.0,59.0,31.0,107.0,135.0,316.0,405.0,352.0,518.0,614.0,577.0,480.0,396.0,504.0,494.0,501.0,619.0,914.0,1101.0,1475.0,1802.0,1976.0,2394.0,2206.0,2553.0,2544.0,1919.0,1380.0,1675.0
21031,KY,Butler County ,12879,130.1,42.0,33.0,19.0,57.0,40.0,67.0,84.0,38.0,22.0,52.0,60.0,47.0,55.0,23.0,30.0,44.0,38.0,121.0,129.0,123.0,199.0,188.0,138.0,146.0,353.0,417.0,402.0,335.0,274.0,327.0
21033,KY,Caldwell County ,12747,201.5,0.0,1.0,6.0,12.0,78.0,81.0,28.0,25.0,35.0,29.0,45.0,55.0,120.0,77.0,196.0,172.0,121.0,119.0,261.0,174.0,245.0,472.0,359.0,433.0,525.0,692.0,886.0,444.0,189.0,165.0
21035,KY,Calloway County ,39001,537.6333333333333,21.0,44.0,82.0,64.0,127.0,143.0,141.0,182.0,327.0,372.0,345.0,449.0,350.0,249.0,300.0,355.0,456.0,602.0,728.0,527.0,884.0,774.0,906.0,1378.0,1395.0,1326.0,1109.0,755.0,810.0,928.0
21037,KY,Campbell County ,93584,1014.5,70.0,102.0,166.0,168.0,325.0,329.0,528.0,397.0,436.0,321.0,293.0,215.0,353.0,270.0,333.0,341.0,313.0,367.0,572.0,674.0,1352.0,1792.0,2327.0,2756.0,2653.0,2845.0,2932.0,2650.0,2602.0,1953.0
21039,KY,Carlisle County ,4760,75.6,0.0,0.0,0.0,0.0,26.0,29.0,20.0,35.0,114.0,70.0,43.0,35.0,23.0,24.0,43.0,44.0,33.0,29.0,46.0,56.0,35.0,100.0,117.0,209.0,184.0,144.0,195.0,171.0,184.0,259.0
21041,KY,Carroll County ,10631,119.8,11.0,58.0,57.0,46.0,209.0,214.0,216.0,51.0,87.0,104.0,73.0,90.0,28.0,14.0,5.0,14.0,33.0,18.0,23.0,49.0,96.0,93.0,115.0,200.0,301.0,252.0,354.0,441.0,154.0,188.0
21043,KY,Carter County ,26797,317.5,21.0,19.0,11.0,32.0,56.0,142.0,150.0,99.0,66.0,28.0,30.0,31.0,89.0,84.0,101.0,138.0,232.0,264.0,250.0,257.0,352.0,384.0,449.0,625.0,869.0,859.0,791.0,1248.0,1140.0,708.0
21045,KY,Casey County ,16159,191.66666666666666,23.0,15.0,20.0,40.0,104.0,276.0,346.0,146.0,141.0,271.0,111.0,124.0,109.0,71.0,19.0,32.0,50.0,46.0,31.0,139.0,84.0,113.0,196.0,478.0,371.0,329.0,571.0,763.0,527.0,204.0
21047,KY,Christian County ,70461,971.5666666666667,112.0,43.0,254.0,174.0,353.0,514.0,394.0,495.0,236.0,257.0,656.0,1242.0,587.0,471.0,786.0,1223.0,907.0,961.0,960.0,929.0,1125.0,1316.0,1503.0,1806.0,1677.0,2110.0,1776.0,1867.0,2181.0,2232.0
21049,KY,Clark County ,36263,327.0,104.0,105.0,99.0,27.0,54.0,85.0,41.0,131.0,142.0,76.0,239.0,194.0,173.0,121.0,113.0,95.0,208.0,305.0,264.0,383.0,491.0,374.0,481.0,549.0,888.0,959.0,1062.0,797.0,732.0,518.0
21051,KY,Clay County ,19901,376.8,30.0,98.0,124.0,138.0,110.0,146.0,180.0,99.0,54.0,172.0,148.0,58.0,149.0,95.0,258.0,259.0,175.0,150.0,326.0,442.0,778.0,664.0,617.0,738.0,683.0,952.0,719.0,682.0,1163.0,1097.0
21053,KY,Clinton County ,10218,193.66666666666666,3.0,0.0,0.0,0.0,8.0,22.0,36.0,44.0,53.0,79.0,97.0,87.0,40.0,97.0,108.0,83.0,114.0,144.0,194.0,252.0,207.0,129.0,194.0,358.0,241.0,351.0,493.0,1008.0,785.0,583.0
21055,KY,Crittenden County ,8806,78.93333333333334,1.0,0.0,6.0,7.0,11.0,34.0,45.0,18.0,26.0,31.0,23.0,60.0,181.0,147.0,155.0,50.0,10.0,41.0,85.0,124.0,81.0,72.0,94.0,139.0,159.0,153.0,212.0,176.0,107.0,120.0
21057,KY,Cumberland County ,6614,91.7,0.0,1.0,6.0,0.0,1.0,22.0,83.0,85.0,85.0,116.0,63.0,85.0,44.0,8.0,31.0,37.0,31.0,39.0,34.0,93.0,124.0,85.0,94.0,189.0,89.0,167.0,269.0,480.0,211.0,179.0
21059,KY,Daviess County ,101511,1272.8,96.0,164.0,292.0,211.0,273.0,419.0,456.0,529.0,421.0,397.0,388.0,492.0,632.0,556.0,833.0,845.0,845.0,1232.0,821.0,844.0,1127.0,1470.0,2130.0,2533.0,2538.0,4127.0,3731.0,3611.0,3237.0,2934.0
21061,KY,Edmonson County ,12150,112.2,41.0,47.0,26.0,11.0,1.0,42.0,29.0,27.0,69.0,89.0,25.0,8.0,12.0,17.0,47.0,39.0,39.0,55.0,67.0,120.0,103.0,91.0,191.0,532.0,345.0,319.0,401.0,238.0,152.0,183.0
21063,KY,Elliott County ,7517,185.06666666666666,0.0,7.0,5.0,2.0,0.0,17.0,11.0,0.0,13.0,32.0,27.0,29.0,50.0,21.0,9.0,36.0,30.0,56.0,76.0,516.0,1404.0,196.0,616.0,585.0,334.0,503.0,330.0,249.0,115.0,283.0
21065,KY,Estill County ,14106,156.8,10.0,12.0,0.0,0.0,7.0,14.0,12.0,17.0,48.0,58.0,9.0,33.0,152.0,80.0,229.0,328.0,214.0,239.0,179.0,142.0,230.0,223.0,235.0,286.0,338.0,339.0,323.0,342.0,326.0,279.0
21067,KY,Fayette County ,323152,5226.933333333333,1106.0,1018.0,1152.0,1346.0,1782.0,1987.0,1726.0,2460.0,2420.0,2321.0,1992.0,2765.0,2923.0,2679.0,2929.0,4430.0,5600.0,13515.0,7108.0,4197.0,4735.0,7724.0,8970.0,10693.0,11725.0,12816.0,12109.0,9256.0,6499.0,6825.0
21069,KY,Fleming County ,14581,166.46666666666667,6.0,49.0,34.0,40.0,40.0,58.0,53.0,54.0,55.0,32.0,15.0,18.0,38.0,14.0,21.0,40.0,17.0,44.0,124.0,322.0,243.0,181.0,134.0,241.0,424.0,364.0,613.0,676.0,431.0,613.0
21071,KY,Floyd County ,35589,422.6333333333333,5.0,39.0,22.0,28.0,55.0,70.0,127.0,81.0,87.0,131.0,123.0,102.0,66.0,61.0,56.0,72.0,136.0,157.0,248.0,417.0,730.0,1116.0,1280.0,1419.0,1297.0,1231.0,977.0,985.0,624.0,937.0
21073,KY,Franklin County ,50991,484.3333333333333,174.0,114.0,115.0,119.0,116.0,124.0,186.0,255.0,299.0,405.0,451.0,344.0,305.0,305.0,326.0,285.0,424.0,419.0,205.0,296.0,449.0,503.0,729.0,880.0,1144.0,1208.0,1458.0,1167.0,913.0,812.0
21075,KY,Fulton County ,5969,82.8,22.0,11.0,32.0,37.0,14.0,31.0,48.0,86.0,156.0,147.0,94.0,59.0,58.0,39.0,50.0,55.0,137.0,149.0,172.0,117.0,75.0,47.0,102.0,82.0,132.0,135.0,116.0,84.0,87.0,110.0
21077,KY,Gallatin County ,8869,89.26666666666667,52.0,37.0,13.0,35.0,19.0,25.0,36.0,16.0,11.0,16.0,26.0,36.0,12.0,5.0,23.0,14.0,10.0,22.0,58.0,71.0,50.0,59.0,119.0,153.0,235.0,438.0,530.0,368.0,75.0,114.0
21079,KY,Garrard County ,17666,219.76666666666668,20.0,44.0,22.0,50.0,66.0,58.0,57.0,103.0,51.0,93.0,77.0,107.0,118.0,35.0,66.0,67.0,124.0,185.0,192.0,365.0,470.0,235.0,220.0,448.0,590.0,719.0,698.0,542.0,397.0,374.0
21081,KY,Grant County ,25069,279.46666666666664,44.0,9.0,19.0,17.0,29.0,69.0,64.0,72.0,124.0,114.0,32.0,22.0,34.0,40.0,45.0,63.0,102.0,153.0,104.0,114.0,310.0,346.0,616.0,699.0,655.0,1077.0,1185.0,858.0,803.0,565.0
21083,KY,Graves County ,37266,582.0,19.0,75.0,79.0,149.0,338.0,614.0,420.0,458.0,435.0,253.0,193.0,209.0,198.0,140.0,163.0,178.0,195.0,337.0,225.0,178.0,331.0,778.0,1292.0,1779.0,1774.0,1774.0,1265.0,1038.0,1202.0,1371.0
21085,KY,Grayson County ,26427,271.8,35.0,9.0,0.0,13.0,31.0,73.0,71.0,56.0,135.0,150.0,123.0,121.0,202.0,308.0,266.0,203.0,147.0,82.0,163.0,264.0,320.0,545.0,674.0,669.0,677.0,621.0,595.0,582.0,492.0,527.0
21087,KY,Green County ,10941,175.13333333333333,3.0,7.0,7.0,5.0,23.0,35.0,63.0,36.0,31.0,114.0,196.0,351.0,397.0,256.0,159.0,132.0,106.0,68.0,116.0,138.0,115.0,119.0,171.0,363.0,322.0,288.0,324.0,618.0,479.0,212.0
21089,KY,Greenup County ,35098,531.9,4.0,13.0,60.0,38.0,71.0,48.0,103.0,127.0,152.0,166.0,224.0,192.0,346.0,395.0,315.0,364.0,353.0,297.0,369.0,367.0,446.0,601.0,881.0,1163.0,1821.0,1817.0,1544.0,1221.0,1088.0,1371.0
21091,KY,Hancock County ,8722,103.53333333333333,6.0,19.0,34.0,20.0,32.0,72.0,35.0,37.0,40.0,16.0,24.0,8.0,38.0,29.0,37.0,54.0,73.0,79.0,72.0,99.0,206.0,158.0,255.0,326.0,245.0,195.0,220.0,171.0,200.0,306.0
21093,KY,Hardin County ,110958,1366.4333333333334,106.0,45.0,35.0,195.0,472.0,541.0,658.0,596.0,539.0,919.0,698.0,594.0,525.0,546.0,891.0,715.0,709.0,747.0,1055.0,1366.0,2261.0,2443.0,3041.0,4119.0,3398.0,3642.0,2941.0,2983.0,1686.0,2527.0
21095,KY,Harlan County ,26010,362.1666666666667,34.0,44.0,26.0,45.0,61.0,170.0,475.0,401.0,254.0,169.0,130.0,117.0,246.0,138.0,173.0,131.0,483.0,431.0,234.0,220.0,232.0,389.0,419.0,393.0,587.0,704.0,1074.0,1418.0,793.0,874.0
21097,KY,Harrison County ,18886,168.56666666666666,41.0,110.0,128.0,49.0,57.0,38.0,127.0,61.0,41.0,27.0,88.0,81.0,70.0,38.0,31.0,44.0,75.0,118.0,201.0,172.0,146.0,163.0,188.0,400.0,464.0,408.0,405.0,475.0,397.0,414.0
21099,KY,Hart County ,19035,280.8333333333333,26.0,34.0,40.0,21.0,38.0,40.0,73.0,75.0,113.0,120.0,60.0,55.0,97.0,111.0,52.0,67.0,88.0,126.0,287.0,600.0,801.0,637.0,466.0,406.0,476.0,1178.0,1212.0,489.0,385.0,252.0
21101,KY,Henderson County ,45210,661.0666666666667,53.0,120.0,89.0,52.0,156.0,265.0,264.0,329.0,204.0,194.0,220.0,154.0,297.0,520.0,555.0,638.0,890.0,1213.0,987.0,736.0,676.0,924.0,1137.0,1120.0,1197.0,1629.0,1482.0,1154.0,1311.0,1266.0
21103,KY,Henry County ,16126,185.33333333333334,14.0,20.0,28.0,24.0,43.0,70.0,112.0,122.0,176.0,166.0,117.0,60.0,35.0,56.0,54.0,71.0,78.0,65.0,94.0,182.0,311.0,282.0,315.0,345.0,337.0,448.0,586.0,558.0,400.0,391.0
21105,KY,Hickman County ,4380,51.0,0.0,0.0,0.0,0.0,14.0,21.0,40.0,68.0,98.0,111.0,52.0,20.0,21.0,17.0,15.0,20.0,21.0,54.0,58.0,80.0,100.0,2.0,28.0,74.0,90.0,187.0,159.0,101.0,67.0,12.0
21107,KY,Hopkins County ,44686,562.8,15.0,36.0,88.0,113.0,215.0,269.0,244.0,185.0,174.0,126.0,196.0,256.0,198.0,184.0,235.0,228.0,269.0,678.0,802.0,707.0,687.0,928.0,1172.0,1261.0,1389.0,1400.0,1273.0,1368.0,1093.0,1095.0
21109,KY,Jackson County ,13329,183.8,7.0,116.0,130.0,96.0,32.0,16.0,40.0,86.0,73.0,47.0,88.0,248.0,438.0,317.0,195.0,153.0,124.0,121.0,118.0,152.0,308.0,366.0,215.0,288.0,268.0,267.0,270.0,330.0,289.0,316.0
21111,KY,Jefferson County ,766757,11270.0,3287.0,1709.0,1692.0,1718.0,2866.0,3075.0,6180.0,7156.0,6630.0,8554.0,8313.0,7797.0,8411.0,6302.0,5902.0,6271.0,7846.0,8357.0,9010.0,12907.0,16882.0,16222.0,19885.0,23641.0,26175.0,27808.0,26300.0,22375.0,17663.0,17166.0
21113,KY,Jessamine County ,54115,592.8,67.0,89.0,72.0,46.0,125.0,233.0,326.0,389.0,440.0,256.0,255.0,259.0,266.0,302.0,298.0,211.0,339.0,470.0,636.0,737.0,756.0,746.0,1021.0,1419.0,1450.0,1822.0,1713.0,1373.0,787.0,881.0
21115,KY,Johnson County ,22188,261.4,2.0,16.0,10.0,3.0,7.0,16.0,40.0,92.0,93.0,185.0,173.0,94.0,118.0,37.0,61.0,62.0,86.0,138.0,228.0,415.0,480.0,744.0,583.0,705.0,609.0,766.0,780.0,507.0,461.0,331.0
21117,KY,Kenton County ,166998,1902.0333333333333,265.0,156.0,371.0,320.0,385.0,650.0,1206.0,928.0,796.0,690.0,761.0,703.0,628.0,517.0,490.0,555.0,634.0,719.0,858.0,1215.0,2329.0,3054.0,3658.0,4461.0,4758.0,5249.0,5708.0,5349.0,5189.0,4459.0
21119,KY,Knott County ,14806,171.46666666666667,0.0,0.0,13.0,24.0,34.0,64.0,40.0,45.0,101.0,134.0,101.0,32.0,29.0,47.0,183.0,414.0,259.0,178.0,212.0,254.0,322.0,242.0,327.0,330.0,401.0,277.0,323.0,279.0,261.0,218.0
21121,KY,Knox County ,31145,412.26666666666665,4.0,13.0,121.0,283.0,128.0,203.0,232.0,251.0,263.0,229.0,277.0,284.0,225.0,145.0,265.0,296.0,338.0,461.0,776.0,565.0,712.0,527.0,365.0,550.0,593.0,676.0,1010.0,816.0,722.0,1038.0
21123,KY,LaRue County ,14398,189.36666666666667,13.0,0.0,12.0,16.0,19.0,42.0,72.0,79.0,52.0,62.0,80.0,51.0,69.0,66.0,65.0,47.0,142.0,160.0,284.0,230.0,426.0,373.0,391.0,486.0,479.0,436.0,528.0,405.0,354.0,242.0
21125,KY,Laurel County ,60813,845.5666666666667,24.0,154.0,169.0,295.0,362.0,375.0,498.0,446.0,383.0,391.0,256.0,288.0,405.0,434.0,503.0,662.0,969.0,868.0,712.0,913.0,1127.0,1524.0,1427.0,1718.0,1261.0,2034.0,1730.0,1771.0,1753.0,1915.0
21127,KY,Lawrence County ,15317,177.56666666666666,5.0,0.0,4.0,19.0,18.0,19.0,58.0,67.0,27.0,12.0,15.0,18.0,27.0,26.0,20.0,25.0,23.0,118.0,215.0,189.0,186.0,165.0,389.0,511.0,403.0,544.0,569.0,419.0,423.0,813.0
21129,KY,Lee County ,7403,243.33333333333334,0.0,0.0,0.0,0.0,0.0,1.0,13.0,1.0,11.0,3.0,19.0,28.0,4.0,9.0,15.0,8.0,4.0,3.0,80.0,297.0,649.0,211.0,1282.0,2196.0,1401.0,459.0,209.0,148.0,117.0,132.0
21131,KY,Leslie County ,9877,109.13333333333334,0.0,5.0,9.0,7.0,12.0,11.0,34.0,43.0,34.0,32.0,32.0,14.0,13.0,11.0,57.0,122.0,97.0,125.0,69.0,90.0,75.0,139.0,65.0,158.0,437.0,448.0,354.0,246.0,309.0,226.0
21133,KY,Letcher County ,21553,244.56666666666666,0.0,20.0,49.0,8.0,28.0,28.0,50.0,103.0,81.0,49.0,25.0,20.0,51.0,60.0,150.0,189.0,290.0,360.0,273.0,187.0,128.0,212.0,310.0,356.0,436.0,394.0,694.0,953.0,1054.0,779.0
21135,KY,Lewis County ,13275,179.66666666666666,16.0,43.0,18.0,28.0,0.0,16.0,20.0,29.0,47.0,175.0,231.0,311.0,278.0,152.0,86.0,44.0,31.0,114.0,100.0,105.0,233.0,374.0,292.0,242.0,240.0,538.0,541.0,268.0,407.0,411.0
21137,KY,Lincoln County ,24549,335.43333333333334,32.0,14.0,48.0,40.0,111.0,145.0,88.0,102.0,59.0,108.0,70.0,55.0,60.0,75.0,138.0,92.0,182.0,202.0,155.0,239.0,312.0,324.0,317.0,609.0,760.0,1194.0,1482.0,1239.0,1005.0,806.0
21139,KY,Livingston County ,9194,112.76666666666667,0.0,0.0,4.0,10.0,25.0,65.0,44.0,20.0,8.0,17.0,17.0,42.0,65.0,87.0,82.0,56.0,32.0,50.0,92.0,80.0,58.0,163.0,252.0,290.0,284.0,361.0,437.0,298.0,287.0,157.0
21141,KY,Logan County ,27102,359.46666666666664,159.0,133.0,54.0,95.0,136.0,122.0,153.0,103.0,135.0,207.0,159.0,232.0,254.0,208.0,384.0,141.0,191.0,260.0,369.0,439.0,564.0,450.0,492.0,810.0,916.0,653.0,704.0,907.0,738.0,616.0
21143,KY,Lyon County ,8210,71.9,10.0,0.0,7.0,14.0,9.0,21.0,10.0,22.0,18.0,4.0,6.0,14.0,45.0,44.0,96.0,49.0,64.0,43.0,55.0,73.0,77.0,108.0,125.0,149.0,167.0,155.0,192.0,189.0,248.0,143.0
21145,KY,McCracken County ,65418,974.6333333333333,66.0,112.0,152.0,116.0,131.0,236.0,363.0,290.0,277.0,232.0,326.0,324.0,387.0,335.0,508.0,369.0,414.0,428.0,646.0,706.0,1192.0,1692.0,2125.0,2550.0,3198.0,3893.0,3214.0,2142.0,1408.0,1407.0
21147,KY,McCreary County ,17231,252.03333333333333,0.0,1.0,21.0,13.0,0.0,5.0,25.0,57.0,50.0,64.0,70.0,137.0,206.0,117.0,88.0,115.0,252.0,189.0,104.0,129.0,107.0,117.0,106.0,230.0,340.0,480.0,757.0,1676.0,1489.0,616.0
21149,KY,McLean County ,9207,123.5,5.0,7.0,2.0,7.0,14.0,31.0,32.0,14.0,21.0,15.0,26.0,34.0,46.0,30.0,37.0,47.0,60.0,87.0,146.0,297.0,359.0,203.0,325.0,340.0,249.0,297.0,292.0,276.0,206.0,200.0
21151,KY,Madison County ,92987,1324.2,102.0,105.0,136.0,134.0,301.0,446.0,414.0,426.0,672.0,1030.0,837.0,1241.0,1804.0,1170.0,1358.0,1313.0,995.0,894.0,949.0,927.0,1052.0,1184.0,1625.0,2896.0,3580.0,3269.0,3478.0,3291.0,2490.0,1607.0
21153,KY,Magoffin County ,12161,163.33333333333334,6.0,11.0,4.0,4.0,9.0,1.0,22.0,47.0,112.0,87.0,80.0,47.0,34.0,27.0,48.0,19.0,94.0,81.0,102.0,187.0,219.0,387.0,341.0,451.0,666.0,695.0,508.0,390.0,142.0,79.0
21155,KY,Marion County ,19273,347.3,74.0,40.0,30.0,22.0,57.0,96.0,89.0,84.0,128.0,69.0,170.0,136.0,64.0,120.0,114.0,58.0,119.0,148.0,358.0,526.0,745.0,590.0,611.0,982.0,839.0,1289.0,1164.0,840.0,515.0,342.0
21157,KY,Marshall County ,31100,356.4,15.0,61.0,38.0,40.0,56.0,107.0,133.0,111.0,103.0,93.0,151.0,116.0,109.0,189.0,178.0,270.0,242.0,239.0,275.0,293.0,423.0,529.0,587.0,947.0,715.0,1073.0,795.0,783.0,911.0,1110.0
21159,KY,Martin County ,11195,152.93333333333334,0.0,1.0,12.0,15.0,25.0,15.0,56.0,55.0,36.0,35.0,44.0,48.0,34.0,25.0,70.0,40.0,38.0,84.0,123.0,316.0,384.0,293.0,317.0,349.0,335.0,464.0,467.0,365.0,323.0,219.0
21161,KY,Mason County ,17070,212.23333333333332,30.0,29.0,58.0,31.0,48.0,14.0,32.0,32.0,25.0,13.0,79.0,110.0,136.0,77.0,25.0,42.0,35.0,55.0,68.0,110.0,130.0,214.0,322.0,393.0,506.0,925.0,1171.0,717.0,379.0,561.0
21163,KY,Meade County ,28572,260.73333333333335,5.0,5.0,6.0,15.0,27.0,65.0,123.0,142.0,96.0,55.0,78.0,80.0,59.0,105.0,216.0,204.0,181.0,205.0,256.0,354.0,361.0,332.0,411.0,539.0,439.0,564.0,945.0,785.0,652.0,517.0
21165,KY,Menifee County ,6489,48.46666666666667,0.0,0.0,12.0,8.0,3.0,23.0,26.0,44.0,10.0,0.0,0.0,19.0,25.0,23.0,27.0,21.0,72.0,80.0,56.0,25.0,68.0,82.0,34.0,43.0,85.0,97.0,51.0,107.0,211.0,202.0
21167,KY,Mercer County ,21933,319.56666666666666,9.0,7.0,21.0,28.0,28.0,26.0,27.0,135.0,176.0,52.0,84.0,58.0,146.0,167.0,193.0,238.0,301.0,150.0,172.0,212.0,278.0,330.0,356.0,618.0,727.0,761.0,931.0,1347.0,1139.0,870.0
21169,KY,Metcalfe County ,10071,138.56666666666666,2.0,7.0,5.0,11.0,30.0,20.0,25.0,139.0,106.0,49.0,73.0,46.0,29.0,48.0,80.0,57.0,79.0,92.0,121.0,172.0,184.0,237.0,387.0,286.0,282.0,320.0,462.0,386.0,203.0,219.0
21171,KY,Monroe County ,10650,215.3,31.0,30.0,16.0,25.0,48.0,73.0,102.0,111.0,43.0,48.0,73.0,125.0,207.0,148.0,120.0,60.0,74.0,75.0,114.0,141.0,378.0,670.0,905.0,645.0,361.0,397.0,457.0,395.0,297.0,290.0
21173,KY,Montgomery County ,28157,317.8,44.0,55.0,36.0,52.0,60.0,116.0,98.0,91.0,82.0,91.0,215.0,136.0,157.0,82.0,103.0,273.0,174.0,191.0,258.0,341.0,793.0,788.0,488.0,481.0,727.0,870.0,964.0,693.0,504.0,571.0
21175,KY,Morgan County ,13309,122.4,16.0,15.0,6.0,5.0,25.0,57.0,34.0,22.0,13.0,16.0,40.0,30.0,46.0,8.0,8.0,24.0,68.0,152.0,92.0,85.0,191.0,183.0,221.0,351.0,417.0,321.0,324.0,356.0,304.0,242.0
21177,KY,Muhlenberg County ,30622,339.8666666666667,9.0,34.0,54.0,83.0,165.0,198.0,205.0,136.0,91.0,84.0,81.0,78.0,79.0,136.0,253.0,269.0,212.0,265.0,418.0,363.0,288.0,269.0,506.0,865.0,908.0,734.0,881.0,846.0,764.0,922.0
21179,KY,Nelson County ,46233,659.7,22.0,25.0,99.0,89.0,179.0,188.0,226.0,142.0,158.0,234.0,359.0,239.0,310.0,371.0,277.0,212.0,202.0,319.0,502.0,937.0,1503.0,1543.0,2090.0,2046.0,1679.0,1479.0,1242.0,1172.0,783.0,1164.0
21181,KY,Nicholas County ,7269,60.53333333333333,4.0,3.0,4.0,10.0,31.0,18.0,32.0,14.0,0.0,2.0,7.0,5.0,22.0,21.0,6.0,15.0,60.0,139.0,152.0,139.0,103.0,76.0,59.0,91.0,125.0,96.0,114.0,154.0,143.0,171.0
21183,KY,Ohio County ,23994,310.6666666666667,62.0,69.0,54.0,76.0,141.0,329.0,389.0,184.0,84.0,95.0,48.0,83.0,68.0,94.0,151.0,157.0,147.0,226.0,308.0,242.0,257.0,255.0,515.0,609.0,702.0,1135.0,1193.0,642.0,483.0,522.0
21185,KY,Oldham County ,66799,862.5666666666667,51.0,18.0,72.0,62.0,171.0,502.0,1454.0,627.0,512.0,329.0,436.0,543.0,455.0,402.0,731.0,566.0,438.0,450.0,455.0,617.0,614.0,760.0,841.0,1754.0,2600.0,2466.0,2248.0,1862.0,1625.0,2216.0
21187,KY,Owen County ,10901,99.03333333333333,6.0,6.0,8.0,4.0,22.0,38.0,73.0,89.0,47.0,96.0,81.0,53.0,38.0,25.0,22.0,50.0,33.0,17.0,32.0,47.0,62.0,57.0,92.0,137.0,126.0,268.0,480.0,292.0,421.0,249.0
21189,KY,Owsley County ,4415,71.46666666666667,0.0,0.0,0.0,4.0,3.0,1.0,12.0,27.0,19.0,17.0,51.0,54.0,43.0,7.0,2.0,7.0,43.0,45.0,67.0,130.0,135.0,58.0,66.0,314.0,356.0,236.0,100.0,71.0,156.0,120.0
21191,KY,Pendleton County ,14590,139.4,13.0,0.0,7.0,19.0,25.0,22.0,32.0,32.0,53.0,47.0,46.0,54.0,25.0,63.0,102.0,45.0,30.0,19.0,37.0,47.0,123.0,146.0,313.0,455.0,584.0,495.0,509.0,364.0,262.0,213.0
21193,KY,Perry County ,25758,359.1,7.0,59.0,154.0,49.0,115.0,225.0,235.0,209.0,241.0,271.0,126.0,108.0,89.0,59.0,144.0,71.0,86.0,125.0,299.0,502.0,506.0,514.0,689.0,731.0,670.0,1118.0,1285.0,983.0,500.0,603.0
21195,KY,Pike County ,57876,678.8333333333334,54.0,109.0,94.0,149.0,163.0,141.0,284.0,235.0,183.0,158.0,199.0,125.0,165.0,206.0,150.0,237.0,444.0,500.0,718.0,767.0,1340.0,1243.0,1606.0,1301.0,1411.0,1559.0,1492.0,1662.0,1805.0,1865.0
21197,KY,Powell County ,12359,161.46666666666667,14.0,14.0,3.0,12.0,12.0,63.0,97.0,69.0,67.0,95.0,36.0,21.0,45.0,38.0,32.0,25.0,56.0,121.0,76.0,51.0,96.0,250.0,363.0,886.0,753.0,320.0,394.0,307.0,311.0,217.0
21199,KY,Pulaski County ,64979,847.1,45.0,41.0,74.0,89.0,137.0,139.0,221.0,360.0,361.0,548.0,459.0,464.0,718.0,511.0,391.0,384.0,323.0,293.0,480.0,304.0,253.0,372.0,647.0,1245.0,1253.0,1606.0,3511.0,5075.0,3163.0,1946.0
21201,KY,Robertson County ,2108,32.3,0.0,0.0,0.0,5.0,2.0,3.0,4.0,5.0,2.0,0.0,0.0,10.0,25.0,18.0,10.0,0.0,0.0,6.0,1.0,29.0,110.0,75.0,62.0,88.0,81.0,102.0,109.0,73.0,65.0,84.0
21203,KY,Rockcastle County ,16695,195.3,3.0,15.0,18.0,18.0,66.0,44.0,55.0,74.0,66.0,101.0,160.0,79.0,120.0,116.0,73.0,73.0,96.0,223.0,295.0,347.0,387.0,256.0,214.0,196.0,245.0,531.0,680.0,502.0,322.0,484.0
21205,KY,Rowan County ,24460,283.43333333333334,29.0,31.0,23.0,23.0,21.0,78.0,85.0,113.0,29.0,97.0,40.0,279.0,330.0,77.0,78.0,114.0,251.0,208.0,192.0,139.0,271.0,471.0,643.0,727.0,621.0,1101.0,710.0,545.0,519.0,658.0
21207,KY,Russell County ,17923,250.13333333333333,56.0,21.0,8.0,47.0,86.0,84.0,73.0,83.0,72.0,176.0,131.0,119.0,192.0,148.0,154.0,80.0,92.0,154.0,252.0,329.0,224.0,116.0,179.0,403.0,376.0,321.0,774.0,1524.0,894.0,336.0
21209,KY,Scott County ,57004,567.1333333333333,23.0,105.0,162.0,112.0,148.0,181.0,488.0,594.0,434.0,366.0,488.0,455.0,451.0,338.0,339.0,238.0,428.0,572.0,577.0,617.0,804.0,638.0,683.0,963.0,1091.0,1266.0,1448.0,1256.0,911.0,838.0
21211,KY,Shelby County ,49024,655.8666666666667,343.0,507.0,498.0,244.0,868.0,291.0,376.0,306.0,371.0,400.0,350.0,264.0,279.0,272.0,329.0,260.0,292.0,446.0,560.0,845.0,1132.0,693.0,1115.0,1298.0,1351.0,1267.0,1306.0,1226.0,1188.0,999.0
21213,KY,Simpson County ,18572,264.1666666666667,21.0,26.0,60.0,64.0,36.0,79.0,147.0,115.0,92.0,92.0,165.0,131.0,161.0,131.0,110.0,92.0,92.0,71.0,81.0,159.0,234.0,271.0,409.0,386.0,742.0,969.0,1074.0,808.0,575.0,532.0
21215,KY,Spencer County ,19351,225.2,11.0,15.0,39.0,29.0,41.0,89.0,85.0,142.0,157.0,150.0,103.0,114.0,51.0,76.0,76.0,85.0,102.0,99.0,126.0,183.0,306.0,330.0,501.0,594.0,538.0,526.0,722.0,813.0,364.0,289.0
21217,KY,Taylor County ,25769,399.43333333333334,19.0,59.0,80.0,47.0,38.0,97.0,98.0,128.0,113.0,264.0,139.0,172.0,120.0,147.0,299.0,129.0,139.0,216.0,367.0,388.0,449.0,363.0,530.0,912.0,746.0,1082.0,1465.0,1730.0,991.0,656.0
21219,KY,Todd County ,12294,155.56666666666666,17.0,0.0,9.0,8.0,8.0,4.0,21.0,10.0,15.0,4.0,45.0,405.0,378.0,93.0,58.0,57.0,71.0,132.0,257.0,188.0,152.0,124.0,168.0,205.0,256.0,332.0,331.0,501.0,412.0,406.0
21221,KY,Trigg County ,14651,152.76666666666668,26.0,33.0,30.0,17.0,7.0,47.0,57.0,37.0,41.0,28.0,35.0,95.0,146.0,180.0,207.0,126.0,89.0,119.0,125.0,120.0,121.0,153.0,211.0,272.0,273.0,334.0,409.0,453.0,496.0,296.0
21223,KY,Trimble County ,8471,86.53333333333333,0.0,2.0,11.0,1.0,30.0,58.0,51.0,29.0,14.0,11.0,28.0,34.0,36.0,19.0,32.0,45.0,54.0,29.0,38.0,32.0,62.0,131.0,95.0,98.0,171.0,240.0,455.0,510.0,149.0,131.0
21225,KY,Union County ,14381,219.43333333333334,8.0,44.0,33.0,16.0,9.0,23.0,59.0,66.0,66.0,67.0,47.0,69.0,265.0,438.0,394.0,475.0,324.0,304.0,344.0,295.0,180.0,157.0,343.0,448.0,346.0,321.0,366.0,377.0,393.0,306.0
21227,KY,Warren County ,132896,2109.366666666667,797.0,832.0,805.0,907.0,909.0,1201.0,1730.0,1605.0,1516.0,1173.0,1217.0,1885.0,2097.0,2379.0,1774.0,1355.0,1230.0,1066.0,1514.0,1542.0,2047.0,2573.0,2735.0,2942.0,3540.0,4481.0,4784.0,4220.0,4278.0,4147.0
21229,KY,Washington County ,12095,201.4,20.0,44.0,35.0,20.0,31.0,57.0,56.0,71.0,124.0,148.0,110.0,63.0,57.0,65.0,28.0,27.0,21.0,93.0,157.0,210.0,269.0,314.0,372.0,469.0,534.0,773.0,764.0,485.0,334.0,291.0
21231,KY,Wayne County ,20333,305.5,8.0,7.0,16.0,17.0,30.0,58.0,111.0,46.0,33.0,131.0,53.0,60.0,62.0,67.0,103.0,122.0,171.0,199.0,157.0,322.0,208.0,206.0,337.0,449.0,556.0,534.0,688.0,1772.0,1626.0,1016.0
21233,KY,Webster County ,12942,165.76666666666668,9.0,20.0,15.0,12.0,58.0,59.0,82.0,50.0,57.0,39.0,31.0,10.0,109.0,76.0,109.0,132.0,204.0,312.0,251.0,197.0,226.0,313.0,407.0,473.0,321.0,299.0,281.0,263.0,243.0,315.0
21235,KY,Whitley County ,36264,637.5666666666667,17.0,21.0,37.0,42.0,123.0,111.0,140.0,217.0,296.0,78.0,32.0,103.0,163.0,137.0,220.0,458.0,726.0,854.0,714.0,648.0,644.0,787.0,1294.0,1042.0,1131.0,1442.0,2145.0,2292.0,1892.0,1321.0
21237,KY,Wolfe County ,7157,70.13333333333334,0.0,0.0,6.0,10.0,5.0,12.0,10.0,12.0,24.0,23.0,45.0,28.0,11.0,14.0,3.0,24.0,71.0,72.0,26.0,9.0,60.0,174.0,186.0,207.0,182.0,180.0,169.0,270.0,162.0,109.0
21239,KY,Woodford County ,26734,287.76666666666665,94.0,91.0,47.0,42.0,57.0,97.0,92.0,129.0,154.0,165.0,137.0,93.0,102.0,68.0,131.0,140.0,154.0,171.0,164.0,176.0,229.0,408.0,438.0,646.0,657.0,1077.0,1094.0,725.0,505.0,550.0
27001,MN,Aitkin County ,15886,235.76666666666668,13.0,1.0,0.0,7.0,8.0,17.0,35.0,23.0,45.0,61.0,23.0,17.0,47.0,68.0,37.0,54.0,96.0,132.0,186.0,219.0,320.0,507.0,943.0,1117.0,1020.0,571.0,518.0,483.0,310.0,195.0
27003,MN,Anoka County ,356921,6408.4,1225.0,1003.0,1070.0,1219.0,1291.0,1519.0,2109.0,2371.0,2298.0,2383.0,2340.0,2319.0,2493.0,2173.0,2529.0,2885.0,3236.0,3962.0,4748.0,5184.0,8269.0,11746.0,23309.0,23659.0,20635.0,18450.0,15858.0,10473.0,6785.0,4711.0
27005,MN,Becker County ,34423,615.6333333333333,25.0,16.0,29.0,17.0,28.0,100.0,135.0,241.0,157.0,93.0,55.0,110.0,120.0,92.0,135.0,202.0,230.0,348.0,655.0,639.0,854.0,1179.0,2248.0,2618.0,2785.0,2042.0,1481.0,896.0,564.0,375.0
27007,MN,Beltrami County ,47188,666.1,23.0,15.0,21.0,14.0,84.0,237.0,350.0,351.0,274.0,310.0,186.0,172.0,133.0,97.0,144.0,289.0,624.0,698.0,747.0,1020.0,912.0,1034.0,1972.0,1862.0,2435.0,1976.0,1488.0,1292.0,816.0,407.0
27009,MN,Benton County ,40889,864.7,52.0,50.0,48.0,50.0,117.0,179.0,164.0,128.0,133.0,78.0,122.0,228.0,292.0,183.0,275.0,352.0,339.0,502.0,771.0,935.0,1246.0,1929.0,3449.0,3629.0,3286.0,2680.0,1997.0,1104.0,921.0,702.0
27011,MN,Big Stone County ,4991,99.03333333333333,22.0,10.0,2.0,0.0,17.0,13.0,12.0,12.0,2.0,12.0,33.0,26.0,33.0,55.0,121.0,102.0,65.0,100.0,125.0,103.0,223.0,235.0,186.0,223.0,273.0,309.0,276.0,242.0,65.0,74.0
27013,MN,Blue Earth County ,67653,1140.1,64.0,148.0,789.0,984.0,680.0,734.0,634.0,597.0,507.0,493.0,485.0,775.0,1436.0,885.0,574.0,775.0,764.0,552.0,507.0,632.0,946.0,1568.0,3241.0,4303.0,3496.0,2596.0,1895.0,1299.0,930.0,914.0
27015,MN,Brown County ,25008,464.53333333333336,10.0,18.0,16.0,50.0,65.0,97.0,76.0,96.0,62.0,41.0,72.0,97.0,122.0,47.0,126.0,185.0,156.0,234.0,274.0,221.0,362.0,803.0,1523.0,2008.0,2213.0,1778.0,1426.0,789.0,585.0,384.0
27017,MN,Carlton County ,35871,587.8,26.0,12.0,2.0,18.0,39.0,57.0,81.0,70.0,86.0,110.0,110.0,129.0,132.0,71.0,112.0,215.0,232.0,253.0,243.0,334.0,867.0,1243.0,2212.0,2100.0,2641.0,2231.0,1648.0,1123.0,793.0,444.0
27019,MN,Carver County ,105089,1448.1333333333334,212.0,139.0,197.0,310.0,540.0,682.0,616.0,745.0,649.0,614.0,619.0,580.0,551.0,462.0,592.0,592.0,503.0,548.0,676.0,758.0,1215.0,1675.0,4023.0,6193.0,5596.0,4872.0,3973.0,2595.0,1600.0,1117.0
27021,MN,Cass County ,29779,446.43333333333334,0.0,0.0,1.0,17.0,32.0,51.0,74.0,101.0,112.0,75.0,60.0,87.0,51.0,43.0,61.0,251.0,295.0,276.0,301.0,461.0,643.0,991.0,1643.0,1744.0,1816.0,1460.0,1101.0,836.0,461.0,349.0
27023,MN,Chippewa County ,11800,284.6666666666667,18.0,50.0,62.0,45.0,20.0,28.0,27.0,39.0,57.0,96.0,83.0,31.0,107.0,128.0,121.0,172.0,241.0,298.0,432.0,501.0,472.0,298.0,613.0,630.0,840.0,1066.0,717.0,711.0,399.0,238.0
27025,MN,Chisago County ,56579,952.5666666666667,59.0,54.0,47.0,49.0,59.0,85.0,155.0,176.0,179.0,137.0,230.0,332.0,282.0,336.0,291.0,410.0,463.0,628.0,937.0,1219.0,1788.0,2255.0,3636.0,3708.0,2864.0,2409.0,2165.0,1739.0,986.0,899.0
27027,MN,Clay County ,64222,1334.0,349.0,159.0,181.0,246.0,161.0,296.0,311.0,304.0,249.0,191.0,118.0,275.0,631.0,832.0,987.0,1005.0,1007.0,1136.0,1617.0,2165.0,2640.0,2689.0,4035.0,3954.0,4341.0,3975.0,2548.0,1741.0,1180.0,697.0
27029,MN,Clearwater County ,8818,152.16666666666666,2.0,17.0,7.0,2.0,22.0,27.0,0.0,0.0,0.0,0.0,9.0,20.0,12.0,15.0,17.0,16.0,45.0,60.0,140.0,245.0,315.0,314.0,591.0,797.0,654.0,526.0,323.0,139.0,111.0,139.0
27031,MN,Cook County ,5463,24.3,2.0,5.0,0.0,0.0,0.0,0.0,6.0,1.0,5.0,19.0,4.0,0.0,0.0,0.0,0.0,0.0,6.0,4.0,10.0,26.0,57.0,69.0,60.0,83.0,88.0,122.0,81.0,44.0,22.0,15.0
27033,MN,Cottonwood County ,11196,265.53333333333336,121.0,124.0,82.0,44.0,30.0,46.0,60.0,80.0,69.0,29.0,87.0,36.0,43.0,34.0,43.0,63.0,65.0,81.0,78.0,117.0,217.0,307.0,712.0,1003.0,1406.0,1107.0,942.0,567.0,259.0,114.0
27035,MN,Crow Wing County ,65055,1033.7666666666667,74.0,28.0,46.0,40.0,39.0,88.0,150.0,271.0,291.0,208.0,173.0,116.0,193.0,264.0,286.0,564.0,729.0,712.0,781.0,1147.0,1621.0,2521.0,4160.0,4698.0,4119.0,2950.0,2114.0,1308.0,749.0,573.0
27037,MN,Dakota County ,429021,6721.5,1365.0,1394.0,1466.0,1530.0,2039.0,2531.0,2564.0,3228.0,3271.0,3037.0,3036.0,3619.0,4320.0,3030.0,2331.0,2926.0,2894.0,3130.0,4371.0,4741.0,6332.0,9174.0,18337.0,21740.0,21606.0,21007.0,18536.0,12725.0,8770.0,6595.0
27039,MN,Dodge County ,20934,260.06666666666666,22.0,32.0,59.0,89.0,71.0,96.0,66.0,31.0,32.0,54.0,70.0,57.0,54.0,83.0,110.0,260.0,329.0,266.0,275.0,230.0,279.0,375.0,560.0,1203.0,669.0,739.0,631.0,488.0,337.0,235.0
27041,MN,Douglas County ,38141,801.9666666666667,20.0,25.0,27.0,41.0,46.0,141.0,140.0,94.0,104.0,57.0,12.0,53.0,155.0,121.0,209.0,465.0,640.0,632.0,566.0,671.0,1082.0,1376.0,3147.0,3321.0,3441.0,2862.0,1826.0,1136.0,934.0,715.0
27043,MN,Faribault County ,13653,206.93333333333334,30.0,32.0,72.0,98.0,41.0,45.0,41.0,42.0,43.0,48.0,53.0,82.0,40.0,38.0,52.0,60.0,108.0,121.0,172.0,186.0,247.0,241.0,388.0,593.0,623.0,643.0,749.0,609.0,414.0,297.0
27045,MN,Fillmore County ,21067,253.0,17.0,6.0,20.0,24.0,32.0,62.0,68.0,54.0,27.0,63.0,49.0,34.0,29.0,19.0,71.0,103.0,208.0,293.0,231.0,209.0,264.0,294.0,588.0,882.0,786.0,809.0,730.0,619.0,554.0,445.0
27047,MN,Freeborn County ,30281,428.06666666666666,392.0,231.0,198.0,155.0,114.0,110.0,94.0,121.0,51.0,40.0,113.0,103.0,117.0,178.0,360.0,325.0,130.0,171.0,238.0,315.0,523.0,686.0,1089.0,1850.0,1557.0,1058.0,858.0,598.0,474.0,593.0
27049,MN,Goodhue County ,46340,694.3666666666667,109.0,78.0,83.0,101.0,76.0,65.0,61.0,82.0,144.0,131.0,162.0,154.0,108.0,122.0,225.0,263.0,322.0,260.0,277.0,519.0,945.0,1400.0,1603.0,3213.0,2307.0,2264.0,2110.0,1387.0,1131.0,1129.0
27051,MN,Grant County ,5972,89.5,11.0,2.0,0.0,19.0,87.0,75.0,18.0,69.0,55.0,20.0,0.0,0.0,3.0,6.0,6.0,20.0,35.0,50.0,79.0,69.0,96.0,138.0,218.0,312.0,386.0,290.0,238.0,120.0,124.0,139.0
27053,MN,Hennepin County ,1265843,18032.4,6294.0,4943.0,4749.0,5599.0,6552.0,8564.0,9826.0,10829.0,10550.0,9032.0,8282.0,8713.0,8894.0,5996.0,5999.0,8497.0,10018.0,10534.0,12469.0,13894.0,19614.0,27585.0,50956.0,53961.0,53273.0,53227.0,47125.0,30065.0,19873.0,15059.0
27055,MN,Houston County ,18600,274.73333333333335,17.0,20.0,63.0,54.0,32.0,25.0,3.0,28.0,15.0,55.0,111.0,46.0,82.0,66.0,88.0,124.0,117.0,136.0,100.0,139.0,358.0,433.0,853.0,873.0,747.0,914.0,996.0,760.0,579.0,408.0
27057,MN,Hubbard County ,21491,324.1666666666667,14.0,0.0,0.0,3.0,21.0,22.0,18.0,71.0,46.0,35.0,21.0,22.0,28.0,40.0,102.0,197.0,300.0,340.0,470.0,757.0,736.0,721.0,990.0,1019.0,1476.0,908.0,479.0,399.0,323.0,167.0
27059,MN,Isanti County ,40596,605.4333333333333,69.0,39.0,37.0,69.0,79.0,70.0,57.0,44.0,102.0,140.0,128.0,97.0,106.0,134.0,176.0,376.0,326.0,339.0,536.0,442.0,683.0,1065.0,2324.0,2549.0,2249.0,1759.0,1769.0,1209.0,643.0,547.0
27061,MN,Itasca County ,45130,613.9333333333333,14.0,9.0,19.0,18.0,22.0,128.0,169.0,96.0,91.0,67.0,58.0,187.0,177.0,148.0,226.0,334.0,492.0,853.0,859.0,575.0,756.0,1052.0,1880.0,2162.0,1778.0,1930.0,1820.0,1318.0,736.0,444.0
27063,MN,Jackson County ,9846,174.56666666666666,18.0,41.0,26.0,10.0,11.0,22.0,14.0,42.0,42.0,49.0,46.0,41.0,32.0,23.0,135.0,151.0,100.0,60.0,118.0,164.0,167.0,210.0,307.0,459.0,613.0,564.0,761.0,492.0,339.0,180.0
27065,MN,Kanabec County ,16337,213.23333333333332,5.0,3.0,0.0,7.0,12.0,19.0,18.0,23.0,52.0,44.0,69.0,109.0,33.0,64.0,131.0,154.0,127.0,116.0,147.0,171.0,286.0,252.0,715.0,597.0,750.0,843.0,775.0,500.0,213.0,162.0
27067,MN,Kandiyohi County ,43199,1135.7,184.0,120.0,66.0,35.0,113.0,135.0,181.0,194.0,196.0,218.0,264.0,288.0,279.0,260.0,248.0,465.0,756.0,992.0,1430.0,1388.0,1631.0,1540.0,2790.0,4341.0,5000.0,4355.0,3103.0,1717.0,1162.0,620.0
27069,MN,Kittson County ,4298,79.33333333333333,0.0,0.0,3.0,4.0,0.0,0.0,4.0,3.0,0.0,0.0,0.0,8.0,28.0,22.0,5.0,0.0,1.0,22.0,44.0,86.0,170.0,225.0,209.0,254.0,320.0,343.0,376.0,177.0,54.0,22.0
27071,MN,Koochiching County ,12229,125.33333333333333,0.0,0.0,5.0,28.0,29.0,74.0,141.0,116.0,68.0,48.0,19.0,14.0,22.0,37.0,30.0,130.0,45.0,80.0,119.0,87.0,97.0,112.0,319.0,438.0,440.0,393.0,356.0,259.0,185.0,69.0
27073,MN,Lac qui Parle County ,6623,139.7,0.0,3.0,4.0,0.0,2.0,11.0,1.0,0.0,2.0,16.0,14.0,20.0,39.0,49.0,81.0,99.0,160.0,129.0,148.0,108.0,133.0,132.0,323.0,474.0,460.0,467.0,472.0,403.0,257.0,184.0
27075,MN,Lake County ,10641,127.5,0.0,16.0,13.0,6.0,3.0,31.0,14.0,15.0,30.0,24.0,20.0,22.0,51.0,61.0,33.0,57.0,54.0,110.0,80.0,142.0,165.0,184.0,333.0,577.0,681.0,419.0,241.0,157.0,149.0,137.0
27077,MN,Lake of the Woods County ,3740,35.43333333333333,0.0,0.0,0.0,0.0,0.0,0.0,2.0,5.0,3.0,27.0,12.0,0.0,36.0,31.0,24.0,10.0,22.0,50.0,51.0,29.0,29.0,74.0,67.0,78.0,103.0,97.0,142.0,88.0,63.0,20.0
27079,MN,Le Sueur County ,28887,443.1333333333333,30.0,29.0,113.0,138.0,180.0,201.0,148.0,186.0,117.0,175.0,350.0,464.0,300.0,170.0,141.0,122.0,197.0,219.0,346.0,290.0,492.0,622.0,1195.0,1687.0,1595.0,1172.0,1110.0,661.0,424.0,420.0
27081,MN,Lincoln County ,5639,103.93333333333334,1.0,0.0,5.0,18.0,26.0,161.0,102.0,18.0,15.0,32.0,13.0,18.0,44.0,40.0,111.0,110.0,80.0,120.0,128.0,142.0,166.0,143.0,191.0,263.0,354.0,335.0,231.0,119.0,71.0,61.0
27083,MN,Lyon County ,25474,640.8,593.0,506.0,273.0,135.0,185.0,257.0,158.0,163.0,59.0,40.0,69.0,232.0,547.0,284.0,244.0,358.0,518.0,421.0,478.0,491.0,667.0,793.0,1891.0,2148.0,2350.0,1807.0,1421.0,908.0,658.0,570.0
27085,MN,McLeod County ,35893,706.6333333333333,70.0,72.0,101.0,79.0,76.0,64.0,59.0,68.0,232.0,482.0,419.0,392.0,212.0,210.0,221.0,284.0,214.0,124.0,248.0,161.0,394.0,811.0,2501.0,3246.0,2967.0,2426.0,2499.0,1381.0,731.0,455.0
27087,MN,Mahnomen County ,5527,90.63333333333334,0.0,0.0,3.0,7.0,20.0,31.0,17.0,25.0,32.0,14.0,23.0,24.0,15.0,18.0,32.0,23.0,23.0,108.0,105.0,171.0,192.0,97.0,164.0,338.0,409.0,304.0,197.0,120.0,117.0,90.0
27089,MN,Marshall County ,9336,154.53333333333333,0.0,0.0,0.0,0.0,5.0,38.0,41.0,19.0,15.0,4.0,4.0,11.0,61.0,36.0,19.0,19.0,27.0,59.0,110.0,161.0,424.0,444.0,445.0,555.0,623.0,566.0,408.0,342.0,147.0,53.0
27091,MN,Martin County ,19683,334.73333333333335,60.0,29.0,23.0,78.0,77.0,52.0,76.0,58.0,46.0,32.0,34.0,67.0,131.0,80.0,223.0,626.0,673.0,405.0,221.0,280.0,241.0,312.0,599.0,930.0,1129.0,1300.0,951.0,582.0,498.0,229.0
27093,MN,Meeker County ,23222,427.2,19.0,15.0,40.0,22.0,18.0,44.0,61.0,38.0,12.0,25.0,27.0,64.0,113.0,127.0,174.0,242.0,189.0,216.0,255.0,216.0,335.0,519.0,1378.0,1765.0,2022.0,1886.0,1626.0,667.0,411.0,290.0
27095,MN,Mille Lacs County ,26277,467.7,24.0,20.0,16.0,18.0,17.0,42.0,47.0,39.0,103.0,31.0,61.0,72.0,97.0,124.0,82.0,147.0,153.0,252.0,638.0,543.0,594.0,1095.0,2230.0,1694.0,1799.0,1413.0,1221.0,740.0,456.0,263.0
27097,MN,Morrison County ,33386,667.4333333333333,30.0,10.0,16.0,12.0,27.0,60.0,24.0,44.0,35.0,72.0,61.0,47.0,102.0,218.0,207.0,301.0,451.0,607.0,879.0,1205.0,1222.0,1335.0,1660.0,3412.0,3204.0,1676.0,1418.0,869.0,439.0,380.0
27099,MN,Mower County ,40062,677.8666666666667,1264.0,958.0,837.0,571.0,255.0,186.0,198.0,256.0,214.0,152.0,186.0,191.0,187.0,187.0,261.0,394.0,281.0,315.0,379.0,346.0,378.0,537.0,1079.0,2679.0,2232.0,1898.0,1703.0,1075.0,708.0,429.0
27101,MN,Murray County ,8194,166.46666666666667,13.0,21.0,18.0,53.0,100.0,136.0,134.0,80.0,19.0,22.0,50.0,51.0,29.0,18.0,23.0,74.0,143.0,147.0,201.0,252.0,253.0,213.0,445.0,630.0,520.0,387.0,405.0,283.0,128.0,146.0
27103,MN,Nicollet County ,34274,462.6333333333333,34.0,51.0,113.0,252.0,237.0,210.0,221.0,281.0,265.0,223.0,253.0,204.0,179.0,126.0,157.0,240.0,285.0,339.0,230.0,417.0,527.0,666.0,1289.0,1873.0,1513.0,1247.0,974.0,539.0,483.0,451.0
27105,MN,Nobles County ,21629,456.73333333333335,270.0,130.0,104.0,137.0,126.0,162.0,118.0,133.0,129.0,160.0,228.0,240.0,233.0,152.0,126.0,260.0,250.0,268.0,409.0,896.0,1140.0,1030.0,1271.0,1163.0,1021.0,1002.0,1129.0,766.0,374.0,275.0
27107,MN,Norman County ,6375,92.26666666666667,16.0,8.0,6.0,9.0,6.0,6.0,30.0,46.0,35.0,18.0,25.0,11.0,10.0,10.0,18.0,14.0,56.0,104.0,88.0,128.0,226.0,274.0,366.0,345.0,353.0,273.0,160.0,67.0,30.0,30.0
27109,MN,Olmsted County ,158293,2003.4,550.0,560.0,881.0,834.0,876.0,1067.0,775.0,734.0,765.0,804.0,594.0,604.0,752.0,511.0,632.0,1020.0,1439.0,1188.0,1333.0,1563.0,2156.0,3281.0,4568.0,7742.0,4709.0,5281.0,4683.0,3973.0,3184.0,3043.0
27111,MN,Otter Tail County ,58746,964.1333333333333,51.0,26.0,16.0,45.0,80.0,146.0,100.0,163.0,163.0,136.0,187.0,234.0,283.0,147.0,276.0,386.0,465.0,466.0,734.0,1097.0,1146.0,1329.0,3460.0,4405.0,4219.0,3496.0,2396.0,1639.0,993.0,640.0
27113,MN,Pennington County ,14119,204.13333333333333,120.0,53.0,0.0,3.0,15.0,25.0,30.0,47.0,42.0,6.0,2.0,44.0,104.0,47.0,33.0,64.0,56.0,108.0,87.0,171.0,322.0,232.0,615.0,806.0,982.0,801.0,682.0,287.0,160.0,180.0
27115,MN,Pine County ,29579,552.5333333333333,22.0,11.0,11.0,31.0,54.0,36.0,31.0,29.0,32.0,15.0,28.0,76.0,99.0,95.0,303.0,657.0,384.0,444.0,361.0,308.0,465.0,695.0,1108.0,1406.0,1586.0,1426.0,2321.0,2263.0,1300.0,979.0
27117,MN,Pipestone County ,9126,200.43333333333334,10.0,0.0,14.0,108.0,230.0,255.0,169.0,103.0,61.0,78.0,59.0,80.0,86.0,55.0,46.0,96.0,205.0,294.0,166.0,164.0,256.0,273.0,582.0,751.0,633.0,480.0,358.0,223.0,101.0,77.0
27119,MN,Polk County ,31364,730.9,32.0,12.0,50.0,35.0,34.0,44.0,72.0,145.0,144.0,100.0,88.0,134.0,159.0,128.0,200.0,259.0,296.0,267.0,492.0,886.0,2113.0,2036.0,2699.0,2971.0,3029.0,2166.0,1662.0,968.0,385.0,321.0
27121,MN,Pope County ,11249,158.66666666666666,3.0,0.0,0.0,0.0,14.0,53.0,68.0,51.0,64.0,16.0,36.0,54.0,34.0,50.0,53.0,81.0,77.0,88.0,119.0,141.0,141.0,247.0,699.0,803.0,615.0,445.0,328.0,268.0,120.0,92.0
27123,MN,Ramsey County ,550321,7884.433333333333,3283.0,2732.0,2363.0,1955.0,2225.0,2838.0,3563.0,4277.0,4494.0,4227.0,3443.0,3843.0,3675.0,3061.0,3014.0,3230.0,3986.0,4471.0,5964.0,6467.0,8451.0,12000.0,22220.0,23749.0,22002.0,22038.0,21932.0,14779.0,9757.0,6494.0
27125,MN,Red Lake County ,4055,71.3,0.0,0.0,0.0,0.0,6.0,8.0,8.0,50.0,62.0,15.0,18.0,9.0,18.0,28.0,15.0,34.0,23.0,6.0,34.0,123.0,120.0,125.0,190.0,254.0,249.0,219.0,232.0,118.0,107.0,68.0
27127,MN,Redwood County ,15170,303.73333333333335,17.0,20.0,8.0,30.0,27.0,33.0,14.0,16.0,21.0,26.0,35.0,71.0,132.0,66.0,155.0,370.0,232.0,149.0,137.0,238.0,305.0,403.0,754.0,1334.0,1459.0,1221.0,818.0,519.0,337.0,165.0
27129,MN,Renville County ,14548,300.23333333333335,20.0,20.0,49.0,70.0,52.0,23.0,42.0,64.0,46.0,39.0,20.0,47.0,86.0,89.0,102.0,191.0,159.0,168.0,167.0,191.0,304.0,379.0,732.0,1071.0,1315.0,1290.0,1172.0,506.0,369.0,224.0
27131,MN,Rice County ,66972,1167.9,882.0,617.0,344.0,376.0,273.0,278.0,184.0,275.0,314.0,232.0,328.0,469.0,349.0,225.0,269.0,284.0,317.0,479.0,604.0,596.0,891.0,1496.0,3702.0,5295.0,4738.0,3117.0,2636.0,2170.0,1856.0,1441.0
27133,MN,Rock County ,9315,233.23333333333332,4.0,18.0,18.0,8.0,16.0,37.0,85.0,131.0,72.0,62.0,42.0,52.0,68.0,79.0,130.0,174.0,140.0,155.0,425.0,331.0,402.0,298.0,427.0,684.0,988.0,784.0,683.0,399.0,176.0,109.0
27135,MN,Roseau County ,15165,372.8666666666667,19.0,3.0,0.0,31.0,70.0,64.0,34.0,53.0,36.0,43.0,39.0,51.0,67.0,136.0,86.0,81.0,98.0,109.0,156.0,412.0,864.0,843.0,1181.0,1425.0,1728.0,1430.0,1146.0,563.0,266.0,152.0
27137,MN,St. Louis County ,199070,2891.4,20.0,63.0,133.0,149.0,259.0,359.0,322.0,462.0,830.0,894.0,655.0,718.0,844.0,1022.0,1161.0,1805.0,2031.0,1985.0,2439.0,2787.0,3429.0,4069.0,8443.0,10032.0,10988.0,10122.0,8311.0,5361.0,3823.0,3226.0
27139,MN,Scott County ,149013,2459.4666666666667,356.0,271.0,414.0,495.0,875.0,1069.0,960.0,1260.0,1379.0,1175.0,1008.0,940.0,1253.0,873.0,817.0,1249.0,1182.0,1050.0,1443.0,1743.0,2803.0,3942.0,7434.0,10078.0,8555.0,6966.0,5846.0,3792.0,2395.0,2161.0
27141,MN,Sherburne County ,97238,1727.7,86.0,67.0,70.0,143.0,272.0,375.0,611.0,867.0,590.0,434.0,355.0,454.0,505.0,361.0,453.0,511.0,544.0,673.0,998.0,1258.0,1844.0,3531.0,7788.0,7466.0,6548.0,4967.0,4128.0,2784.0,1790.0,1358.0
27143,MN,Sibley County ,14865,233.06666666666666,46.0,25.0,55.0,114.0,35.0,37.0,58.0,44.0,39.0,31.0,97.0,186.0,123.0,58.0,112.0,143.0,110.0,81.0,97.0,101.0,202.0,295.0,712.0,1278.0,1069.0,589.0,487.0,314.0,219.0,235.0
27145,MN,Stearns County ,161075,3471.1666666666665,261.0,222.0,238.0,1064.0,1019.0,983.0,629.0,638.0,625.0,461.0,650.0,1111.0,1208.0,995.0,1058.0,1904.0,1832.0,2337.0,3266.0,4504.0,5479.0,7022.0,12340.0,14427.0,13118.0,9895.0,7492.0,4343.0,2812.0,2202.0
27147,MN,Steele County ,36649,545.8666666666667,46.0,56.0,167.0,119.0,123.0,200.0,185.0,166.0,133.0,138.0,156.0,216.0,273.0,247.0,150.0,205.0,224.0,342.0,474.0,395.0,542.0,810.0,1405.0,2628.0,2223.0,1934.0,1275.0,682.0,463.0,399.0
27149,MN,Stevens County ,9805,155.96666666666667,0.0,3.0,10.0,7.0,28.0,30.0,15.0,5.0,12.0,21.0,23.0,67.0,190.0,147.0,60.0,53.0,110.0,147.0,135.0,157.0,154.0,184.0,540.0,660.0,601.0,429.0,377.0,247.0,179.0,88.0
27151,MN,Swift County ,9266,179.6,0.0,7.0,0.0,4.0,43.0,94.0,50.0,26.0,8.0,28.0,14.0,16.0,47.0,83.0,163.0,197.0,126.0,84.0,138.0,118.0,234.0,324.0,541.0,648.0,710.0,638.0,534.0,257.0,189.0,67.0
27153,MN,Todd County ,24664,441.1,211.0,107.0,88.0,38.0,17.0,15.0,13.0,48.0,66.0,57.0,53.0,52.0,52.0,64.0,73.0,109.0,198.0,316.0,576.0,858.0,1139.0,1167.0,1576.0,1521.0,1396.0,1157.0,1086.0,607.0,365.0,208.0
27155,MN,Traverse County ,3259,48.4,6.0,0.0,0.0,0.0,5.0,18.0,5.0,4.0,4.0,22.0,39.0,15.0,3.0,35.0,18.0,4.0,50.0,35.0,36.0,52.0,45.0,60.0,146.0,151.0,200.0,108.0,100.0,113.0,95.0,83.0
27157,MN,Wabasha County ,21627,343.96666666666664,11.0,28.0,29.0,18.0,29.0,90.0,90.0,91.0,87.0,61.0,69.0,74.0,85.0,91.0,152.0,171.0,191.0,262.0,316.0,387.0,515.0,502.0,794.0,1434.0,1209.0,976.0,1015.0,702.0,457.0,383.0
27159,MN,Wadena County ,13682,259.5,0.0,2.0,28.0,5.0,6.0,16.0,12.0,16.0,17.0,23.0,39.0,85.0,29.0,50.0,28.0,48.0,63.0,179.0,358.0,422.0,452.0,528.0,870.0,984.0,917.0,808.0,752.0,502.0,335.0,211.0
27161,MN,Waseca County ,18612,401.46666666666664,30.0,24.0,85.0,96.0,83.0,74.0,128.0,141.0,107.0,132.0,254.0,319.0,346.0,492.0,474.0,1253.0,1074.0,583.0,345.0,203.0,217.0,254.0,468.0,1095.0,990.0,583.0,611.0,591.0,500.0,492.0
27163,MN,Washington County ,262440,4147.833333333333,509.0,561.0,690.0,750.0,1074.0,1255.0,1377.0,1528.0,1554.0,1562.0,1770.0,2191.0,2193.0,1448.0,1056.0,1649.0,2041.0,2327.0,4001.0,4708.0,7055.0,8265.0,12795.0,13832.0,11703.0,11342.0,10148.0,7117.0,4535.0,3399.0
27165,MN,Watonwan County ,10897,220.8,81.0,198.0,414.0,237.0,257.0,180.0,72.0,85.0,47.0,370.0,284.0,151.0,201.0,87.0,201.0,210.0,123.0,76.0,66.0,125.0,90.0,170.0,261.0,594.0,561.0,598.0,486.0,260.0,97.0,42.0
27167,MN,Wilkin County ,6207,133.93333333333334,10.0,36.0,17.0,0.0,9.0,11.0,2.0,17.0,41.0,30.0,39.0,44.0,24.0,15.0,13.0,41.0,95.0,100.0,149.0,137.0,120.0,167.0,423.0,420.0,457.0,483.0,541.0,323.0,160.0,94.0
27169,MN,Winona County ,50484,811.9666666666667,20.0,42.0,107.0,102.0,100.0,217.0,230.0,261.0,132.0,105.0,132.0,446.0,1208.0,799.0,866.0,751.0,516.0,664.0,577.0,736.0,911.0,1429.0,2449.0,2547.0,2554.0,2305.0,1731.0,1063.0,741.0,618.0
27171,MN,Wright County ,138377,2446.233333333333,199.0,159.0,159.0,268.0,377.0,501.0,619.0,658.0,599.0,567.0,706.0,879.0,1039.0,715.0,555.0,738.0,1094.0,1259.0,1610.0,1583.0,3105.0,4081.0,7807.0,9532.0,9186.0,8893.0,7437.0,4267.0,2843.0,1952.0
27173,MN,Yellow Medicine County ,9709,202.3,11.0,43.0,72.0,33.0,10.0,23.0,30.0,56.0,31.0,16.0,33.0,114.0,182.0,146.0,148.0,220.0,215.0,176.0,180.0,139.0,264.0,364.0,456.0,527.0,736.0,620.0,503.0,268.0,240.0,213.0
37001,NC,Alamance County ,169509,2339.0,1366.0,1742.0,1141.0,1182.0,1208.0,1501.0,1899.0,1819.0,1665.0,1490.0,1390.0,1764.0,2047.0,1245.0,1165.0,1402.0,1345.0,1709.0,2398.0,1982.0,1992.0,2432.0,2473.0,3142.0,3987.0,3910.0,5146.0,5258.0,3786.0,6584.0
37003,NC,Alexander County ,37497,611.4666666666667,42.0,74.0,141.0,177.0,297.0,352.0,284.0,188.0,161.0,258.0,232.0,204.0,267.0,261.0,128.0,203.0,242.0,232.0,466.0,844.0,658.0,1302.0,1250.0,1138.0,1261.0,1067.0,1627.0,1452.0,1452.0,2084.0
37005,NC,Alleghany County ,11137,144.26666666666668,54.0,1.0,5.0,24.0,34.0,56.0,64.0,94.0,662.0,57.0,76.0,93.0,55.0,56.0,41.0,43.0,91.0,62.0,101.0,100.0,194.0,230.0,134.0,91.0,98.0,185.0,326.0,463.0,253.0,585.0
37007,NC,Anson County ,24446,314.8333333333333,85.0,86.0,150.0,162.0,266.0,398.0,271.0,178.0,135.0,242.0,269.0,256.0,224.0,255.0,284.0,265.0,369.0,239.0,160.0,171.0,142.0,197.0,238.0,346.0,415.0,514.0,634.0,1015.0,535.0,944.0
37009,NC,Ashe County ,27203,278.3,28.0,18.0,38.0,29.0,50.0,47.0,80.0,184.0,253.0,172.0,86.0,77.0,151.0,158.0,81.0,93.0,135.0,211.0,278.0,208.0,388.0,607.0,413.0,646.0,559.0,431.0,876.0,755.0,427.0,870.0
37011,NC,Avery County ,17557,313.1666666666667,23.0,6.0,12.0,30.0,63.0,106.0,121.0,145.0,104.0,65.0,106.0,91.0,281.0,505.0,519.0,177.0,192.0,545.0,377.0,629.0,191.0,392.0,261.0,816.0,555.0,673.0,833.0,631.0,415.0,531.0
37013,NC,Beaufort County ,46994,586.4333333333333,53.0,55.0,84.0,186.0,234.0,337.0,409.0,613.0,337.0,376.0,372.0,395.0,593.0,725.0,619.0,627.0,619.0,499.0,840.0,811.0,555.0,602.0,471.0,412.0,523.0,878.0,1039.0,1206.0,919.0,2204.0
37015,NC,Bertie County ,18947,251.13333333333333,42.0,8.0,26.0,56.0,46.0,84.0,194.0,254.0,218.0,234.0,319.0,346.0,458.0,338.0,181.0,270.0,288.0,221.0,220.0,247.0,154.0,110.0,198.0,344.0,365.0,388.0,528.0,554.0,340.0,503.0
37017,NC,Bladen County ,32722,400.2,327.0,399.0,725.0,339.0,233.0,334.0,300.0,350.0,322.0,221.0,185.0,192.0,339.0,292.0,206.0,341.0,478.0,260.0,300.0,393.0,125.0,298.0,297.0,443.0,492.0,651.0,671.0,794.0,570.0,1129.0
37019,NC,Brunswick County ,142820,1003.6333333333333,470.0,773.0,849.0,1107.0,1033.0,1075.0,931.0,915.0,607.0,395.0,387.0,241.0,279.0,320.0,351.0,566.0,646.0,860.0,1041.0,1006.0,615.0,878.0,1079.0,1329.0,1634.0,1939.0,2184.0,2020.0,1599.0,2980.0
37021,NC,Buncombe County ,261191,2072.5666666666666,337.0,399.0,319.0,681.0,1092.0,1637.0,2059.0,1917.0,1504.0,1233.0,1438.0,1296.0,1321.0,973.0,848.0,1294.0,1647.0,1558.0,1593.0,1296.0,1739.0,2136.0,1727.0,2504.0,2892.0,3080.0,4656.0,6109.0,4793.0,8099.0
37023,NC,Burke County ,90485,1336.7333333333333,1073.0,1382.0,842.0,715.0,638.0,818.0,754.0,902.0,748.0,500.0,478.0,473.0,371.0,482.0,359.0,525.0,681.0,973.0,886.0,872.0,882.0,1419.0,1479.0,2023.0,2772.0,3006.0,4118.0,3478.0,2184.0,4269.0
37025,NC,Cabarrus County ,216453,2488.8333333333335,822.0,940.0,1209.0,1751.0,1953.0,2240.0,1798.0,1659.0,1601.0,1289.0,1163.0,1334.0,1595.0,1449.0,1301.0,1481.0,1474.0,1220.0,1459.0,1401.0,1353.0,2459.0,2687.0,3453.0,4111.0,4631.0,6233.0,6791.0,5485.0,8323.0
37027,NC,Caldwell County ,82178,1330.5666666666666,367.0,355.0,458.0,771.0,790.0,1000.0,1135.0,1288.0,863.0,446.0,534.0,489.0,434.0,326.0,312.0,517.0,688.0,1238.0,1330.0,1439.0,1547.0,1943.0,1151.0,1492.0,1908.0,1983.0,3235.0,3949.0,2875.0,5054.0
37029,NC,Camden County ,10867,66.1,6.0,49.0,82.0,48.0,30.0,59.0,50.0,49.0,70.0,59.0,51.0,69.0,52.0,25.0,31.0,33.0,33.0,60.0,34.0,27.0,32.0,41.0,60.0,81.0,84.0,115.0,168.0,149.0,112.0,224.0
37031,NC,Carteret County ,69473,626.4,42.0,44.0,108.0,201.0,154.0,304.0,309.0,532.0,295.0,283.0,271.0,424.0,433.0,302.0,219.0,381.0,634.0,678.0,767.0,536.0,795.0,982.0,871.0,722.0,1040.0,1283.0,1565.0,1600.0,1241.0,1776.0
37033,NC,Caswell County ,22604,250.13333333333333,41.0,68.0,117.0,99.0,60.0,79.0,70.0,60.0,86.0,51.0,77.0,165.0,129.0,79.0,241.0,279.0,405.0,594.0,403.0,343.0,266.0,262.0,284.0,361.0,460.0,319.0,419.0,517.0,387.0,783.0
37035,NC,Catawba County ,159551,2541.6666666666665,675.0,982.0,991.0,1475.0,1676.0,1948.0,1805.0,1441.0,1425.0,1124.0,1140.0,1171.0,986.0,764.0,950.0,1151.0,1347.0,1590.0,2032.0,2313.0,1990.0,3680.0,3247.0,4136.0,4403.0,4906.0,6612.0,7504.0,4627.0,8159.0
37037,NC,Chatham County ,74470,518.6333333333333,613.0,514.0,486.0,408.0,365.0,439.0,388.0,466.0,496.0,341.0,453.0,455.0,416.0,298.0,206.0,377.0,465.0,422.0,483.0,364.0,388.0,576.0,681.0,716.0,732.0,615.0,734.0,897.0,636.0,1129.0
37039,NC,Cherokee County ,28612,291.53333333333336,35.0,38.0,10.0,51.0,103.0,325.0,419.0,415.0,256.0,167.0,364.0,381.0,517.0,329.0,331.0,319.0,387.0,229.0,213.0,220.0,159.0,206.0,224.0,307.0,265.0,357.0,458.0,486.0,373.0,802.0
37041,NC,Chowan County ,13943,188.5,9.0,5.0,8.0,36.0,50.0,74.0,237.0,274.0,232.0,82.0,79.0,188.0,235.0,211.0,222.0,271.0,304.0,352.0,338.0,150.0,218.0,126.0,84.0,126.0,217.0,341.0,275.0,303.0,168.0,440.0
37043,NC,Clay County ,11231,87.1,21.0,7.0,0.0,9.0,7.0,75.0,140.0,92.0,44.0,62.0,62.0,44.0,40.0,57.0,56.0,51.0,76.0,112.0,154.0,208.0,207.0,182.0,55.0,79.0,70.0,82.0,108.0,108.0,137.0,268.0
37045,NC,Cleveland County ,97947,1535.0333333333333,222.0,369.0,426.0,550.0,848.0,1008.0,1158.0,1276.0,1239.0,939.0,1011.0,992.0,711.0,873.0,1182.0,1381.0,1353.0,1581.0,1451.0,1505.0,1325.0,2008.0,1462.0,1511.0,2069.0,2344.0,3297.0,4003.0,3241.0,4716.0
37047,NC,Columbus County ,55508,767.4333333333333,307.0,355.0,313.0,360.0,341.0,531.0,432.0,470.0,512.0,529.0,481.0,417.0,533.0,528.0,459.0,384.0,424.0,481.0,517.0,559.0,526.0,869.0,1722.0,1765.0,2157.0,1342.0,942.0,1239.0,1213.0,2315.0
37049,NC,Craven County ,102139,1143.1666666666667,215.0,282.0,317.0,322.0,303.0,421.0,438.0,447.0,417.0,514.0,623.0,515.0,760.0,605.0,778.0,1584.0,1973.0,1246.0,1042.0,1141.0,888.0,1063.0,831.0,1343.0,1654.0,1880.0,3015.0,3460.0,3254.0,2964.0
37051,NC,Cumberland County ,335509,3072.266666666667,690.0,808.0,850.0,1331.0,1574.0,2046.0,2572.0,2877.0,2631.0,2306.0,2234.0,2220.0,2326.0,2487.0,2200.0,2843.0,2492.0,2300.0,2471.0,2498.0,2385.0,3355.0,3301.0,3853.0,4572.0,4427.0,6253.0,7980.0,6258.0,8028.0
37053,NC,Currituck County ,27763,147.53333333333333,5.0,5.0,4.0,12.0,28.0,97.0,148.0,83.0,17.0,37.0,67.0,46.0,143.0,108.0,111.0,225.0,70.0,92.0,81.0,58.0,22.0,110.0,179.0,220.0,153.0,270.0,624.0,563.0,312.0,536.0
37055,NC,Dare County ,37009,235.93333333333334,24.0,28.0,53.0,193.0,189.0,270.0,240.0,193.0,115.0,40.0,62.0,126.0,49.0,58.0,25.0,79.0,84.0,121.0,135.0,235.0,162.0,283.0,493.0,533.0,413.0,441.0,515.0,473.0,436.0,1010.0
37057,NC,Davidson County ,167609,1923.9333333333334,698.0,876.0,983.0,1186.0,1164.0,1103.0,1022.0,837.0,824.0,819.0,899.0,1004.0,923.0,942.0,1094.0,1126.0,1320.0,1530.0,1697.0,1426.0,1299.0,1811.0,2094.0,2608.0,3288.0,3293.0,4843.0,5536.0,4291.0,7182.0
37059,NC,Davie County ,42846,466.6,141.0,145.0,151.0,235.0,234.0,176.0,171.0,351.0,434.0,204.0,138.0,127.0,163.0,111.0,122.0,154.0,257.0,270.0,378.0,369.0,257.0,424.0,679.0,868.0,990.0,964.0,1238.0,1496.0,941.0,1810.0
37061,NC,Duplin County ,58741,773.0333333333333,1293.0,1118.0,843.0,841.0,870.0,645.0,665.0,604.0,482.0,324.0,158.0,182.0,144.0,137.0,152.0,816.0,1213.0,817.0,606.0,525.0,579.0,893.0,655.0,960.0,1104.0,1059.0,1313.0,1351.0,849.0,1993.0
37063,NC,Durham County ,321488,3019.4666666666667,3773.0,3752.0,3123.0,3217.0,3096.0,3819.0,3283.0,2831.0,2367.0,1809.0,1499.0,1683.0,1829.0,1346.0,1467.0,1546.0,1593.0,1835.0,2132.0,1918.0,2049.0,3454.0,3664.0,3311.0,3851.0,3977.0,4936.0,6190.0,4309.0,6925.0
37065,NC,Edgecombe County ,51472,701.6333333333333,157.0,168.0,211.0,235.0,272.0,361.0,472.0,512.0,425.0,535.0,707.0,719.0,827.0,737.0,723.0,660.0,666.0,879.0,1166.0,1152.0,888.0,876.0,671.0,864.0,916.0,1011.0,1219.0,1152.0,738.0,1130.0
37067,NC,Forsyth County ,382295,4441.366666666667,2932.0,2772.0,2456.0,2713.0,2737.0,3010.0,3165.0,2593.0,2319.0,2187.0,1915.0,2184.0,1997.0,1622.0,1430.0,1399.0,1776.0,2240.0,2807.0,3166.0,3512.0,4906.0,6206.0,7672.0,8849.0,8428.0,12055.0,12569.0,8721.0,12903.0
37069,NC,Franklin County ,69685,692.5666666666667,236.0,305.0,387.0,411.0,493.0,788.0,714.0,685.0,588.0,472.0,379.0,417.0,498.0,321.0,265.0,240.0,268.0,491.0,333.0,253.0,327.0,741.0,796.0,742.0,1115.0,1328.0,1565.0,1758.0,1304.0,2557.0
37071,NC,Gaston County ,224529,3549.0,780.0,1401.0,1784.0,2129.0,2750.0,3413.0,3047.0,2620.0,2221.0,1749.0,1832.0,1739.0,1701.0,1641.0,1975.0,2055.0,2427.0,3371.0,3749.0,4066.0,3111.0,4702.0,3591.0,4588.0,4600.0,5653.0,7853.0,8414.0,5972.0,11536.0
37073,NC,Gates County ,11562,77.43333333333334,2.0,9.0,9.0,8.0,9.0,14.0,30.0,34.0,39.0,24.0,112.0,94.0,94.0,83.0,85.0,125.0,78.0,52.0,50.0,43.0,14.0,31.0,64.0,68.0,101.0,169.0,279.0,228.0,179.0,196.0
37075,NC,Graham County ,8441,91.4,19.0,3.0,13.0,13.0,2.0,0.0,29.0,60.0,66.0,76.0,45.0,19.0,102.0,187.0,166.0,142.0,252.0,238.0,124.0,91.0,62.0,50.0,63.0,25.0,25.0,52.0,148.0,175.0,95.0,400.0
37077,NC,Granville County ,60443,751.2333333333333,1712.0,658.0,405.0,371.0,480.0,701.0,561.0,520.0,500.0,596.0,693.0,622.0,534.0,411.0,324.0,316.0,381.0,304.0,436.0,475.0,471.0,860.0,751.0,773.0,919.0,870.0,1804.0,2212.0,1211.0,1666.0
37079,NC,Greene County ,21069,337.46666666666664,173.0,151.0,202.0,125.0,132.0,311.0,167.0,180.0,204.0,107.0,133.0,226.0,313.0,230.0,203.0,441.0,558.0,607.0,571.0,673.0,334.0,334.0,435.0,365.0,383.0,462.0,524.0,609.0,480.0,491.0
37081,NC,Guilford County ,537174,5400.9,2853.0,2615.0,2491.0,2486.0,2959.0,3764.0,4055.0,3743.0,2962.0,2576.0,2549.0,3032.0,3302.0,2840.0,3061.0,3100.0,3410.0,4178.0,5059.0,3971.0,4847.0,6944.0,7523.0,8788.0,9491.0,9549.0,12725.0,13020.0,9438.0,14696.0
37083,NC,Halifax County ,50010,630.3333333333334,215.0,183.0,216.0,249.0,328.0,599.0,449.0,613.0,497.0,441.0,353.0,405.0,274.0,241.0,193.0,371.0,455.0,450.0,592.0,719.0,679.0,904.0,708.0,984.0,1011.0,1022.0,1126.0,1437.0,1206.0,1990.0
37085,NC,Harnett County ,135976,1310.6666666666667,392.0,550.0,775.0,736.0,556.0,640.0,805.0,918.0,978.0,938.0,736.0,697.0,1006.0,787.0,972.0,1382.0,1188.0,1109.0,1050.0,1132.0,961.0,1516.0,1323.0,1594.0,2037.0,2272.0,3331.0,3202.0,2212.0,3525.0
37087,NC,Haywood County ,62317,485.8,64.0,34.0,68.0,104.0,154.0,246.0,380.0,451.0,808.0,441.0,190.0,150.0,156.0,162.0,190.0,185.0,194.0,137.0,205.0,152.0,181.0,429.0,439.0,705.0,1147.0,1275.0,1492.0,1420.0,1198.0,1817.0
37089,NC,Henderson County ,117417,1166.5,315.0,492.0,430.0,842.0,1080.0,1448.0,1335.0,861.0,785.0,535.0,647.0,435.0,321.0,479.0,584.0,632.0,710.0,642.0,887.0,822.0,761.0,822.0,755.0,1099.0,1335.0,1503.0,2160.0,4365.0,3706.0,4207.0
37091,NC,Hertford County ,23677,285.1,77.0,76.0,31.0,58.0,69.0,67.0,230.0,298.0,395.0,371.0,418.0,504.0,470.0,337.0,313.0,463.0,332.0,261.0,151.0,93.0,61.0,150.0,150.0,217.0,250.0,326.0,606.0,622.0,431.0,726.0
37093,NC,Hoke County ,55234,584.0333333333333,217.0,158.0,184.0,309.0,351.0,465.0,574.0,469.0,348.0,362.0,327.0,382.0,266.0,342.0,630.0,597.0,866.0,691.0,515.0,511.0,451.0,567.0,601.0,750.0,696.0,902.0,1184.0,1359.0,948.0,1499.0
37095,NC,Hyde County ,4937,76.0,5.0,12.0,22.0,40.0,89.0,47.0,17.0,16.0,13.0,78.0,113.0,146.0,110.0,102.0,46.0,6.0,19.0,132.0,104.0,96.0,7.0,13.0,10.0,11.0,14.0,36.0,52.0,188.0,137.0,599.0
37097,NC,Iredell County ,181806,2122.366666666667,643.0,739.0,1025.0,1271.0,1294.0,1611.0,1364.0,1248.0,1081.0,1100.0,1201.0,1232.0,990.0,764.0,664.0,1705.0,1972.0,998.0,1225.0,1319.0,1186.0,2056.0,1964.0,2807.0,3725.0,4153.0,6295.0,6611.0,4915.0,6513.0
37099,NC,Jackson County ,43938,521.7333333333333,118.0,57.0,141.0,266.0,299.0,538.0,540.0,441.0,313.0,195.0,68.0,106.0,133.0,120.0,69.0,406.0,600.0,431.0,487.0,784.0,853.0,790.0,613.0,478.0,376.0,647.0,1430.0,1675.0,1119.0,1559.0
37101,NC,Johnston County ,209339,2573.733333333333,1336.0,1759.0,1947.0,2275.0,2127.0,2570.0,1870.0,2504.0,2178.0,1326.0,954.0,1387.0,1360.0,1130.0,827.0,1248.0,1736.0,1515.0,1508.0,1848.0,2013.0,2764.0,2792.0,3462.0,3690.0,3934.0,5729.0,6391.0,5076.0,7956.0
37103,NC,Jones County ,9419,89.16666666666667,1.0,8.0,30.0,34.0,15.0,22.0,25.0,68.0,183.0,129.0,144.0,71.0,49.0,24.0,20.0,63.0,47.0,44.0,48.0,79.0,118.0,50.0,65.0,119.0,226.0,141.0,183.0,193.0,142.0,334.0
37105,NC,Lee County ,61779,704.2,489.0,544.0,747.0,685.0,378.0,457.0,501.0,679.0,840.0,431.0,311.0,328.0,368.0,312.0,346.0,388.0,547.0,716.0,721.0,841.0,545.0,707.0,404.0,576.0,734.0,919.0,1410.0,1582.0,1435.0,2185.0
37107,NC,Lenoir County ,55949,705.2666666666667,308.0,336.0,233.0,175.0,225.0,236.0,199.0,316.0,270.0,383.0,522.0,513.0,473.0,378.0,318.0,343.0,427.0,454.0,783.0,869.0,816.0,938.0,825.0,1177.0,1348.0,1475.0,1918.0,1711.0,1245.0,1944.0
37109,NC,Lincoln County ,86111,1238.6666666666667,213.0,332.0,327.0,430.0,607.0,958.0,775.0,698.0,680.0,603.0,564.0,670.0,630.0,903.0,851.0,979.0,1164.0,1233.0,1285.0,1133.0,1044.0,1737.0,1389.0,1495.0,2017.0,2181.0,2929.0,3069.0,2223.0,4041.0
37111,NC,McDowell County ,45756,413.5,274.0,366.0,243.0,273.0,352.0,345.0,568.0,751.0,794.0,345.0,254.0,244.0,269.0,254.0,210.0,369.0,752.0,489.0,508.0,502.0,548.0,658.0,652.0,872.0,1132.0,1244.0,2034.0,2104.0,1299.0,-6300.0
37113,NC,Macon County ,35858,375.6666666666667,480.0,478.0,157.0,163.0,166.0,322.0,352.0,225.0,126.0,95.0,171.0,241.0,128.0,70.0,114.0,124.0,251.0,281.0,177.0,193.0,272.0,213.0,239.0,376.0,311.0,276.0,449.0,749.0,690.0,3381.0
37115,NC,Madison County ,21755,211.86666666666667,6.0,10.0,25.0,31.0,16.0,27.0,50.0,60.0,49.0,35.0,38.0,67.0,65.0,55.0,61.0,57.0,113.0,82.0,81.0,330.0,311.0,577.0,347.0,435.0,562.0,381.0,474.0,510.0,264.0,1237.0
37117,NC,Martin County ,22440,210.6,74.0,142.0,95.0,126.0,145.0,131.0,137.0,220.0,147.0,139.0,198.0,201.0,237.0,186.0,164.0,208.0,319.0,326.0,311.0,249.0,243.0,286.0,208.0,309.0,355.0,459.0,576.0,1003.0,627.0,-1503.0
37119,NC,Mecklenburg County ,1110356,13460.6,9606.0,11612.0,12227.0,15173.0,14477.0,16930.0,14469.0,12556.0,10332.0,7242.0,6434.0,7689.0,7543.0,5382.0,4581.0,6008.0,7236.0,5949.0,7660.0,9573.0,8385.0,13188.0,12685.0,15236.0,18578.0,21009.0,29057.0,31328.0,23138.0,38535.0
37121,NC,Mitchell County ,14964,202.0,10.0,49.0,31.0,75.0,116.0,34.0,41.0,67.0,32.0,8.0,27.0,50.0,21.0,11.0,47.0,165.0,272.0,57.0,57.0,119.0,170.0,481.0,434.0,543.0,486.0,405.0,616.0,689.0,391.0,556.0
37123,NC,Montgomery County ,27173,414.3333333333333,250.0,336.0,297.0,376.0,336.0,372.0,379.0,595.0,379.0,339.0,537.0,666.0,459.0,412.0,305.0,205.0,138.0,157.0,247.0,309.0,203.0,300.0,218.0,354.0,435.0,489.0,754.0,921.0,624.0,1038.0
37125,NC,Moore County ,100880,1081.6333333333334,298.0,394.0,436.0,660.0,626.0,624.0,613.0,706.0,732.0,591.0,646.0,781.0,573.0,614.0,475.0,688.0,1127.0,1080.0,1096.0,822.0,594.0,684.0,802.0,1147.0,1401.0,1905.0,3225.0,3275.0,2064.0,3770.0
37127,NC,Nash County ,94298,1367.6333333333334,276.0,400.0,481.0,747.0,630.0,835.0,721.0,1095.0,1081.0,1002.0,990.0,1117.0,1314.0,961.0,1057.0,1601.0,1372.0,1755.0,1842.0,1574.0,1244.0,1915.0,1391.0,1604.0,1742.0,1774.0,2386.0,2836.0,2098.0,3188.0
37129,NC,New Hanover County ,234473,2191.9333333333334,534.0,1129.0,1492.0,2192.0,2158.0,2457.0,2198.0,1944.0,1461.0,1270.0,1009.0,980.0,2017.0,2334.0,1790.0,2019.0,2151.0,1391.0,1420.0,1776.0,1599.0,2213.0,2256.0,2959.0,3090.0,3475.0,4029.0,4368.0,3016.0,5031.0
37131,NC,Northampton County ,19483,210.73333333333332,59.0,75.0,39.0,48.0,45.0,124.0,247.0,170.0,155.0,162.0,74.0,72.0,71.0,141.0,216.0,225.0,267.0,208.0,128.0,150.0,186.0,307.0,325.0,396.0,648.0,359.0,326.0,313.0,267.0,519.0
37133,NC,Onslow County ,197938,2019.7,187.0,274.0,342.0,573.0,440.0,740.0,1130.0,1268.0,1253.0,986.0,950.0,959.0,833.0,890.0,778.0,1637.0,1933.0,1507.0,2173.0,1802.0,1648.0,2849.0,2218.0,3095.0,4197.0,4447.0,5753.0,6219.0,3364.0,6146.0
37135,NC,Orange County ,148476,1092.2333333333333,408.0,485.0,575.0,976.0,1175.0,1047.0,756.0,733.0,462.0,503.0,1900.0,3243.0,1524.0,866.0,606.0,493.0,558.0,632.0,660.0,725.0,670.0,1026.0,1188.0,1386.0,1381.0,1474.0,1840.0,1921.0,1157.0,2397.0
37137,NC,Pamlico County ,12726,121.3,26.0,7.0,16.0,35.0,46.0,74.0,54.0,43.0,84.0,50.0,42.0,180.0,515.0,247.0,80.0,173.0,144.0,91.0,94.0,63.0,88.0,109.0,57.0,130.0,182.0,228.0,220.0,214.0,140.0,207.0
37139,NC,Pasquotank County ,39824,393.7,81.0,168.0,225.0,226.0,148.0,184.0,163.0,336.0,320.0,370.0,336.0,344.0,353.0,252.0,223.0,330.0,185.0,354.0,248.0,227.0,224.0,322.0,326.0,348.0,396.0,431.0,812.0,1123.0,789.0,1967.0
37141,NC,Pender County ,63060,624.0333333333333,215.0,211.0,362.0,476.0,398.0,727.0,658.0,473.0,320.0,246.0,289.0,235.0,220.0,213.0,353.0,462.0,421.0,672.0,506.0,639.0,892.0,837.0,573.0,764.0,1192.0,673.0,1152.0,1753.0,907.0,1882.0
37143,NC,Perquimans County ,13463,119.5,17.0,18.0,19.0,27.0,7.0,25.0,67.0,75.0,116.0,86.0,47.0,165.0,164.0,74.0,88.0,108.0,57.0,91.0,105.0,112.0,79.0,135.0,85.0,190.0,188.0,190.0,227.0,273.0,252.0,498.0
37145,NC,Person County ,39490,368.6333333333333,102.0,118.0,82.0,86.0,108.0,82.0,162.0,186.0,138.0,191.0,184.0,286.0,281.0,192.0,181.0,195.0,167.0,278.0,350.0,456.0,486.0,490.0,384.0,426.0,578.0,717.0,976.0,1104.0,659.0,1414.0
37147,NC,Pitt County ,180742,2590.4333333333334,661.0,599.0,663.0,856.0,986.0,1214.0,1966.0,2160.0,1697.0,1843.0,2109.0,4600.0,4563.0,2844.0,1832.0,2204.0,1903.0,2179.0,2332.0,2015.0,1599.0,2164.0,2265.0,2480.0,3520.0,4179.0,5643.0,5542.0,3868.0,7227.0
37149,NC,Polk County ,20724,160.23333333333332,66.0,57.0,56.0,46.0,123.0,88.0,114.0,66.0,141.0,113.0,176.0,178.0,108.0,105.0,50.0,188.0,306.0,121.0,147.0,114.0,107.0,108.0,89.0,134.0,168.0,227.0,294.0,322.0,310.0,685.0
37151,NC,Randolph County ,143667,1715.2333333333333,931.0,910.0,755.0,887.0,1128.0,1590.0,1540.0,1124.0,880.0,648.0,525.0,549.0,605.0,609.0,607.0,847.0,1178.0,1274.0,1752.0,1586.0,1491.0,2327.0,2285.0,2526.0,2787.0,3162.0,4174.0,4501.0,3233.0,5046.0
37153,NC,Richmond County ,44829,574.6,139.0,194.0,189.0,340.0,324.0,294.0,249.0,344.0,178.0,272.0,381.0,367.0,347.0,582.0,667.0,673.0,597.0,591.0,708.0,938.0,369.0,562.0,600.0,789.0,769.0,950.0,1465.0,1342.0,783.0,1235.0
37155,NC,Robeson County ,130625,2100.9,734.0,739.0,734.0,928.0,1634.0,2140.0,1972.0,3038.0,1495.0,1228.0,1557.0,1639.0,2212.0,1822.0,1487.0,1513.0,2080.0,2621.0,2955.0,2105.0,1628.0,2522.0,1770.0,1743.0,2455.0,2599.0,3277.0,3691.0,2618.0,6091.0
37157,NC,Rockingham County ,91010,1014.7333333333333,124.0,201.0,256.0,362.0,288.0,339.0,369.0,408.0,502.0,405.0,555.0,662.0,1029.0,900.0,606.0,643.0,923.0,1068.0,1132.0,1119.0,1355.0,1805.0,1540.0,1430.0,1988.0,1746.0,2152.0,2391.0,1535.0,2609.0
37159,NC,Rowan County ,142088,1947.9,766.0,983.0,936.0,1102.0,1206.0,1327.0,1267.0,1024.0,1235.0,1146.0,1179.0,1666.0,1282.0,870.0,839.0,1153.0,1420.0,1378.0,1072.0,1099.0,943.0,1981.0,2085.0,2454.0,2991.0,3482.0,5042.0,5399.0,4499.0,6611.0
37161,NC,Rutherford County ,67029,968.2333333333333,112.0,204.0,226.0,298.0,381.0,479.0,579.0,654.0,635.0,596.0,520.0,372.0,352.0,502.0,325.0,511.0,801.0,955.0,779.0,912.0,745.0,618.0,589.0,1233.0,1644.0,1897.0,2863.0,3112.0,2410.0,3743.0
37163,NC,Sampson County ,63531,1020.8333333333334,947.0,1026.0,925.0,821.0,573.0,729.0,663.0,382.0,384.0,334.0,182.0,361.0,372.0,342.0,327.0,1622.0,2223.0,655.0,816.0,800.0,1053.0,1391.0,1283.0,1252.0,1634.0,1640.0,1995.0,1941.0,1475.0,2477.0
37165,NC,Scotland County ,34823,569.7666666666667,85.0,101.0,89.0,87.0,119.0,149.0,224.0,302.0,447.0,472.0,780.0,700.0,701.0,554.0,729.0,1195.0,1307.0,1003.0,708.0,655.0,409.0,461.0,299.0,494.0,686.0,810.0,908.0,1035.0,629.0,955.0
37167,NC,Stanly County ,62806,986.6333333333333,257.0,375.0,857.0,741.0,710.0,655.0,759.0,873.0,994.0,1179.0,1067.0,846.0,891.0,712.0,713.0,822.0,1092.0,972.0,972.0,486.0,339.0,606.0,668.0,913.0,1086.0,1442.0,1948.0,2155.0,1527.0,2942.0
37169,NC,Stokes County ,45591,451.03333333333336,90.0,61.0,124.0,99.0,172.0,187.0,178.0,227.0,276.0,106.0,117.0,89.0,132.0,225.0,160.0,163.0,315.0,383.0,477.0,383.0,289.0,547.0,652.0,820.0,982.0,894.0,1104.0,1469.0,1187.0,1623.0
37171,NC,Surry County ,71783,974.4333333333333,400.0,370.0,417.0,473.0,447.0,524.0,645.0,752.0,554.0,515.0,457.0,551.0,439.0,302.0,216.0,263.0,495.0,593.0,720.0,934.0,1096.0,1567.0,1452.0,1339.0,1677.0,1578.0,2267.0,2901.0,2313.0,2976.0
37173,NC,Swain County ,14271,154.96666666666667,88.0,46.0,62.0,58.0,77.0,60.0,80.0,86.0,86.0,56.0,23.0,29.0,46.0,12.0,19.0,22.0,80.0,129.0,220.0,218.0,251.0,261.0,126.0,199.0,203.0,229.0,323.0,458.0,439.0,663.0
37175,NC,Transylvania County ,34385,210.96666666666667,7.0,11.0,12.0,33.0,112.0,179.0,241.0,114.0,99.0,119.0,266.0,281.0,247.0,159.0,106.0,154.0,91.0,107.0,173.0,175.0,100.0,219.0,172.0,156.0,300.0,320.0,429.0,627.0,465.0,855.0
37177,NC,Tyrrell County ,4016,38.96666666666667,3.0,4.0,12.0,32.0,139.0,210.0,129.0,67.0,30.0,42.0,25.0,13.0,20.0,6.0,16.0,21.0,8.0,13.0,15.0,56.0,21.0,22.0,9.0,16.0,21.0,12.0,91.0,40.0,13.0,63.0
37179,NC,Union County ,239859,2797.0,902.0,1168.0,1590.0,1909.0,2396.0,2575.0,2327.0,2173.0,2122.0,1797.0,2166.0,1871.0,1739.0,1476.0,1567.0,1392.0,1800.0,2011.0,1753.0,1683.0,1255.0,2413.0,2549.0,3096.0,3576.0,4730.0,6660.0,7272.0,5284.0,10658.0
37181,NC,Vance County ,44535,544.7,332.0,279.0,340.0,229.0,238.0,387.0,389.0,378.0,293.0,282.0,288.0,331.0,306.0,272.0,257.0,204.0,257.0,220.0,209.0,261.0,292.0,508.0,649.0,957.0,1230.0,1178.0,1526.0,1601.0,1071.0,1577.0
37183,NC,Wake County ,1111761,9731.966666666667,4370.0,5710.0,6665.0,7517.0,8969.0,10047.0,8789.0,8445.0,6806.0,5344.0,5695.0,8234.0,7112.0,4672.0,4186.0,4175.0,4593.0,5828.0,5152.0,4954.0,6071.0,9747.0,10150.0,11559.0,14079.0,18258.0,22539.0,23820.0,15874.0,32599.0
37185,NC,Warren County ,19731,236.46666666666667,292.0,160.0,96.0,59.0,124.0,132.0,119.0,131.0,121.0,83.0,89.0,58.0,51.0,43.0,71.0,162.0,158.0,112.0,108.0,164.0,331.0,324.0,230.0,210.0,482.0,570.0,1241.0,677.0,270.0,426.0
37187,NC,Washington County ,11580,98.63333333333334,9.0,16.0,14.0,13.0,29.0,104.0,226.0,153.0,102.0,68.0,119.0,122.0,76.0,71.0,43.0,42.0,70.0,63.0,64.0,52.0,86.0,152.0,52.0,85.0,96.0,162.0,163.0,157.0,118.0,432.0
37189,NC,Watauga County ,56177,603.5333333333333,41.0,33.0,75.0,152.0,239.0,304.0,281.0,290.0,282.0,250.0,350.0,303.0,423.0,285.0,390.0,995.0,1606.0,1361.0,923.0,556.0,391.0,528.0,471.0,803.0,1083.0,1134.0,1672.0,1014.0,569.0,1302.0
37191,NC,Wayne County ,123131,1448.2666666666667,1315.0,1156.0,952.0,929.0,744.0,724.0,730.0,748.0,682.0,750.0,970.0,985.0,788.0,755.0,843.0,1282.0,1305.0,1758.0,2029.0,2156.0,1795.0,2146.0,1510.0,1602.0,2190.0,2328.0,2901.0,2679.0,1546.0,3150.0
37193,NC,Wilkes County ,68412,789.4666666666667,145.0,188.0,79.0,142.0,155.0,271.0,244.0,281.0,362.0,722.0,495.0,413.0,373.0,258.0,307.0,401.0,578.0,654.0,958.0,737.0,886.0,1594.0,1366.0,1557.0,1442.0,1587.0,1774.0,1922.0,1425.0,2368.0
37195,NC,Wilson County ,81801,1194.9333333333334,516.0,574.0,652.0,640.0,815.0,1310.0,1278.0,894.0,685.0,529.0,584.0,598.0,609.0,803.0,829.0,1045.0,945.0,930.0,1181.0,1425.0,1457.0,1777.0,1452.0,1421.0,1764.0,1898.0,2308.0,2476.0,1650.0,2803.0
37197,NC,Yadkin County ,37667,511.53333333333336,192.0,246.0,235.0,280.0,210.0,211.0,216.0,302.0,347.0,249.0,220.0,195.0,248.0,152.0,187.0,201.0,215.0,327.0,476.0,525.0,544.0,744.0,569.0,718.0,984.0,1252.0,1387.0,1595.0,944.0,1375.0
37199,NC,Yancey County ,18069,236.86666666666667,43.0,64.0,54.0,30.0,60.0,78.0,30.0,19.0,23.0,25.0,40.0,26.0,76.0,85.0,48.0,287.0,414.0,53.0,151.0,279.0,245.0,281.0,314.0,391.0,447.0,495.0,916.0,907.0,624.0,601.0
50001,VT,Addison County ,36777,48.1,11.0,5.0,9.0,1.0,0.0,10.0,11.0,2.0,11.0,10.0,14.0,17.0,19.0,4.0,2.0,5.0,8.0,192.0,14.0,25.0,33.0,41.0,88.0,101.0,79.0,154.0,192.0,72.0,60.0,253.0
50003,VT,Bennington County ,35470,101.26666666666667,13.0,9.0,13.0,18.0,8.0,16.0,32.0,19.0,12.0,41.0,16.0,38.0,40.0,21.0,6.0,18.0,52.0,52.0,33.0,30.0,47.0,21.0,87.0,138.0,148.0,199.0,324.0,481.0,575.0,531.0
50005,VT,Caledonia County ,29993,53.6,2.0,3.0,15.0,8.0,9.0,16.0,12.0,7.0,2.0,14.0,9.0,13.0,11.0,2.0,5.0,0.0,0.0,0.0,5.0,22.0,42.0,35.0,91.0,170.0,167.0,244.0,208.0,181.0,173.0,142.0
50007,VT,Chittenden County ,163774,508.1666666666667,497.0,165.0,147.0,134.0,176.0,214.0,210.0,99.0,59.0,124.0,170.0,102.0,135.0,43.0,125.0,57.0,60.0,166.0,186.0,243.0,424.0,571.0,536.0,1012.0,1006.0,1366.0,1891.0,2154.0,1696.0,1477.0
50009,VT,Essex County ,6163,17.966666666666665,0.0,0.0,0.0,0.0,11.0,3.0,-6.0,-1.0,4.0,10.0,0.0,0.0,0.0,0.0,0.0,0.0,0.0,0.0,0.0,0.0,9.0,46.0,47.0,37.0,62.0,142.0,105.0,30.0,37.0,3.0
50011,VT,Franklin County ,49402,103.46666666666667,12.0,6.0,7.0,30.0,19.0,0.0,14.0,27.0,13.0,9.0,19.0,2.0,4.0,3.0,0.0,9.0,27.0,17.0,4.0,13.0,58.0,18.0,80.0,179.0,184.0,535.0,490.0,514.0,430.0,381.0
50013,VT,Grand Isle County ,7235,12.666666666666666,4.0,3.0,9.0,5.0,3.0,18.0,0.0,0.0,0.0,0.0,0.0,0.0,0.0,0.0,7.0,0.0,10.0,4.0,0.0,4.0,3.0,9.0,75.0,42.0,20.0,32.0,50.0,42.0,17.0,23.0
50015,VT,Lamoille County ,25362,47.06666666666667,0.0,3.0,4.0,8.0,32.0,34.0,10.0,0.0,4.0,3.0,14.0,0.0,0.0,11.0,37.0,38.0,10.0,2.0,5.0,14.0,9.0,2.0,126.0,266.0,181.0,171.0,133.0,155.0,96.0,44.0
50017,VT,Orange County ,28892,71.2,0.0,0.0,0.0,1.0,6.0,1.0,12.0,15.0,0.0,12.0,23.0,7.0,0.0,10.0,5.0,14.0,6.0,0.0,16.0,27.0,25.0,51.0,212.0,483.0,354.0,272.0,249.0,150.0,101.0,84.0
50019,VT,Orleans County ,27037,65.93333333333334,21.0,3.0,4.0,0.0,0.0,0.0,0.0,0.0,0.0,3.0,4.0,0.0,3.0,29.0,10.0,0.0,0.0,0.0,16.0,32.0,60.0,78.0,96.0,218.0,257.0,223.0,392.0,262.0,182.0,85.0
50021,VT,Rutland County ,58191,92.1,12.0,17.0,61.0,33.0,11.0,25.0,19.0,34.0,61.0,38.0,14.0,51.0,96.0,23.0,10.0,5.0,16.0,5.0,9.0,1.0,19.0,18.0,130.0,302.0,211.0,226.0,266.0,246.0,344.0,460.0
50023,VT,Washington County ,58409,196.56666666666666,5.0,9.0,0.0,1.0,8.0,12.0,12.0,11.0,32.0,30.0,20.0,17.0,10.0,22.0,68.0,9.0,7.0,14.0,86.0,140.0,139.0,103.0,695.0,1508.0,983.0,781.0,640.0,240.0,129.0,166.0
50025,VT,Windham County ,42222,91.56666666666666,17.0,17.0,46.0,21.0,16.0,8.0,8.0,5.0,5.0,17.0,44.0,69.0,19.0,0.0,0.0,0.0,9.0,30.0,22.0,55.0,64.0,52.0,77.0,124.0,180.0,345.0,389.0,257.0,318.0,533.0
50027,VT,Windsor County ,55062,82.23333333333333,17.0,0.0,8.0,17.0,16.0,21.0,31.0,11.0,12.0,13.0,11.0,11.0,20.0,14.0,11.0,13.0,29.0,59.0,57.0,59.0,64.0,52.0,104.0,107.0,219.0,229.0,364.0,302.0,253.0,343.0
