countyFIPS,State,County Name_x,population,2020-06-07_deaths,2020-06-14_deaths,2020-06-21_deaths,2020-06-28_deaths,2020-07-05_deaths,2020-07-12_deaths,2020-07-19_deaths,2020-07-26_deaths,2020-08-02_deaths,2020-08-09_deaths,2020-08-16_deaths,2020-08-23_deaths,2020-08-30_deaths,2020-09-06_deaths,2020-09-13_deaths,2020-09-20_deaths,2020-09-27_deaths,2020-10-04_deaths,2020-10-11_deaths,2020-10-18_deaths,2020-10-25_deaths,2020-11-01_deaths,2020-11-08_deaths,2020-11-15_deaths,2020-11-22_deaths,2020-11-29_deaths,2020-12-06_deaths,2020-12-13_deaths,2020-12-20_deaths,2020-12-27_deaths,2021-01-03_deaths
12001,FL,Alachua County ,269043,28.466666666666665,9.0,11.0,6.0,4.0,0.0,1.0,28.0,32.0,31.0,11.0,26.0,8.0,10.0,24.0,51.0,51.0,63.0,40.0,31.0,26.0,9.0,20.0,43.0,48.0,54.0,26.0,21.0,39.0,49.0,82.0
12003,FL,Baker County ,29210,7.533333333333333,2.0,0.0,0.0,0.0,0.0,0.0,0.0,0.0,0.0,0.0,0.0,2.0,11.0,4.0,25.0,9.0,10.0,11.0,16.0,10.0,24.0,25.0,20.0,7.0,20.0,6.0,9.0,13.0,2.0,0.0
12005,FL,Bay County ,174705,47.63333333333333,3.0,0.0,0.0,5.0,8.0,16.0,34.0,42.0,163.0,100.0,82.0,54.0,46.0,40.0,35.0,51.0,61.0,52.0,52.0,50.0,15.0,32.0,46.0,14.0,49.0,62.0,116.0,67.0,52.0,82.0
12007,FL,Bradford County ,28201,4.9,0.0,0.0,0.0,0.0,0.0,0.0,3.0,6.0,5.0,0.0,0.0,6.0,1.0,3.0,8.0,8.0,7.0,6.0,12.0,17.0,9.0,0.0,0.0,9.0,12.0,2.0,17.0,9.0,2.0,5.0
12009,FL,Brevard County ,601942,118.2,4.0,16.0,7.0,6.0,45.0,123.0,121.0,266.0,260.0,212.0,173.0,97.0,137.0,155.0,169.0,127.0,87.0,101.0,157.0,146.0,97.0,92.0,127.0,114.0,119.0,99.0,127.0,161.0,109.0,92.0
12011,FL,Broward County ,1952778,355.06666666666666,178.0,99.0,101.0,119.0,264.0,279.0,511.0,899.0,727.0,802.0,1154.0,742.0,267.0,375.0,345.0,337.0,341.0,295.0,333.0,187.0,24.0,124.0,233.0,262.0,222.0,280.0,288.0,259.0,275.0,330.0
12013,FL,Calhoun County ,14105,5.666666666666667,3.0,6.0,5.0,0.0,4.0,3.0,0.0,0.0,0.0,6.0,1.0,0.0,6.0,1.0,3.0,8.0,10.0,11.0,3.0,0.0,0.0,5.0,30.0,13.0,4.0,4.0,3.0,21.0,8.0,12.0
12015,FL,Charlotte County ,188910,38.3,26.0,12.0,12.0,2.0,11.0,16.0,15.0,28.0,26.0,47.0,62.0,22.0,39.0,39.0,62.0,33.0,27.0,36.0,63.0,34.0,13.0,36.0,61.0,42.0,73.0,68.0,61.0,44.0,53.0,86.0
12017,FL,Citrus County ,149657,59.266666666666666,0.0,0.0,0.0,7.0,2.0,23.0,14.0,45.0,67.0,25.0,45.0,62.0,53.0,52.0,76.0,113.0,74.0,49.0,77.0,42.0,20.0,36.0,41.0,63.0,64.0,97.0,138.0,165.0,155.0,173.0
12019,FL,Clay County ,219252,36.03333333333333,6.0,0.0,9.0,5.0,5.0,42.0,31.0,16.0,16.0,60.0,76.0,35.0,27.0,31.0,50.0,44.0,47.0,41.0,32.0,26.0,53.0,19.0,54.0,36.0,47.0,37.0,76.0,47.0,75.0,38.0
12021,FL,Collier County ,384902,65.56666666666666,42.0,21.0,47.0,86.0,56.0,86.0,90.0,52.0,65.0,115.0,95.0,75.0,63.0,59.0,61.0,89.0,91.0,63.0,66.0,61.0,36.0,18.0,50.0,40.0,59.0,53.0,116.0,71.0,69.0,72.0
12023,FL,Columbia County ,71686,26.966666666666665,0.0,5.0,2.0,0.0,7.0,1.0,24.0,17.0,24.0,54.0,57.0,18.0,39.0,30.0,47.0,31.0,35.0,26.0,49.0,17.0,38.0,18.0,21.0,40.0,36.0,28.0,35.0,43.0,45.0,22.0
12027,FL,DeSoto County ,38001,11.366666666666667,13.0,8.0,0.0,0.0,4.0,12.0,11.0,3.0,11.0,18.0,17.0,4.0,4.0,5.0,2.0,9.0,10.0,9.0,2.0,11.0,1.0,4.0,13.0,11.0,5.0,10.0,45.0,48.0,22.0,29.0
12029,FL,Dixie County ,16826,2.1,4.0,3.0,4.0,3.0,0.0,0.0,0.0,0.0,0.0,0.0,0.0,0.0,0.0,4.0,6.0,10.0,12.0,12.0,5.0,0.0,0.0,0.0,0.0,0.0,0.0,0.0,0.0,0.0,0.0,0.0
12031,FL,Duval County ,957755,157.93333333333334,28.0,24.0,25.0,27.0,46.0,116.0,194.0,232.0,149.0,262.0,155.0,111.0,119.0,228.0,306.0,178.0,277.0,381.0,269.0,95.0,35.0,102.0,93.0,117.0,141.0,347.0,256.0,158.0,137.0,130.0
12033,FL,Escambia County ,318316,78.73333333333333,13.0,19.0,25.0,15.0,40.0,33.0,101.0,142.0,138.0,207.0,180.0,109.0,64.0,58.0,104.0,76.0,82.0,106.0,106.0,20.0,8.0,32.0,72.0,53.0,52.0,72.0,117.0,79.0,102.0,137.0
12035,FL,Flagler County ,115081,10.266666666666667,3.0,4.0,0.0,0.0,0.0,9.0,9.0,13.0,23.0,5.0,8.0,3.0,0.0,16.0,29.0,11.0,21.0,31.0,23.0,23.0,8.0,13.0,0.0,6.0,8.0,6.0,19.0,3.0,9.0,5.0
12037,FL,Franklin County ,12125,0.9333333333333333,0.0,0.0,0.0,0.0,0.0,0.0,5.0,4.0,5.0,3.0,4.0,0.0,0.0,0.0,0.0,0.0,6.0,1.0,0.0,0.0,0.0,0.0,0.0,0.0,0.0,0.0,0.0,0.0,0.0,0.0
12039,FL,Gadsden County ,45660,13.033333333333333,5.0,9.0,7.0,5.0,2.0,12.0,21.0,30.0,32.0,25.0,31.0,12.0,7.0,63.0,24.0,10.0,10.0,16.0,16.0,19.0,11.0,2.0,0.0,1.0,6.0,0.0,7.0,1.0,6.0,1.0
12041,FL,Gilchrist County ,18582,5.5,0.0,0.0,0.0,0.0,0.0,0.0,0.0,16.0,5.0,23.0,16.0,5.0,5.0,7.0,7.0,0.0,7.0,19.0,9.0,7.0,0.0,7.0,0.0,0.0,0.0,7.0,0.0,0.0,3.0,22.0
12043,FL,Glades County ,13811,2.3333333333333335,0.0,0.0,0.0,0.0,0.0,0.0,9.0,5.0,0.0,0.0,0.0,0.0,4.0,3.0,0.0,0.0,0.0,6.0,7.0,1.0,0.0,0.0,4.0,8.0,9.0,7.0,5.0,2.0,0.0,0.0
12045,FL,Gulf County ,13639,6.3,0.0,0.0,0.0,0.0,0.0,0.0,0.0,6.0,8.0,6.0,25.0,23.0,20.0,3.0,3.0,4.0,0.0,6.0,1.0,0.0,0.0,0.0,7.0,14.0,2.0,13.0,25.0,7.0,14.0,2.0
12047,FL,Hamilton County ,14428,3.3,12.0,2.0,0.0,0.0,0.0,0.0,0.0,5.0,7.0,2.0,0.0,4.0,12.0,5.0,6.0,1.0,0.0,1.0,6.0,0.0,5.0,2.0,7.0,0.0,0.0,0.0,7.0,0.0,0.0,15.0
12049,FL,Hardee County ,26937,4.666666666666667,0.0,6.0,10.0,5.0,3.0,4.0,1.0,16.0,4.0,5.0,2.0,6.0,1.0,0.0,5.0,7.0,2.0,0.0,2.0,26.0,7.0,7.0,3.0,4.0,0.0,2.0,9.0,3.0,0.0,0.0
12051,FL,Hendry County ,42022,7.5,16.0,14.0,20.0,13.0,11.0,17.0,13.0,24.0,15.0,7.0,5.0,0.0,0.0,5.0,2.0,0.0,0.0,7.0,14.0,0.0,4.0,3.0,3.0,4.0,0.0,0.0,1.0,6.0,14.0,7.0
12053,FL,Hernando County ,193920,63.2,0.0,0.0,0.0,0.0,10.0,35.0,46.0,71.0,90.0,93.0,84.0,86.0,95.0,71.0,50.0,52.0,86.0,96.0,59.0,75.0,67.0,40.0,35.0,63.0,97.0,130.0,91.0,96.0,77.0,101.0
12055,FL,Highlands County ,106221,45.3,0.0,1.0,10.0,3.0,10.0,10.0,32.0,50.0,54.0,40.0,66.0,84.0,56.0,21.0,61.0,19.0,47.0,45.0,33.0,46.0,53.0,39.0,46.0,56.0,65.0,67.0,158.0,73.0,74.0,40.0
12057,FL,Hillsborough County ,1471968,230.43333333333334,72.0,77.0,130.0,128.0,221.0,276.0,377.0,393.0,361.0,403.0,518.0,219.0,119.0,133.0,159.0,139.0,237.0,225.0,329.0,175.0,259.0,258.0,164.0,174.0,219.0,260.0,216.0,248.0,258.0,166.0
12059,FL,Holmes County ,19617,5.9,0.0,0.0,0.0,0.0,1.0,6.0,0.0,4.0,3.0,11.0,3.0,4.0,3.0,0.0,0.0,9.0,12.0,8.0,8.0,11.0,1.0,6.0,1.0,7.0,3.0,6.0,11.0,16.0,19.0,24.0
12061,FL,Indian River County ,159923,34.56666666666667,4.0,13.0,19.0,4.0,16.0,31.0,50.0,80.0,72.0,60.0,77.0,148.0,71.0,13.0,27.0,42.0,23.0,8.0,13.0,17.0,14.0,4.0,3.0,18.0,34.0,40.0,35.0,41.0,32.0,28.0
12063,FL,Jackson County ,46414,27.266666666666666,0.0,5.0,2.0,0.0,0.0,28.0,70.0,76.0,61.0,69.0,86.0,53.0,9.0,34.0,23.0,15.0,13.0,14.0,14.0,2.0,0.0,1.0,16.0,23.0,4.0,39.0,43.0,42.0,30.0,46.0
12065,FL,Jefferson County ,14246,3.1,6.0,1.0,0.0,0.0,0.0,0.0,7.0,0.0,0.0,0.0,0.0,5.0,3.0,7.0,6.0,2.0,5.0,0.0,0.0,0.0,0.0,12.0,2.0,0.0,0.0,3.0,4.0,9.0,17.0,4.0
12067,FL,Lafayette County ,8422,5.0,0.0,0.0,0.0,0.0,0.0,0.0,0.0,5.0,2.0,7.0,12.0,17.0,24.0,3.0,9.0,5.0,0.0,12.0,9.0,3.0,4.0,2.0,17.0,2.0,2.0,5.0,0.0,0.0,2.0,8.0
12069,FL,Lake County ,367118,65.9,2.0,17.0,25.0,9.0,21.0,32.0,49.0,90.0,68.0,111.0,105.0,87.0,145.0,91.0,174.0,133.0,84.0,54.0,83.0,73.0,28.0,40.0,55.0,22.0,51.0,48.0,59.0,92.0,57.0,72.0
12071,FL,Lee County ,770577,129.33333333333334,94.0,82.0,85.0,70.0,114.0,262.0,237.0,242.0,271.0,287.0,197.0,151.0,144.0,80.0,75.0,57.0,50.0,55.0,72.0,90.0,82.0,97.0,84.0,101.0,132.0,140.0,117.0,128.0,132.0,152.0
12073,FL,Leon County ,293582,39.03333333333333,5.0,2.0,0.0,0.0,0.0,12.0,19.0,11.0,48.0,37.0,10.0,24.0,42.0,39.0,58.0,89.0,96.0,74.0,52.0,61.0,80.0,22.0,18.0,45.0,72.0,54.0,62.0,86.0,38.0,15.0
12075,FL,Levy County ,41503,4.266666666666667,0.0,0.0,0.0,0.0,3.0,4.0,0.0,4.0,9.0,8.0,0.0,6.0,5.0,10.0,3.0,4.0,4.0,3.0,2.0,11.0,1.0,0.0,0.0,1.0,8.0,5.0,11.0,16.0,8.0,2.0
12077,FL,Liberty County ,8354,3.066666666666667,1.0,0.0,0.0,0.0,0.0,1.0,6.0,0.0,12.0,22.0,1.0,0.0,0.0,0.0,0.0,5.0,2.0,4.0,10.0,0.0,7.0,2.0,8.0,9.0,2.0,0.0,0.0,0.0,0.0,0.0
12079,FL,Madison County ,18493,7.0,0.0,0.0,0.0,0.0,7.0,0.0,6.0,12.0,10.0,8.0,19.0,11.0,15.0,3.0,9.0,6.0,12.0,9.0,20.0,0.0,4.0,3.0,0.0,1.0,9.0,4.0,9.0,16.0,15.0,2.0
12081,FL,Manatee County ,403253,75.86666666666666,78.0,60.0,48.0,16.0,44.0,35.0,66.0,159.0,109.0,357.0,50.0,45.0,69.0,46.0,43.0,63.0,48.0,46.0,102.0,73.0,42.0,11.0,71.0,147.0,42.0,105.0,73.0,46.0,48.0,134.0
12083,FL,Marion County ,365579,106.8,4.0,6.0,8.0,6.0,17.0,47.0,136.0,117.0,170.0,177.0,131.0,263.0,264.0,228.0,168.0,100.0,169.0,127.0,127.0,63.0,53.0,47.0,58.0,59.0,45.0,66.0,185.0,115.0,100.0,148.0
12085,FL,Martin County ,161000,46.3,36.0,20.0,28.0,25.0,65.0,66.0,86.0,101.0,102.0,101.0,51.0,36.0,40.0,35.0,47.0,52.0,27.0,13.0,58.0,69.0,22.0,21.0,13.0,0.0,10.0,38.0,51.0,33.0,85.0,58.0
12086,FL,Miami-Dade County ,2716940,805.4333333333333,388.0,425.0,489.0,606.0,558.0,955.0,855.0,1238.0,1784.0,1290.0,1479.0,1109.0,1698.0,1384.0,1437.0,1208.0,919.0,682.0,798.0,586.0,371.0,265.0,179.0,272.0,445.0,488.0,531.0,566.0,583.0,575.0
12087,FL,Monroe County ,74228,7.233333333333333,0.0,0.0,0.0,4.0,8.0,2.0,0.0,10.0,37.0,2.0,4.0,11.0,6.0,26.0,10.0,6.0,0.0,9.0,7.0,5.0,0.0,0.0,0.0,3.0,11.0,6.0,1.0,19.0,18.0,12.0
12089,FL,Nassau County ,88625,15.166666666666666,0.0,0.0,0.0,0.0,6.0,9.0,24.0,18.0,13.0,4.0,17.0,21.0,34.0,45.0,45.0,46.0,33.0,18.0,10.0,0.0,9.0,5.0,0.0,7.0,16.0,13.0,28.0,18.0,12.0,4.0
12091,FL,Okaloosa County ,210738,51.93333333333333,0.0,0.0,0.0,9.0,15.0,15.0,38.0,55.0,79.0,81.0,122.0,68.0,45.0,74.0,43.0,61.0,56.0,37.0,41.0,25.0,4.0,16.0,47.0,18.0,29.0,121.0,110.0,124.0,147.0,78.0
12093,FL,Okeechobee County ,42168,11.9,0.0,0.0,0.0,0.0,4.0,10.0,0.0,12.0,30.0,28.0,2.0,14.0,28.0,14.0,12.0,17.0,22.0,17.0,40.0,12.0,4.0,25.0,10.0,0.0,0.0,5.0,12.0,26.0,8.0,5.0
12095,FL,Orange County ,1393452,163.76666666666668,21.0,13.0,43.0,32.0,84.0,211.0,344.0,398.0,442.0,418.0,192.0,84.0,103.0,108.0,164.0,119.0,177.0,220.0,203.0,82.0,122.0,129.0,191.0,119.0,142.0,34.0,155.0,224.0,194.0,145.0
12097,FL,Osceola County ,375751,62.63333333333333,7.0,8.0,11.0,11.0,35.0,44.0,70.0,135.0,206.0,103.0,95.0,31.0,24.0,22.0,16.0,36.0,80.0,104.0,62.0,70.0,106.0,54.0,81.0,79.0,47.0,36.0,116.0,62.0,65.0,63.0
12099,FL,Palm Beach County ,1496770,356.93333333333334,313.0,329.0,236.0,270.0,372.0,472.0,562.0,525.0,661.0,492.0,474.0,407.0,387.0,269.0,441.0,493.0,397.0,291.0,392.0,483.0,252.0,191.0,91.0,171.0,204.0,273.0,304.0,339.0,338.0,279.0
12101,FL,Pasco County ,553947,84.2,2.0,8.0,6.0,30.0,39.0,77.0,172.0,150.0,198.0,195.0,105.0,106.0,84.0,53.0,52.0,63.0,18.0,33.0,53.0,57.0,81.0,37.0,58.0,55.0,50.0,108.0,173.0,160.0,122.0,181.0
12103,FL,Pinellas County ,974996,223.23333333333332,62.0,72.0,186.0,278.0,279.0,479.0,480.0,407.0,434.0,388.0,378.0,381.0,204.0,174.0,161.0,160.0,127.0,134.0,118.0,127.0,70.0,67.0,103.0,134.0,158.0,210.0,181.0,265.0,225.0,255.0
12105,FL,Polk County ,724777,168.6,70.0,29.0,58.0,118.0,175.0,231.0,297.0,348.0,326.0,299.0,353.0,248.0,219.0,154.0,141.0,136.0,75.0,103.0,181.0,201.0,128.0,114.0,71.0,84.0,104.0,147.0,155.0,165.0,166.0,162.0
12107,FL,Putnam County ,74521,15.533333333333333,0.0,0.0,0.0,0.0,4.0,6.0,26.0,28.0,55.0,44.0,32.0,14.0,14.0,1.0,0.0,2.0,13.0,17.0,28.0,20.0,4.0,8.0,22.0,11.0,15.0,10.0,15.0,7.0,38.0,32.0
12109,FL,St. Johns County ,264672,25.0,0.0,4.0,3.0,4.0,15.0,30.0,24.0,50.0,53.0,60.0,66.0,35.0,30.0,17.0,19.0,30.0,18.0,27.0,15.0,8.0,21.0,30.0,16.0,12.0,27.0,30.0,36.0,29.0,16.0,25.0
12111,FL,St. Lucie County ,328297,86.73333333333333,14.0,46.0,30.0,33.0,69.0,99.0,126.0,173.0,227.0,272.0,158.0,147.0,73.0,84.0,48.0,88.0,103.0,71.0,105.0,88.0,64.0,31.0,48.0,67.0,63.0,53.0,39.0,26.0,54.0,103.0
12113,FL,Santa Rosa County ,184313,27.4,0.0,0.0,0.0,0.0,7.0,16.0,40.0,26.0,78.0,72.0,59.0,21.0,23.0,33.0,43.0,38.0,19.0,19.0,30.0,14.0,10.0,7.0,15.0,38.0,31.0,20.0,33.0,46.0,38.0,46.0
12115,FL,Sarasota County ,433742,99.3,45.0,28.0,21.0,14.0,12.0,12.0,67.0,54.0,88.0,246.0,89.0,112.0,115.0,98.0,121.0,65.0,58.0,106.0,170.0,172.0,112.0,58.0,49.0,78.0,128.0,64.0,177.0,255.0,185.0,180.0
12117,FL,Seminole County ,471826,70.36666666666666,2.0,10.0,16.0,14.0,23.0,76.0,164.0,144.0,205.0,219.0,126.0,98.0,50.0,86.0,61.0,59.0,88.0,82.0,20.0,20.0,33.0,48.0,51.0,51.0,61.0,68.0,81.0,66.0,35.0,54.0
12119,FL,Sumter County ,132420,24.0,0.0,0.0,0.0,0.0,5.0,9.0,25.0,44.0,74.0,27.0,16.0,16.0,42.0,28.0,37.0,18.0,32.0,31.0,23.0,34.0,19.0,11.0,11.0,16.0,16.0,39.0,18.0,59.0,49.0,21.0
12121,FL,Suwannee County ,44417,18.133333333333333,0.0,0.0,6.0,13.0,4.0,5.0,28.0,32.0,61.0,42.0,37.0,46.0,35.0,13.0,7.0,17.0,23.0,12.0,23.0,9.0,2.0,16.0,16.0,13.0,16.0,5.0,5.0,38.0,2.0,18.0
12123,FL,Taylor County ,21569,5.9,0.0,0.0,0.0,5.0,2.0,3.0,7.0,4.0,6.0,8.0,0.0,0.0,28.0,10.0,7.0,6.0,5.0,6.0,4.0,10.0,9.0,6.0,12.0,2.0,3.0,5.0,9.0,11.0,7.0,2.0
12125,FL,Union County ,15237,14.933333333333334,0.0,3.0,4.0,0.0,0.0,1.0,8.0,5.0,2.0,5.0,0.0,0.0,0.0,5.0,31.0,18.0,24.0,47.0,22.0,68.0,58.0,21.0,38.0,22.0,24.0,14.0,0.0,23.0,5.0,0.0
12127,FL,Volusia County ,553284,93.8,32.0,34.0,16.0,30.0,69.0,83.0,89.0,112.0,115.0,184.0,158.0,82.0,62.0,56.0,82.0,138.0,129.0,168.0,158.0,107.0,37.0,55.0,66.0,99.0,89.0,60.0,112.0,79.0,108.0,205.0
12129,FL,Wakulla County ,33739,5.333333333333333,0.0,0.0,0.0,0.0,0.0,0.0,0.0,10.0,11.0,6.0,1.0,12.0,5.0,8.0,3.0,3.0,4.0,0.0,0.0,3.0,4.0,0.0,5.0,3.0,12.0,8.0,19.0,17.0,6.0,20.0
12131,FL,Walton County ,74071,8.833333333333334,0.0,0.0,0.0,0.0,0.0,10.0,5.0,9.0,14.0,20.0,9.0,10.0,0.0,8.0,6.0,15.0,6.0,20.0,8.0,0.0,6.0,7.0,16.0,10.0,15.0,7.0,11.0,12.0,8.0,33.0
12133,FL,Washington County ,25473,5.866666666666666,24.0,11.0,11.0,9.0,2.0,0.0,0.0,3.0,4.0,0.0,0.0,7.0,10.0,8.0,3.0,12.0,20.0,9.0,1.0,0.0,0.0,0.0,0.0,0.0,2.0,16.0,7.0,15.0,2.0,0.0
15001,HI,Hawaii County ,201513,10.033333333333333,0.0,0.0,0.0,0.0,0.0,0.0,0.0,0.0,0.0,0.0,0.0,0.0,20.0,1.0,36.0,48.0,0.0,0.0,15.0,56.0,35.0,6.0,0.0,5.0,4.0,37.0,38.0,0.0,0.0,0.0
15003,HI,City and County of Honolulu,974563,45.5,0.0,0.0,2.0,8.0,4.0,19.0,18.0,5.0,20.0,64.0,38.0,74.0,136.0,96.0,81.0,59.0,113.0,136.0,75.0,82.0,66.0,20.0,17.0,17.0,71.0,56.0,70.0,18.0,0.0,0.0
15005,HI,Kalawao County ,86,0.0,0.0,0.0,0.0,0.0,0.0,0.0,0.0,0.0,0.0,0.0,0.0,0.0,0.0,0.0,0.0,0.0,0.0,0.0,0.0,0.0,0.0,0.0,0.0,0.0,0.0,0.0,0.0,0.0,0.0,0.0
15007,HI,Kauai County ,72293,0.23333333333333334,0.0,0.0,0.0,0.0,0.0,0.0,0.0,0.0,0.0,0.0,0.0,0.0,0.0,0.0,0.0,0.0,0.0,0.0,0.0,0.0,0.0,0.0,0.0,0.0,5.0,2.0,0.0,0.0,0.0,0.0
15009,HI,Maui County ,167417,2.566666666666667,0.0,0.0,0.0,0.0,0.0,0.0,0.0,0.0,0.0,0.0,4.0,6.0,4.0,6.0,1.0,0.0,3.0,18.0,31.0,11.0,-8.0,1.0,0.0,0.0,0.0,0.0,0.0,0.0,0.0,0.0
21001,KY,Adair County ,19202,4.666666666666667,0.0,0.0,0.0,0.0,0.0,0.0,0.0,0.0,0.0,0.0,0.0,0.0,0.0,0.0,0.0,0.0,0.0,0.0,3.0,9.0,6.0,3.0,7.0,0.0,0.0,0.0,33.0,55.0,20.0,4.0
21003,KY,Allen County ,21315,3.2666666666666666,0.0,6.0,7.0,9.0,6.0,0.0,5.0,2.0,0.0,0.0,0.0,4.0,3.0,0.0,0.0,0.0,0.0,0.0,0.0,8.0,6.0,0.0,4.0,4.0,6.0,4.0,10.0,0.0,6.0,8.0
21005,KY,Anderson County ,22747,0.3,0.0,0.0,0.0,0.0,0.0,0.0,0.0,0.0,0.0,0.0,0.0,0.0,0.0,0.0,0.0,0.0,0.0,0.0,0.0,0.0,0.0,0.0,0.0,0.0,0.0,0.0,0.0,0.0,2.0,7.0
21007,KY,Ballard County ,7888,0.4666666666666667,0.0,0.0,0.0,0.0,0.0,0.0,0.0,0.0,0.0,0.0,0.0,0.0,5.0,2.0,0.0,0.0,0.0,0.0,0.0,0.0,0.0,0.0,0.0,5.0,2.0,0.0,0.0,0.0,0.0,0.0
21009,KY,Barren County ,44249,7.933333333333334,6.0,1.0,0.0,0.0,0.0,0.0,0.0,0.0,0.0,5.0,16.0,14.0,14.0,16.0,12.0,0.0,0.0,0.0,0.0,0.0,0.0,4.0,31.0,41.0,18.0,28.0,29.0,-3.0,1.0,5.0
21011,KY,Bath County ,12500,1.4333333333333333,0.0,0.0,0.0,0.0,0.0,0.0,0.0,0.0,0.0,0.0,0.0,0.0,0.0,0.0,0.0,0.0,0.0,0.0,0.0,0.0,0.0,0.0,0.0,0.0,0.0,0.0,0.0,7.0,10.0,26.0
21013,KY,Bell County ,26032,6.066666666666666,0.0,0.0,0.0,0.0,0.0,3.0,4.0,7.0,6.0,11.0,6.0,11.0,8.0,14.0,10.0,9.0,15.0,5.0,3.0,6.0,1.0,0.0,5.0,2.0,3.0,8.0,4.0,13.0,9.0,19.0
21015,KY,Boone County ,133581,4.8,15.0,21.0,2.0,0.0,0.0,0.0,3.0,4.0,0.0,0.0,0.0,5.0,2.0,0.0,0.0,0.0,0.0,0.0,0.0,0.0,0.0,0.0,0.0,10.0,14.0,19.0,15.0,12.0,0.0,22.0
21017,KY,Bourbon County ,19788,0.0,0.0,0.0,0.0,0.0,0.0,0.0,0.0,0.0,0.0,0.0,0.0,0.0,0.0,0.0,0.0,0.0,0.0,0.0,0.0,0.0,0.0,0.0,0.0,0.0,0.0,0.0,0.0,0.0,0.0,0.0
21019,KY,Boyd County ,46718,6.533333333333333,0.0,0.0,0.0,0.0,0.0,0.0,0.0,0.0,0.0,0.0,7.0,0.0,0.0,0.0,3.0,15.0,17.0,20.0,25.0,32.0,12.0,6.0,3.0,3.0,4.0,6.0,17.0,14.0,11.0,1.0
21021,KY,Boyle County ,30060,0.5333333333333333,0.0,0.0,0.0,0.0,0.0,0.0,0.0,0.0,0.0,0.0,0.0,0.0,0.0,0.0,0.0,0.0,0.0,0.0,0.0,0.0,0.0,0.0,0.0,0.0,0.0,0.0,0.0,0.0,3.0,13.0
21023,KY,Bracken County ,8303,0.7,0.0,0.0,0.0,0.0,0.0,0.0,0.0,0.0,0.0,0.0,0.0,0.0,0.0,0.0,0.0,0.0,0.0,0.0,4.0,3.0,0.0,0.0,12.0,2.0,0.0,0.0,0.0,0.0,0.0,0.0
21025,KY,Breathitt County ,12630,0.7,0.0,0.0,0.0,0.0,0.0,0.0,0.0,0.0,0.0,0.0,0.0,0.0,0.0,0.0,0.0,0.0,0.0,0.0,0.0,0.0,5.0,4.0,5.0,6.0,1.0,0.0,0.0,0.0,0.0,0.0
21027,KY,Breckinridge County ,20477,0.7,0.0,0.0,0.0,0.0,0.0,0.0,0.0,0.0,0.0,0.0,0.0,0.0,0.0,0.0,0.0,0.0,0.0,0.0,0.0,0.0,0.0,4.0,3.0,4.0,3.0,0.0,0.0,0.0,2.0,5.0
21029,KY,Bullitt County ,81676,6.133333333333334,0.0,0.0,0.0,0.0,0.0,0.0,0.0,0.0,3.0,4.0,0.0,0.0,0.0,14.0,13.0,1.0,11.0,7.0,11.0,6.0,1.0,10.0,33.0,7.0,5.0,0.0,19.0,10.0,17.0,12.0
21031,KY,Butler County ,12879,0.7,0.0,1.0,6.0,0.0,0.0,0.0,0.0,5.0,2.0,0.0,5.0,2.0,0.0,0.0,0.0,0.0,0.0,0.0,0.0,0.0,0.0,0.0,0.0,0.0,0.0,0.0,0.0,0.0,0.0,0.0
21033,KY,Caldwell County ,12747,3.5,0.0,0.0,0.0,0.0,0.0,0.0,0.0,0.0,0.0,0.0,0.0,0.0,0.0,0.0,0.0,0.0,0.0,0.0,0.0,0.0,0.0,0.0,0.0,5.0,4.0,37.0,26.0,18.0,15.0,0.0
21035,KY,Calloway County ,39001,5.6,0.0,0.0,0.0,0.0,0.0,0.0,6.0,1.0,13.0,1.0,7.0,0.0,13.0,6.0,2.0,0.0,4.0,3.0,0.0,0.0,4.0,3.0,0.0,15.0,18.0,15.0,1.0,12.0,29.0,15.0
21037,KY,Campbell County ,93584,3.0,0.0,0.0,0.0,6.0,1.0,0.0,0.0,0.0,0.0,0.0,0.0,0.0,12.0,2.0,0.0,0.0,0.0,0.0,0.0,0.0,0.0,0.0,0.0,16.0,19.0,4.0,5.0,5.0,2.0,18.0
21039,KY,Carlisle County ,4760,0.0,0.0,0.0,0.0,0.0,0.0,0.0,0.0,0.0,0.0,0.0,0.0,0.0,0.0,0.0,0.0,0.0,0.0,0.0,0.0,0.0,0.0,0.0,0.0,0.0,0.0,0.0,0.0,0.0,0.0,0.0
21041,KY,Carroll County ,10631,1.4666666666666666,0.0,0.0,0.0,4.0,3.0,3.0,4.0,0.0,0.0,0.0,0.0,3.0,13.0,5.0,0.0,0.0,0.0,0.0,0.0,0.0,0.0,4.0,3.0,0.0,0.0,0.0,0.0,4.0,-4.0,2.0
21043,KY,Carter County ,26797,1.4,0.0,0.0,0.0,0.0,0.0,6.0,1.0,0.0,0.0,4.0,9.0,1.0,0.0,0.0,0.0,0.0,0.0,2.0,5.0,0.0,0.0,0.0,0.0,2.0,5.0,0.0,0.0,0.0,5.0,2.0
21045,KY,Casey County ,16159,5.433333333333334,0.0,0.0,0.0,0.0,5.0,21.0,28.0,13.0,3.0,3.0,4.0,0.0,24.0,4.0,0.0,0.0,0.0,0.0,0.0,0.0,4.0,3.0,0.0,0.0,0.0,0.0,12.0,17.0,17.0,5.0
21047,KY,Christian County ,70461,11.2,0.0,0.0,4.0,3.0,0.0,0.0,2.0,9.0,7.0,18.0,6.0,6.0,13.0,5.0,24.0,19.0,19.0,18.0,5.0,8.0,13.0,11.0,18.0,25.0,13.0,23.0,15.0,19.0,23.0,10.0
21049,KY,Clark County ,36263,3.5,0.0,0.0,27.0,8.0,4.0,4.0,6.0,0.0,0.0,0.0,3.0,4.0,0.0,0.0,0.0,0.0,8.0,6.0,0.0,5.0,5.0,4.0,0.0,0.0,0.0,0.0,5.0,5.0,11.0,0.0
21051,KY,Clay County ,19901,1.6,6.0,5.0,2.0,0.0,3.0,4.0,0.0,5.0,2.0,0.0,4.0,3.0,0.0,0.0,0.0,0.0,0.0,0.0,0.0,0.0,0.0,0.0,4.0,8.0,2.0,0.0,0.0,0.0,0.0,0.0
21053,KY,Clinton County ,10218,3.533333333333333,0.0,0.0,0.0,0.0,0.0,0.0,0.0,0.0,2.0,5.0,0.0,0.0,3.0,4.0,0.0,0.0,0.0,0.0,0.0,5.0,2.0,0.0,4.0,3.0,0.0,0.0,18.0,33.0,17.0,10.0
21055,KY,Crittenden County ,8806,0.4666666666666667,0.0,0.0,0.0,0.0,0.0,0.0,0.0,0.0,0.0,0.0,0.0,0.0,0.0,0.0,0.0,0.0,0.0,0.0,0.0,0.0,0.0,0.0,0.0,0.0,0.0,7.0,7.0,0.0,0.0,0.0
21057,KY,Cumberland County ,6614,0.9333333333333333,0.0,0.0,0.0,0.0,0.0,0.0,0.0,0.0,0.0,0.0,0.0,0.0,0.0,0.0,0.0,0.0,0.0,0.0,0.0,0.0,0.0,0.0,0.0,0.0,0.0,0.0,7.0,7.0,4.0,10.0
21059,KY,Daviess County ,101511,15.866666666666667,11.0,0.0,0.0,0.0,0.0,0.0,-6.0,-1.0,9.0,5.0,6.0,7.0,1.0,4.0,11.0,6.0,0.0,23.0,36.0,35.0,20.0,18.0,14.0,34.0,39.0,42.0,26.0,47.0,64.0,25.0
21061,KY,Edmonson County ,12150,0.6,4.0,0.0,0.0,0.0,4.0,3.0,0.0,0.0,0.0,0.0,0.0,0.0,0.0,0.0,0.0,0.0,0.0,0.0,0.0,0.0,0.0,0.0,0.0,0.0,5.0,2.0,0.0,0.0,0.0,0.0
21063,KY,Elliott County ,7517,0.23333333333333334,0.0,0.0,0.0,0.0,0.0,0.0,0.0,0.0,0.0,0.0,0.0,0.0,0.0,0.0,0.0,0.0,0.0,0.0,0.0,0.0,0.0,0.0,0.0,0.0,0.0,3.0,4.0,0.0,0.0,0.0
21065,KY,Estill County ,14106,0.0,0.0,0.0,0.0,0.0,0.0,0.0,0.0,0.0,0.0,0.0,0.0,0.0,0.0,0.0,0.0,0.0,0.0,0.0,0.0,0.0,0.0,0.0,0.0,0.0,0.0,0.0,0.0,0.0,0.0,0.0
21067,KY,Fayette County ,323152,30.0,11.0,20.0,22.0,43.0,25.0,60.0,20.0,21.0,10.0,13.0,19.0,6.0,31.0,21.0,47.0,35.0,30.0,20.0,24.0,29.0,32.0,22.0,20.0,37.0,26.0,66.0,68.0,46.0,39.0,37.0
21069,KY,Fleming County ,14581,0.4666666666666667,0.0,0.0,0.0,0.0,0.0,0.0,0.0,0.0,0.0,0.0,0.0,0.0,0.0,0.0,0.0,0.0,0.0,0.0,0.0,0.0,0.0,0.0,0.0,0.0,0.0,0.0,4.0,3.0,6.0,1.0
21071,KY,Floyd County ,35589,3.2666666666666666,0.0,0.0,0.0,0.0,0.0,6.0,1.0,0.0,7.0,0.0,0.0,0.0,0.0,0.0,0.0,0.0,12.0,2.0,0.0,0.0,0.0,0.0,0.0,6.0,9.0,10.0,8.0,2.0,2.0,33.0
21073,KY,Franklin County ,50991,4.266666666666667,7.0,3.0,5.0,6.0,0.0,3.0,4.0,0.0,8.0,13.0,21.0,0.0,0.0,0.0,0.0,0.0,0.0,6.0,6.0,9.0,0.0,0.0,0.0,0.0,0.0,11.0,10.0,0.0,4.0,12.0
21075,KY,Fulton County ,5969,0.9333333333333333,0.0,0.0,0.0,0.0,5.0,2.0,0.0,0.0,2.0,5.0,0.0,0.0,0.0,0.0,0.0,3.0,4.0,0.0,0.0,0.0,0.0,0.0,0.0,0.0,1.0,6.0,0.0,0.0,0.0,0.0
21077,KY,Gallatin County ,8869,1.0666666666666667,12.0,4.0,0.0,0.0,0.0,0.0,0.0,0.0,0.0,0.0,4.0,3.0,0.0,0.0,0.0,0.0,0.0,0.0,0.0,0.0,0.0,0.0,0.0,4.0,3.0,0.0,0.0,0.0,0.0,2.0
21079,KY,Garrard County ,17666,0.9333333333333333,0.0,0.0,0.0,0.0,0.0,0.0,0.0,0.0,0.0,0.0,7.0,7.0,0.0,5.0,2.0,0.0,0.0,0.0,0.0,0.0,7.0,0.0,0.0,0.0,0.0,0.0,0.0,0.0,0.0,0.0
21081,KY,Grant County ,25069,0.5666666666666667,0.0,0.0,0.0,0.0,3.0,4.0,0.0,0.0,0.0,6.0,1.0,0.0,0.0,0.0,0.0,0.0,0.0,0.0,0.0,0.0,0.0,0.0,0.0,0.0,0.0,0.0,0.0,0.0,0.0,3.0
21083,KY,Graves County ,37266,6.6,4.0,0.0,6.0,1.0,0.0,0.0,0.0,5.0,9.0,16.0,15.0,9.0,2.0,0.0,0.0,0.0,0.0,0.0,0.0,0.0,7.0,2.0,12.0,11.0,9.0,22.0,14.0,14.0,22.0,18.0
21085,KY,Grayson County ,26427,5.233333333333333,3.0,0.0,0.0,4.0,3.0,0.0,0.0,0.0,0.0,0.0,0.0,0.0,6.0,5.0,3.0,3.0,4.0,0.0,7.0,1.0,6.0,4.0,10.0,6.0,1.0,35.0,7.0,10.0,16.0,23.0
21087,KY,Green County ,10941,2.3333333333333335,0.0,5.0,2.0,0.0,0.0,0.0,0.0,4.0,3.0,0.0,3.0,22.0,10.0,4.0,3.0,0.0,0.0,0.0,0.0,0.0,0.0,0.0,7.0,6.0,1.0,0.0,0.0,0.0,0.0,0.0
21089,KY,Greenup County ,35098,4.433333333333334,0.0,0.0,0.0,0.0,0.0,0.0,0.0,4.0,3.0,0.0,0.0,5.0,2.0,0.0,8.0,6.0,0.0,5.0,11.0,22.0,14.0,4.0,0.0,0.0,0.0,13.0,22.0,3.0,9.0,2.0
21091,KY,Hancock County ,8722,2.566666666666667,0.0,0.0,0.0,0.0,0.0,0.0,0.0,0.0,0.0,0.0,0.0,0.0,0.0,0.0,0.0,0.0,0.0,2.0,5.0,4.0,6.0,14.0,11.0,11.0,8.0,2.0,0.0,3.0,11.0,0.0
21093,KY,Hardin County ,110958,9.333333333333334,12.0,8.0,1.0,6.0,1.0,5.0,5.0,4.0,0.0,0.0,0.0,4.0,6.0,4.0,0.0,6.0,1.0,2.0,5.0,4.0,3.0,22.0,47.0,17.0,28.0,20.0,17.0,26.0,21.0,5.0
21095,KY,Harlan County ,26010,4.533333333333333,0.0,3.0,10.0,1.0,0.0,0.0,1.0,6.0,0.0,0.0,9.0,12.0,14.0,11.0,3.0,0.0,1.0,13.0,7.0,2.0,5.0,0.0,3.0,4.0,0.0,0.0,5.0,2.0,10.0,14.0
21097,KY,Harrison County ,18886,0.23333333333333334,0.0,0.0,0.0,0.0,0.0,0.0,0.0,0.0,0.0,0.0,0.0,0.0,0.0,0.0,0.0,0.0,0.0,3.0,4.0,0.0,0.0,0.0,0.0,0.0,0.0,0.0,0.0,0.0,0.0,0.0
21099,KY,Hart County ,19035,2.1,0.0,0.0,0.0,0.0,0.0,0.0,0.0,0.0,0.0,0.0,5.0,2.0,0.0,0.0,0.0,0.0,0.0,0.0,0.0,0.0,0.0,0.0,6.0,8.0,2.0,7.0,5.0,0.0,5.0,23.0
21101,KY,Henderson County ,45210,9.866666666666667,0.0,0.0,0.0,0.0,0.0,0.0,0.0,0.0,0.0,0.0,0.0,0.0,0.0,0.0,0.0,0.0,6.0,18.0,60.0,52.0,36.0,10.0,8.0,19.0,10.0,22.0,8.0,7.0,27.0,13.0
21103,KY,Henry County ,16126,0.9333333333333333,6.0,1.0,0.0,0.0,0.0,0.0,0.0,0.0,0.0,0.0,0.0,0.0,7.0,0.0,0.0,0.0,0.0,0.0,0.0,0.0,0.0,0.0,7.0,0.0,0.0,0.0,0.0,0.0,6.0,1.0
21105,KY,Hickman County ,4380,1.1666666666666667,0.0,0.0,0.0,0.0,0.0,0.0,0.0,0.0,0.0,0.0,0.0,0.0,0.0,0.0,0.0,0.0,6.0,1.0,0.0,0.0,0.0,0.0,0.0,0.0,3.0,8.0,3.0,0.0,2.0,12.0
21107,KY,Hopkins County ,44686,11.433333333333334,2.0,2.0,5.0,0.0,7.0,0.0,0.0,0.0,0.0,9.0,9.0,3.0,0.0,3.0,13.0,5.0,0.0,1.0,8.0,11.0,7.0,1.0,6.0,5.0,7.0,27.0,34.0,60.0,61.0,57.0
21109,KY,Jackson County ,13329,1.5333333333333334,0.0,0.0,0.0,5.0,2.0,0.0,0.0,0.0,0.0,0.0,4.0,3.0,0.0,0.0,9.0,5.0,0.0,0.0,0.0,0.0,0.0,0.0,0.0,0.0,0.0,0.0,3.0,4.0,6.0,5.0
21111,KY,Jefferson County ,766757,85.76666666666667,64.0,64.0,42.0,55.0,59.0,49.0,43.0,97.0,39.0,68.0,68.0,48.0,50.0,88.0,80.0,52.0,64.0,55.0,48.0,111.0,144.0,148.0,117.0,139.0,147.0,147.0,109.0,133.0,116.0,129.0
21113,KY,Jessamine County ,54115,10.766666666666667,0.0,0.0,0.0,0.0,0.0,0.0,0.0,0.0,0.0,0.0,0.0,0.0,0.0,0.0,0.0,0.0,0.0,0.0,8.0,38.0,36.0,31.0,47.0,31.0,17.0,23.0,33.0,19.0,16.0,24.0
21115,KY,Johnson County ,22188,3.5,0.0,0.0,0.0,0.0,0.0,0.0,0.0,0.0,0.0,0.0,0.0,7.0,0.0,0.0,0.0,0.0,7.0,0.0,0.0,0.0,0.0,0.0,0.0,3.0,7.0,13.0,38.0,9.0,14.0,7.0
21117,KY,Kenton County ,166998,7.533333333333333,8.0,6.0,0.0,0.0,6.0,1.0,0.0,0.0,15.0,13.0,0.0,0.0,13.0,8.0,6.0,4.0,23.0,2.0,0.0,0.0,10.0,4.0,2.0,25.0,21.0,19.0,11.0,13.0,7.0,9.0
21119,KY,Knott County ,14806,3.2333333333333334,0.0,0.0,0.0,0.0,0.0,0.0,0.0,5.0,2.0,0.0,0.0,0.0,0.0,0.0,0.0,0.0,0.0,0.0,4.0,10.0,13.0,15.0,9.0,5.0,0.0,0.0,0.0,10.0,17.0,7.0
21121,KY,Knox County ,31145,2.3333333333333335,0.0,0.0,0.0,0.0,28.0,15.0,10.0,3.0,0.0,0.0,0.0,7.0,0.0,0.0,0.0,0.0,0.0,0.0,0.0,0.0,5.0,2.0,0.0,0.0,0.0,0.0,0.0,0.0,0.0,0.0
21123,KY,LaRue County ,14398,0.9,5.0,2.0,0.0,0.0,0.0,0.0,0.0,0.0,0.0,0.0,0.0,0.0,0.0,0.0,0.0,0.0,0.0,0.0,0.0,0.0,0.0,0.0,0.0,0.0,0.0,0.0,0.0,7.0,7.0,6.0
21125,KY,Laurel County ,60813,2.8333333333333335,0.0,0.0,5.0,2.0,0.0,5.0,2.0,0.0,3.0,4.0,0.0,0.0,0.0,0.0,3.0,4.0,0.0,0.0,6.0,1.0,3.0,14.0,11.0,0.0,0.0,1.0,6.0,0.0,1.0,14.0
21127,KY,Lawrence County ,15317,1.1,0.0,0.0,0.0,0.0,0.0,0.0,0.0,0.0,0.0,0.0,0.0,0.0,0.0,0.0,0.0,0.0,0.0,0.0,0.0,0.0,0.0,0.0,5.0,2.0,0.0,3.0,5.0,13.0,0.0,5.0
21129,KY,Lee County ,7403,4.2,0.0,0.0,0.0,0.0,0.0,0.0,0.0,0.0,0.0,0.0,0.0,0.0,0.0,0.0,0.0,0.0,0.0,0.0,0.0,9.0,26.0,18.0,16.0,16.0,12.0,8.0,12.0,5.0,4.0,0.0
21131,KY,Leslie County ,9877,0.23333333333333334,0.0,0.0,0.0,0.0,0.0,0.0,0.0,0.0,0.0,0.0,0.0,0.0,0.0,0.0,0.0,0.0,0.0,0.0,0.0,3.0,4.0,0.0,0.0,0.0,0.0,0.0,0.0,0.0,0.0,0.0
21133,KY,Letcher County ,21553,0.8,0.0,0.0,0.0,0.0,0.0,0.0,0.0,0.0,0.0,0.0,11.0,3.0,0.0,0.0,0.0,0.0,0.0,0.0,0.0,0.0,0.0,0.0,0.0,0.0,0.0,0.0,0.0,1.0,9.0,0.0
21135,KY,Lewis County ,13275,5.366666666666666,0.0,0.0,0.0,0.0,0.0,0.0,0.0,0.0,0.0,3.0,11.0,50.0,15.0,18.0,1.0,0.0,4.0,3.0,0.0,0.0,9.0,5.0,2.0,7.0,10.0,6.0,10.0,0.0,0.0,7.0
21137,KY,Lincoln County ,24549,5.2,0.0,0.0,0.0,0.0,0.0,0.0,0.0,0.0,0.0,7.0,0.0,6.0,46.0,12.0,8.0,5.0,4.0,14.0,5.0,14.0,5.0,0.0,4.0,3.0,0.0,0.0,0.0,4.0,13.0,6.0
21139,KY,Livingston County ,9194,1.4333333333333333,0.0,0.0,0.0,0.0,0.0,0.0,0.0,7.0,0.0,0.0,0.0,0.0,0.0,0.0,0.0,0.0,0.0,0.0,0.0,0.0,0.0,2.0,5.0,0.0,3.0,4.0,5.0,2.0,7.0,8.0
21141,KY,Logan County ,27102,8.1,20.0,17.0,9.0,5.0,9.0,16.0,27.0,15.0,11.0,2.0,10.0,10.0,1.0,2.0,5.0,3.0,5.0,9.0,4.0,3.0,4.0,0.0,6.0,8.0,4.0,12.0,5.0,4.0,7.0,10.0
21143,KY,Lyon County ,8210,0.5,0.0,0.0,0.0,0.0,0.0,0.0,0.0,5.0,2.0,0.0,0.0,0.0,0.0,0.0,0.0,0.0,0.0,0.0,0.0,0.0,0.0,3.0,4.0,0.0,0.0,0.0,0.0,0.0,0.0,1.0
21145,KY,McCracken County ,65418,9.066666666666666,6.0,1.0,0.0,0.0,0.0,0.0,0.0,5.0,2.0,2.0,5.0,4.0,3.0,0.0,0.0,21.0,7.0,3.0,4.0,4.0,3.0,0.0,0.0,14.0,42.0,61.0,13.0,25.0,29.0,18.0
21147,KY,McCreary County ,17231,0.3,0.0,0.0,0.0,0.0,0.0,0.0,0.0,0.0,0.0,0.0,0.0,0.0,0.0,0.0,0.0,0.0,3.0,4.0,0.0,0.0,0.0,0.0,0.0,0.0,0.0,0.0,0.0,0.0,0.0,2.0
21149,KY,McLean County ,9207,4.433333333333334,0.0,0.0,0.0,0.0,0.0,0.0,0.0,0.0,0.0,0.0,0.0,0.0,0.0,0.0,0.0,0.0,0.0,0.0,8.0,6.0,4.0,11.0,22.0,26.0,19.0,17.0,11.0,6.0,3.0,0.0
21151,KY,Madison County ,92987,8.233333333333333,0.0,0.0,0.0,0.0,0.0,0.0,0.0,0.0,0.0,0.0,3.0,8.0,5.0,5.0,8.0,9.0,4.0,0.0,18.0,20.0,5.0,6.0,0.0,16.0,12.0,7.0,7.0,20.0,37.0,57.0
21153,KY,Magoffin County ,12161,0.23333333333333334,0.0,0.0,0.0,0.0,0.0,0.0,0.0,0.0,0.0,0.0,0.0,0.0,0.0,0.0,0.0,0.0,0.0,0.0,0.0,0.0,0.0,0.0,5.0,2.0,0.0,0.0,0.0,0.0,0.0,0.0
21155,KY,Marion County ,19273,4.666666666666667,0.0,0.0,0.0,0.0,0.0,0.0,0.0,0.0,0.0,0.0,4.0,10.0,5.0,20.0,10.0,6.0,1.0,0.0,1.0,11.0,2.0,1.0,9.0,4.0,0.0,7.0,7.0,12.0,27.0,3.0
21157,KY,Marshall County ,31100,4.2,0.0,0.0,0.0,0.0,0.0,0.0,0.0,0.0,0.0,0.0,0.0,0.0,0.0,0.0,0.0,8.0,6.0,0.0,0.0,16.0,5.0,4.0,9.0,9.0,8.0,21.0,23.0,6.0,4.0,7.0
21159,KY,Martin County ,11195,2.3333333333333335,0.0,0.0,0.0,0.0,0.0,0.0,0.0,0.0,0.0,0.0,0.0,0.0,12.0,2.0,2.0,5.0,0.0,0.0,0.0,0.0,0.0,8.0,6.0,0.0,16.0,8.0,8.0,3.0,0.0,0.0
21161,KY,Mason County ,17070,4.033333333333333,0.0,0.0,0.0,0.0,6.0,1.0,0.0,0.0,0.0,0.0,4.0,3.0,0.0,0.0,0.0,0.0,0.0,0.0,0.0,0.0,0.0,0.0,0.0,0.0,0.0,7.0,9.0,31.0,32.0,28.0
21163,KY,Meade County ,28572,0.4666666666666667,0.0,0.0,0.0,0.0,0.0,0.0,0.0,0.0,0.0,5.0,2.0,0.0,0.0,0.0,0.0,0.0,0.0,0.0,0.0,0.0,4.0,3.0,0.0,0.0,0.0,0.0,0.0,0.0,0.0,0.0
21165,KY,Menifee County ,6489,0.3,0.0,0.0,0.0,0.0,0.0,0.0,0.0,0.0,0.0,0.0,0.0,0.0,0.0,0.0,0.0,0.0,3.0,4.0,0.0,0.0,0.0,0.0,0.0,0.0,0.0,0.0,0.0,0.0,0.0,2.0
21167,KY,Mercer County ,21933,1.4,0.0,0.0,0.0,0.0,0.0,0.0,0.0,0.0,0.0,0.0,5.0,2.0,0.0,0.0,2.0,5.0,10.0,11.0,0.0,7.0,0.0,0.0,0.0,0.0,0.0,0.0,0.0,0.0,0.0,0.0
21169,KY,Metcalfe County ,10071,1.2666666666666666,3.0,0.0,0.0,0.0,0.0,0.0,0.0,0.0,0.0,0.0,0.0,0.0,0.0,0.0,0.0,0.0,0.0,0.0,0.0,0.0,0.0,0.0,0.0,0.0,8.0,12.0,10.0,5.0,0.0,0.0
21171,KY,Monroe County ,10650,6.0,0.0,0.0,3.0,4.0,6.0,1.0,0.0,0.0,0.0,0.0,0.0,0.0,6.0,5.0,3.0,0.0,0.0,0.0,0.0,0.0,0.0,6.0,1.0,16.0,30.0,36.0,9.0,4.0,23.0,27.0
21173,KY,Montgomery County ,28157,2.8,0.0,0.0,0.0,0.0,0.0,0.0,0.0,0.0,0.0,0.0,3.0,4.0,0.0,0.0,10.0,4.0,0.0,0.0,6.0,1.0,5.0,15.0,6.0,2.0,3.0,14.0,8.0,3.0,0.0,0.0
21175,KY,Morgan County ,13309,0.0,0.0,0.0,0.0,0.0,0.0,0.0,0.0,0.0,0.0,0.0,0.0,0.0,0.0,0.0,0.0,0.0,0.0,0.0,0.0,0.0,0.0,0.0,0.0,0.0,0.0,0.0,0.0,0.0,0.0,0.0
21177,KY,Muhlenberg County ,30622,4.766666666666667,1.0,0.0,0.0,0.0,0.0,3.0,4.0,1.0,8.0,5.0,0.0,0.0,0.0,2.0,5.0,0.0,0.0,0.0,0.0,6.0,5.0,22.0,15.0,1.0,0.0,3.0,8.0,19.0,23.0,12.0
21179,KY,Nelson County ,46233,3.7333333333333334,0.0,0.0,0.0,0.0,7.0,0.0,0.0,0.0,0.0,0.0,0.0,0.0,2.0,9.0,3.0,0.0,0.0,0.0,0.0,0.0,0.0,0.0,0.0,8.0,6.0,8.0,28.0,29.0,12.0,0.0
21181,KY,Nicholas County ,7269,0.7,0.0,0.0,0.0,0.0,0.0,0.0,0.0,0.0,0.0,2.0,5.0,0.0,0.0,0.0,0.0,0.0,0.0,0.0,0.0,4.0,9.0,1.0,0.0,0.0,0.0,0.0,0.0,0.0,0.0,0.0
21183,KY,Ohio County ,23994,6.033333333333333,0.0,0.0,0.0,0.0,0.0,6.0,12.0,21.0,13.0,10.0,1.0,0.0,0.0,0.0,0.0,0.0,0.0,0.0,0.0,0.0,6.0,7.0,4.0,17.0,13.0,13.0,8.0,22.0,17.0,11.0
21185,KY,Oldham County ,66799,10.0,2.0,5.0,0.0,5.0,2.0,1.0,9.0,16.0,26.0,9.0,26.0,23.0,7.0,5.0,4.0,0.0,3.0,4.0,0.0,0.0,0.0,0.0,6.0,21.0,16.0,16.0,20.0,55.0,20.0,-1.0
21187,KY,Owen County ,10901,1.3666666666666667,0.0,0.0,0.0,0.0,0.0,0.0,0.0,0.0,0.0,0.0,0.0,0.0,7.0,5.0,2.0,0.0,0.0,0.0,0.0,7.0,0.0,0.0,0.0,0.0,0.0,0.0,0.0,0.0,7.0,13.0
21189,KY,Owsley County ,4415,2.3333333333333335,0.0,0.0,0.0,0.0,0.0,0.0,0.0,0.0,0.0,0.0,0.0,0.0,3.0,4.0,0.0,0.0,0.0,0.0,0.0,0.0,0.0,0.0,0.0,0.0,0.0,0.0,15.0,12.0,36.0,0.0
21191,KY,Pendleton County ,14590,0.23333333333333334,0.0,0.0,0.0,0.0,0.0,0.0,0.0,0.0,0.0,0.0,0.0,0.0,0.0,0.0,0.0,0.0,0.0,0.0,0.0,0.0,0.0,0.0,7.0,0.0,0.0,0.0,0.0,0.0,0.0,0.0
21193,KY,Perry County ,25758,3.5,0.0,4.0,3.0,0.0,5.0,2.0,0.0,3.0,4.0,1.0,20.0,7.0,5.0,2.0,0.0,4.0,3.0,0.0,0.0,0.0,0.0,0.0,2.0,5.0,6.0,1.0,0.0,0.0,6.0,22.0
21195,KY,Pike County ,57876,7.233333333333333,0.0,0.0,0.0,0.0,4.0,3.0,0.0,0.0,0.0,0.0,0.0,0.0,0.0,0.0,0.0,0.0,0.0,0.0,0.0,0.0,5.0,9.0,21.0,37.0,41.0,20.0,38.0,24.0,17.0,-2.0
21197,KY,Powell County ,12359,0.0,0.0,0.0,0.0,0.0,0.0,0.0,0.0,0.0,0.0,0.0,0.0,0.0,0.0,0.0,0.0,0.0,0.0,0.0,0.0,0.0,0.0,0.0,0.0,0.0,0.0,0.0,0.0,0.0,0.0,0.0
21199,KY,Pulaski County ,64979,7.533333333333333,0.0,0.0,0.0,0.0,0.0,0.0,0.0,0.0,6.0,15.0,4.0,3.0,6.0,4.0,14.0,4.0,3.0,4.0,6.0,8.0,0.0,0.0,0.0,0.0,0.0,0.0,14.0,45.0,26.0,64.0
21201,KY,Robertson County ,2108,1.1666666666666667,0.0,0.0,0.0,0.0,0.0,0.0,0.0,0.0,0.0,0.0,0.0,0.0,0.0,0.0,0.0,0.0,0.0,6.0,1.0,0.0,0.0,0.0,1.0,6.0,0.0,6.0,1.0,8.0,6.0,0.0
21203,KY,Rockcastle County ,16695,1.8666666666666667,0.0,0.0,0.0,0.0,0.0,0.0,0.0,0.0,0.0,0.0,0.0,0.0,3.0,4.0,0.0,0.0,0.0,0.0,0.0,4.0,3.0,0.0,8.0,16.0,7.0,4.0,0.0,0.0,2.0,5.0
21205,KY,Rowan County ,24460,0.7,0.0,0.0,0.0,0.0,0.0,0.0,0.0,0.0,0.0,0.0,0.0,0.0,0.0,5.0,2.0,0.0,0.0,0.0,0.0,0.0,4.0,3.0,0.0,0.0,0.0,0.0,0.0,1.0,6.0,0.0
21207,KY,Russell County ,17923,4.7,0.0,0.0,0.0,0.0,3.0,4.0,0.0,0.0,0.0,0.0,0.0,0.0,7.0,0.0,0.0,0.0,0.0,0.0,0.0,0.0,4.0,3.0,0.0,0.0,0.0,0.0,16.0,33.0,46.0,25.0
21209,KY,Scott County ,57004,5.366666666666666,0.0,0.0,0.0,0.0,0.0,0.0,0.0,0.0,0.0,0.0,2.0,27.0,8.0,15.0,7.0,13.0,17.0,17.0,10.0,7.0,15.0,2.0,0.0,0.0,2.0,5.0,6.0,1.0,2.0,5.0
21211,KY,Shelby County ,49024,5.5,8.0,1.0,19.0,35.0,27.0,18.0,6.0,0.0,0.0,0.0,6.0,8.0,0.0,0.0,7.0,0.0,0.0,0.0,0.0,0.0,0.0,0.0,6.0,1.0,9.0,5.0,0.0,2.0,5.0,2.0
21213,KY,Simpson County ,18572,1.6333333333333333,0.0,0.0,0.0,0.0,0.0,2.0,10.0,8.0,8.0,0.0,0.0,0.0,0.0,2.0,5.0,0.0,0.0,0.0,0.0,0.0,0.0,0.0,0.0,0.0,0.0,2.0,5.0,0.0,2.0,5.0
21215,KY,Spencer County ,19351,1.1666666666666667,0.0,0.0,0.0,0.0,0.0,0.0,0.0,0.0,0.0,0.0,0.0,0.0,0.0,0.0,0.0,0.0,0.0,0.0,0.0,1.0,6.0,0.0,0.0,0.0,5.0,2.0,0.0,7.0,14.0,0.0
21217,KY,Taylor County ,25769,3.466666666666667,0.0,0.0,0.0,0.0,0.0,0.0,0.0,3.0,4.0,4.0,6.0,7.0,4.0,1.0,6.0,6.0,1.0,0.0,0.0,0.0,0.0,0.0,0.0,0.0,0.0,0.0,5.0,17.0,10.0,30.0
21219,KY,Todd County ,12294,3.7333333333333334,0.0,0.0,0.0,0.0,0.0,0.0,0.0,0.0,0.0,0.0,0.0,0.0,27.0,21.0,8.0,0.0,0.0,0.0,0.0,22.0,6.0,3.0,4.0,0.0,0.0,0.0,0.0,6.0,14.0,1.0
21221,KY,Trigg County ,14651,0.7,0.0,0.0,0.0,0.0,0.0,0.0,0.0,0.0,0.0,0.0,0.0,0.0,0.0,0.0,0.0,0.0,0.0,0.0,0.0,0.0,0.0,0.0,0.0,6.0,1.0,4.0,3.0,0.0,2.0,5.0
21223,KY,Trimble County ,8471,0.13333333333333333,0.0,0.0,0.0,0.0,0.0,0.0,0.0,0.0,0.0,0.0,0.0,0.0,0.0,0.0,0.0,0.0,0.0,0.0,0.0,0.0,0.0,0.0,0.0,0.0,0.0,0.0,0.0,0.0,0.0,4.0
21225,KY,Union County ,14381,2.1,0.0,0.0,0.0,0.0,0.0,0.0,0.0,0.0,0.0,0.0,0.0,3.0,4.0,0.0,5.0,4.0,5.0,4.0,12.0,5.0,0.0,0.0,0.0,0.0,0.0,6.0,1.0,7.0,7.0,0.0
21227,KY,Warren County ,132896,18.2,10.0,18.0,10.0,15.0,12.0,21.0,11.0,12.0,3.0,0.0,9.0,12.0,20.0,33.0,52.0,41.0,46.0,23.0,9.0,0.0,4.0,5.0,11.0,8.0,30.0,80.0,34.0,10.0,2.0,5.0
21229,KY,Washington County ,12095,2.2333333333333334,0.0,0.0,0.0,0.0,0.0,0.0,0.0,0.0,0.0,0.0,6.0,1.0,0.0,0.0,0.0,0.0,0.0,0.0,0.0,0.0,3.0,4.0,0.0,3.0,4.0,1.0,6.0,26.0,9.0,4.0
21231,KY,Wayne County ,20333,1.7666666666666666,0.0,0.0,0.0,0.0,0.0,0.0,0.0,0.0,0.0,0.0,0.0,0.0,0.0,0.0,0.0,0.0,0.0,0.0,0.0,7.0,6.0,1.0,0.0,0.0,0.0,0.0,10.0,11.0,0.0,18.0
21233,KY,Webster County ,12942,2.7666666666666666,0.0,0.0,0.0,0.0,0.0,0.0,5.0,2.0,0.0,0.0,0.0,6.0,1.0,0.0,4.0,3.0,0.0,0.0,9.0,5.0,0.0,0.0,0.0,0.0,7.0,7.0,11.0,5.0,12.0,6.0
21235,KY,Whitley County ,36264,2.1666666666666665,0.0,0.0,0.0,0.0,0.0,0.0,4.0,3.0,0.0,0.0,0.0,5.0,2.0,0.0,0.0,0.0,0.0,5.0,12.0,11.0,4.0,10.0,0.0,0.0,0.0,0.0,2.0,5.0,0.0,2.0
21237,KY,Wolfe County ,7157,0.6666666666666666,0.0,0.0,0.0,0.0,0.0,0.0,0.0,0.0,0.0,0.0,0.0,0.0,0.0,0.0,0.0,0.0,0.0,0.0,0.0,0.0,0.0,0.0,2.0,5.0,0.0,0.0,0.0,0.0,2.0,11.0
21239,KY,Woodford County ,26734,0.23333333333333334,0.0,0.0,0.0,0.0,0.0,0.0,0.0,0.0,0.0,0.0,0.0,0.0,0.0,0.0,0.0,0.0,0.0,0.0,0.0,0.0,0.0,0.0,0.0,0.0,0.0,4.0,3.0,0.0,0.0,0.0
27001,MN,Aitkin County ,15886,7.466666666666667,0.0,0.0,0.0,0.0,0.0,0.0,0.0,0.0,5.0,2.0,0.0,0.0,0.0,0.0,0.0,0.0,0.0,0.0,0.0,7.0,3.0,16.0,36.0,55.0,66.0,20.0,3.0,4.0,6.0,1.0
27003,MN,Anoka County ,356921,57.666666666666664,74.0,54.0,64.0,24.0,6.0,3.0,4.0,13.0,19.0,10.0,7.0,24.0,18.0,29.0,32.0,14.0,38.0,24.0,17.0,36.0,47.0,75.0,125.0,131.0,127.0,99.0,112.0,165.0,210.0,129.0
27005,MN,Becker County ,34423,8.166666666666666,0.0,0.0,0.0,0.0,0.0,0.0,0.0,4.0,3.0,0.0,0.0,6.0,1.0,0.0,0.0,0.0,0.0,0.0,0.0,8.0,6.0,0.0,0.0,18.0,45.0,48.0,39.0,31.0,13.0,23.0
27007,MN,Beltrami County ,47188,9.333333333333334,0.0,0.0,0.0,0.0,0.0,0.0,0.0,0.0,0.0,0.0,7.0,0.0,2.0,12.0,6.0,8.0,0.0,0.0,7.0,7.0,15.0,22.0,5.0,6.0,16.0,15.0,30.0,60.0,26.0,36.0
27009,MN,Benton County ,40889,17.533333333333335,0.0,0.0,0.0,0.0,0.0,0.0,0.0,0.0,0.0,0.0,0.0,0.0,0.0,0.0,0.0,0.0,0.0,5.0,2.0,19.0,35.0,37.0,69.0,62.0,66.0,61.0,49.0,47.0,37.0,37.0
27011,MN,Big Stone County ,4991,0.7,0.0,0.0,0.0,0.0,0.0,0.0,0.0,0.0,0.0,0.0,0.0,0.0,0.0,0.0,0.0,0.0,0.0,0.0,0.0,0.0,7.0,0.0,0.0,0.0,4.0,3.0,0.0,4.0,3.0,0.0
27013,MN,Blue Earth County ,67653,6.566666666666666,7.0,7.0,0.0,0.0,0.0,0.0,0.0,8.0,13.0,0.0,0.0,0.0,0.0,3.0,4.0,0.0,5.0,2.0,0.0,0.0,0.0,0.0,10.0,18.0,14.0,26.0,20.0,20.0,31.0,9.0
27015,MN,Brown County ,25008,6.866666666666666,0.0,0.0,0.0,0.0,0.0,0.0,0.0,0.0,0.0,0.0,0.0,0.0,0.0,0.0,0.0,0.0,0.0,1.0,6.0,0.0,0.0,5.0,9.0,22.0,34.0,15.0,35.0,36.0,22.0,21.0
27017,MN,Carlton County ,35871,8.633333333333333,0.0,0.0,0.0,0.0,0.0,0.0,0.0,0.0,0.0,1.0,6.0,0.0,0.0,0.0,0.0,0.0,0.0,0.0,0.0,0.0,7.0,13.0,23.0,14.0,26.0,35.0,46.0,43.0,26.0,19.0
27019,MN,Carver County ,105089,7.533333333333333,0.0,0.0,0.0,0.0,1.0,6.0,0.0,0.0,3.0,4.0,6.0,1.0,4.0,14.0,3.0,0.0,0.0,0.0,0.0,0.0,3.0,11.0,0.0,10.0,16.0,18.0,19.0,58.0,35.0,14.0
27021,MN,Cass County ,29779,4.1,0.0,0.0,0.0,0.0,0.0,0.0,0.0,0.0,0.0,3.0,4.0,0.0,0.0,0.0,0.0,3.0,4.0,0.0,0.0,7.0,0.0,2.0,17.0,2.0,9.0,13.0,13.0,13.0,24.0,9.0
27023,MN,Chippewa County ,11800,6.166666666666667,0.0,0.0,0.0,0.0,0.0,0.0,0.0,0.0,0.0,0.0,0.0,0.0,0.0,0.0,0.0,0.0,2.0,5.0,0.0,7.0,0.0,1.0,18.0,9.0,0.0,16.0,46.0,20.0,20.0,41.0
27025,MN,Chisago County ,56579,6.133333333333334,0.0,0.0,0.0,0.0,0.0,0.0,0.0,0.0,0.0,0.0,0.0,0.0,0.0,0.0,0.0,0.0,1.0,6.0,0.0,0.0,0.0,0.0,5.0,25.0,20.0,43.0,38.0,25.0,14.0,7.0
27027,MN,Clay County ,64222,11.3,25.0,28.0,1.0,3.0,4.0,0.0,0.0,6.0,8.0,0.0,0.0,0.0,0.0,0.0,0.0,0.0,7.0,6.0,1.0,7.0,10.0,11.0,16.0,25.0,28.0,30.0,43.0,30.0,27.0,23.0
27029,MN,Clearwater County ,8818,3.1666666666666665,0.0,0.0,0.0,0.0,0.0,0.0,0.0,0.0,0.0,0.0,0.0,0.0,0.0,0.0,0.0,0.0,0.0,0.0,0.0,0.0,6.0,3.0,8.0,13.0,19.0,16.0,5.0,5.0,14.0,6.0
27031,MN,Cook County ,5463,0.0,0.0,0.0,0.0,0.0,0.0,0.0,0.0,0.0,0.0,0.0,0.0,0.0,0.0,0.0,0.0,0.0,0.0,0.0,0.0,0.0,0.0,0.0,0.0,0.0,0.0,0.0,0.0,0.0,0.0,0.0
27033,MN,Cottonwood County ,11196,3.4,0.0,0.0,0.0,0.0,0.0,0.0,0.0,0.0,0.0,0.0,0.0,0.0,0.0,0.0,0.0,0.0,0.0,0.0,0.0,0.0,0.0,0.0,0.0,0.0,15.0,14.0,6.0,22.0,37.0,8.0
27035,MN,Crow Wing County ,65055,13.766666666666667,31.0,14.0,6.0,6.0,0.0,0.0,0.0,3.0,9.0,2.0,6.0,8.0,0.0,8.0,6.0,0.0,0.0,4.0,10.0,8.0,6.0,0.0,10.0,26.0,29.0,45.0,41.0,38.0,42.0,55.0
27037,MN,Dakota County ,429021,50.0,65.0,46.0,52.0,28.0,33.0,32.0,12.0,9.0,19.0,14.0,14.0,14.0,18.0,39.0,37.0,13.0,15.0,20.0,12.0,27.0,20.0,31.0,83.0,99.0,113.0,100.0,175.0,138.0,121.0,101.0
27039,MN,Dodge County ,20934,0.9333333333333333,0.0,0.0,0.0,0.0,0.0,0.0,0.0,0.0,0.0,0.0,0.0,0.0,0.0,0.0,0.0,0.0,0.0,0.0,0.0,0.0,0.0,0.0,0.0,0.0,0.0,4.0,5.0,12.0,2.0,5.0
27041,MN,Douglas County ,38141,13.7,0.0,0.0,0.0,0.0,0.0,0.0,0.0,0.0,2.0,7.0,-2.0,0.0,0.0,0.0,0.0,7.0,4.0,3.0,0.0,0.0,6.0,29.0,45.0,65.0,65.0,50.0,45.0,40.0,24.0,21.0
27043,MN,Faribault County ,13653,2.466666666666667,0.0,0.0,0.0,0.0,0.0,0.0,0.0,0.0,0.0,0.0,0.0,0.0,0.0,0.0,0.0,0.0,0.0,0.0,0.0,0.0,0.0,0.0,0.0,0.0,9.0,10.0,11.0,12.0,19.0,13.0
27045,MN,Fillmore County ,21067,0.16666666666666666,0.0,0.0,0.0,0.0,0.0,0.0,0.0,0.0,0.0,0.0,0.0,0.0,0.0,0.0,0.0,0.0,0.0,0.0,0.0,0.0,0.0,0.0,0.0,0.0,0.0,0.0,0.0,0.0,0.0,5.0
27047,MN,Freeborn County ,30281,4.1,0.0,0.0,0.0,0.0,0.0,4.0,3.0,0.0,0.0,0.0,0.0,0.0,0.0,1.0,12.0,4.0,4.0,0.0,0.0,0.0,5.0,2.0,0.0,0.0,1.0,12.0,31.0,29.0,11.0,4.0
27049,MN,Goodhue County ,46340,8.833333333333334,14.0,0.0,6.0,1.0,0.0,0.0,0.0,0.0,2.0,5.0,0.0,0.0,0.0,0.0,0.0,0.0,0.0,5.0,9.0,0.0,1.0,28.0,24.0,39.0,22.0,28.0,24.0,11.0,15.0,31.0
27051,MN,Grant County ,5972,1.6333333333333333,0.0,0.0,0.0,0.0,0.0,5.0,2.0,0.0,8.0,9.0,4.0,0.0,0.0,0.0,0.0,0.0,0.0,0.0,0.0,0.0,3.0,4.0,0.0,6.0,1.0,0.0,1.0,6.0,0.0,0.0
27053,MN,Hennepin County ,1265843,171.23333333333332,379.0,238.0,166.0,163.0,60.0,46.0,38.0,53.0,126.0,109.0,115.0,111.0,75.0,88.0,115.0,87.0,77.0,73.0,48.0,154.0,149.0,105.0,151.0,243.0,246.0,261.0,429.0,517.0,426.0,289.0
27055,MN,Houston County ,18600,2.8666666666666667,0.0,0.0,0.0,0.0,0.0,0.0,0.0,0.0,0.0,0.0,0.0,0.0,0.0,0.0,0.0,0.0,0.0,1.0,6.0,0.0,4.0,3.0,0.0,0.0,8.0,6.0,3.0,19.0,28.0,8.0
27057,MN,Hubbard County ,21491,8.633333333333333,0.0,0.0,0.0,0.0,0.0,0.0,0.0,0.0,0.0,0.0,0.0,0.0,0.0,0.0,0.0,6.0,1.0,0.0,0.0,7.0,16.0,18.0,39.0,38.0,37.0,36.0,27.0,11.0,11.0,12.0
27059,MN,Isanti County ,40596,7.366666666666666,0.0,0.0,0.0,0.0,0.0,0.0,0.0,0.0,0.0,0.0,0.0,0.0,0.0,0.0,0.0,2.0,5.0,0.0,0.0,22.0,13.0,12.0,15.0,17.0,28.0,15.0,28.0,22.0,27.0,15.0
27061,MN,Itasca County ,45130,6.3,11.0,2.0,0.0,0.0,0.0,0.0,0.0,0.0,0.0,0.0,0.0,0.0,4.0,3.0,0.0,5.0,14.0,2.0,0.0,7.0,0.0,0.0,10.0,17.0,15.0,6.0,23.0,18.0,21.0,31.0
27063,MN,Jackson County ,9846,1.8666666666666667,0.0,0.0,0.0,0.0,0.0,0.0,0.0,0.0,0.0,0.0,0.0,1.0,6.0,0.0,0.0,0.0,0.0,0.0,0.0,0.0,0.0,0.0,0.0,0.0,0.0,0.0,6.0,14.0,15.0,14.0
27065,MN,Kanabec County ,16337,3.966666666666667,0.0,0.0,0.0,0.0,0.0,0.0,0.0,0.0,0.0,7.0,12.0,4.0,10.0,7.0,9.0,0.0,2.0,5.0,0.0,7.0,0.0,0.0,6.0,1.0,10.0,11.0,20.0,8.0,0.0,0.0
27067,MN,Kandiyohi County ,43199,14.866666666666667,0.0,0.0,0.0,0.0,0.0,0.0,0.0,0.0,0.0,0.0,0.0,0.0,0.0,3.0,4.0,0.0,6.0,2.0,6.0,4.0,3.0,2.0,18.0,22.0,55.0,61.0,84.0,80.0,58.0,38.0
27069,MN,Kittson County ,4298,4.2,0.0,0.0,0.0,0.0,0.0,0.0,0.0,0.0,0.0,0.0,0.0,0.0,0.0,0.0,0.0,0.0,0.0,0.0,0.0,0.0,0.0,4.0,3.0,17.0,26.0,9.0,23.0,25.0,17.0,2.0
27071,MN,Koochiching County ,12229,2.0,0.0,0.0,1.0,6.0,0.0,4.0,3.0,3.0,4.0,0.0,0.0,0.0,0.0,0.0,0.0,0.0,5.0,2.0,0.0,0.0,7.0,0.0,0.0,0.0,1.0,6.0,1.0,11.0,2.0,4.0
27073,MN,Lac qui Parle County ,6623,3.3333333333333335,0.0,0.0,0.0,0.0,0.0,0.0,0.0,0.0,0.0,0.0,0.0,0.0,0.0,0.0,0.0,6.0,5.0,3.0,0.0,4.0,3.0,0.0,0.0,0.0,0.0,5.0,7.0,41.0,22.0,4.0
27075,MN,Lake County ,10641,3.5,0.0,0.0,0.0,0.0,0.0,0.0,0.0,0.0,0.0,0.0,0.0,0.0,0.0,0.0,0.0,0.0,0.0,0.0,0.0,0.0,0.0,0.0,2.0,11.0,25.0,13.0,17.0,22.0,13.0,2.0
27077,MN,Lake of the Woods County ,3740,0.23333333333333334,0.0,0.0,0.0,0.0,0.0,0.0,0.0,0.0,0.0,0.0,0.0,0.0,4.0,3.0,0.0,0.0,0.0,0.0,0.0,0.0,0.0,0.0,0.0,0.0,0.0,0.0,0.0,0.0,0.0,0.0
27079,MN,Le Sueur County ,28887,3.2666666666666666,0.0,0.0,0.0,0.0,0.0,0.0,0.0,0.0,0.0,0.0,7.0,0.0,0.0,5.0,4.0,5.0,0.0,5.0,2.0,0.0,7.0,0.0,5.0,11.0,15.0,8.0,4.0,9.0,9.0,2.0
27081,MN,Lincoln County ,5639,0.23333333333333334,0.0,0.0,0.0,0.0,0.0,0.0,0.0,0.0,0.0,0.0,0.0,0.0,0.0,0.0,0.0,0.0,0.0,0.0,0.0,0.0,0.0,4.0,3.0,0.0,0.0,0.0,0.0,0.0,0.0,0.0
27083,MN,Lyon County ,25474,6.466666666666667,5.0,0.0,0.0,0.0,0.0,3.0,4.0,0.0,0.0,0.0,0.0,0.0,0.0,2.0,5.0,0.0,0.0,2.0,5.0,7.0,0.0,0.0,6.0,19.0,10.0,12.0,47.0,38.0,18.0,11.0
27085,MN,McLeod County ,35893,9.166666666666666,0.0,0.0,0.0,0.0,0.0,0.0,0.0,0.0,0.0,0.0,5.0,2.0,0.0,0.0,7.0,0.0,0.0,6.0,1.0,4.0,3.0,0.0,7.0,23.0,15.0,61.0,57.0,34.0,26.0,24.0
27087,MN,Mahnomen County ,5527,1.4,0.0,0.0,0.0,0.0,0.0,0.0,0.0,0.0,0.0,0.0,0.0,0.0,0.0,0.0,0.0,0.0,0.0,0.0,0.0,4.0,3.0,3.0,4.0,4.0,3.0,5.0,9.0,0.0,6.0,1.0
27089,MN,Marshall County ,9336,2.8333333333333335,0.0,0.0,0.0,0.0,0.0,0.0,0.0,0.0,0.0,0.0,0.0,0.0,3.0,4.0,0.0,0.0,0.0,0.0,0.0,0.0,0.0,7.0,22.0,12.0,7.0,11.0,11.0,0.0,5.0,3.0
27091,MN,Martin County ,19683,4.666666666666667,0.0,0.0,0.0,0.0,0.0,0.0,0.0,0.0,0.0,2.0,5.0,0.0,11.0,10.0,0.0,6.0,10.0,13.0,18.0,5.0,11.0,0.0,5.0,6.0,3.0,9.0,12.0,0.0,7.0,7.0
27093,MN,Meeker County ,23222,7.3,5.0,0.0,0.0,0.0,0.0,0.0,0.0,3.0,4.0,0.0,0.0,0.0,0.0,0.0,0.0,0.0,0.0,1.0,6.0,0.0,0.0,7.0,5.0,12.0,10.0,24.0,49.0,53.0,33.0,7.0
27095,MN,Mille Lacs County ,26277,9.8,0.0,0.0,0.0,6.0,1.0,0.0,0.0,3.0,4.0,0.0,0.0,0.0,0.0,0.0,0.0,0.0,0.0,0.0,0.0,68.0,38.0,20.0,17.0,45.0,5.0,14.0,28.0,19.0,24.0,2.0
27097,MN,Morrison County ,33386,9.866666666666667,4.0,3.0,0.0,0.0,0.0,0.0,0.0,0.0,0.0,0.0,0.0,0.0,0.0,0.0,0.0,2.0,9.0,3.0,0.0,32.0,10.0,7.0,30.0,29.0,51.0,35.0,30.0,11.0,19.0,21.0
27099,MN,Mower County ,40062,5.3,0.0,0.0,0.0,0.0,0.0,0.0,0.0,0.0,0.0,0.0,6.0,1.0,0.0,2.0,5.0,7.0,6.0,5.0,3.0,52.0,27.0,16.0,3.0,7.0,6.0,1.0,0.0,0.0,4.0,8.0
27101,MN,Murray County ,8194,1.1666666666666667,0.0,0.0,0.0,0.0,0.0,0.0,0.0,3.0,4.0,0.0,0.0,0.0,6.0,1.0,0.0,0.0,3.0,4.0,0.0,0.0,0.0,0.0,0.0,0.0,0.0,8.0,6.0,0.0,0.0,0.0
27103,MN,Nicollet County ,34274,4.833333333333333,3.0,4.0,3.0,0.0,0.0,5.0,2.0,0.0,0.0,0.0,3.0,9.0,2.0,4.0,3.0,1.0,6.0,0.0,0.0,0.0,7.0,6.0,11.0,12.0,14.0,15.0,13.0,13.0,0.0,9.0
27105,MN,Nobles County ,21629,9.433333333333334,5.0,2.0,0.0,0.0,0.0,0.0,0.0,0.0,0.0,10.0,23.0,13.0,3.0,6.0,13.0,2.0,0.0,0.0,0.0,0.0,14.0,21.0,20.0,24.0,12.0,23.0,45.0,22.0,13.0,12.0
27107,MN,Norman County ,6375,1.8666666666666667,0.0,0.0,0.0,0.0,0.0,0.0,0.0,0.0,0.0,0.0,0.0,0.0,0.0,0.0,0.0,0.0,0.0,0.0,0.0,0.0,0.0,17.0,17.0,7.0,6.0,2.0,0.0,5.0,2.0,0.0
27109,MN,Olmsted County ,158293,11.466666666666667,6.0,7.0,14.0,0.0,17.0,18.0,0.0,11.0,10.0,0.0,5.0,2.0,4.0,7.0,6.0,8.0,3.0,0.0,0.0,11.0,3.0,0.0,0.0,0.0,23.0,20.0,36.0,39.0,44.0,50.0
27111,MN,Otter Tail County ,58746,11.566666666666666,4.0,0.0,0.0,0.0,0.0,0.0,0.0,6.0,8.0,4.0,3.0,0.0,0.0,0.0,0.0,0.0,8.0,6.0,0.0,4.0,8.0,3.0,18.0,20.0,39.0,49.0,57.0,40.0,47.0,23.0
27113,MN,Pennington County ,14119,3.2666666666666666,0.0,0.0,0.0,0.0,0.0,0.0,0.0,3.0,4.0,0.0,0.0,0.0,0.0,0.0,0.0,0.0,0.0,0.0,0.0,0.0,2.0,5.0,4.0,14.0,15.0,12.0,5.0,15.0,14.0,5.0
27115,MN,Pine County ,29579,2.8,0.0,0.0,0.0,0.0,0.0,0.0,0.0,0.0,0.0,0.0,0.0,0.0,0.0,0.0,0.0,0.0,0.0,0.0,0.0,0.0,1.0,9.0,16.0,9.0,17.0,5.0,11.0,5.0,11.0,0.0
27117,MN,Pipestone County ,9126,4.9,0.0,0.0,1.0,7.0,14.0,11.0,2.0,12.0,16.0,0.0,0.0,0.0,0.0,0.0,0.0,6.0,14.0,19.0,3.0,11.0,3.0,0.0,0.0,2.0,5.0,0.0,0.0,0.0,15.0,6.0
27119,MN,Polk County ,31364,11.0,0.0,0.0,0.0,0.0,4.0,3.0,0.0,0.0,3.0,4.0,0.0,0.0,0.0,0.0,0.0,0.0,0.0,0.0,0.0,0.0,4.0,22.0,54.0,32.0,18.0,33.0,53.0,56.0,30.0,14.0
27121,MN,Pope County ,11249,0.9,0.0,0.0,0.0,0.0,0.0,0.0,0.0,0.0,0.0,0.0,0.0,0.0,0.0,0.0,0.0,0.0,0.0,0.0,0.0,0.0,0.0,0.0,0.0,0.0,4.0,5.0,10.0,2.0,0.0,6.0
27123,MN,Ramsey County ,550321,126.46666666666667,219.0,202.0,95.0,46.0,62.0,80.0,34.0,57.0,51.0,53.0,70.0,94.0,45.0,45.0,62.0,26.0,42.0,44.0,27.0,130.0,147.0,121.0,210.0,210.0,275.0,208.0,318.0,313.0,273.0,235.0
27125,MN,Red Lake County ,4055,0.8666666666666667,0.0,0.0,0.0,0.0,0.0,0.0,0.0,0.0,0.0,0.0,0.0,0.0,0.0,0.0,0.0,6.0,1.0,0.0,6.0,1.0,0.0,0.0,6.0,1.0,0.0,0.0,0.0,0.0,0.0,5.0
27127,MN,Redwood County ,15170,6.066666666666666,0.0,0.0,0.0,0.0,0.0,0.0,0.0,0.0,0.0,0.0,0.0,0.0,0.0,0.0,0.0,10.0,27.0,15.0,4.0,21.0,5.0,2.0,12.0,24.0,9.0,10.0,10.0,22.0,11.0,0.0
27129,MN,Renville County ,14548,9.0,0.0,2.0,5.0,7.0,0.0,9.0,5.0,3.0,4.0,0.0,1.0,6.0,0.0,0.0,0.0,10.0,4.0,6.0,8.0,7.0,13.0,3.0,5.0,19.0,35.0,58.0,17.0,17.0,19.0,7.0
27131,MN,Rice County ,66972,12.1,3.0,4.0,3.0,20.0,7.0,1.0,0.0,0.0,0.0,0.0,0.0,0.0,0.0,0.0,0.0,0.0,0.0,0.0,0.0,8.0,12.0,16.0,49.0,55.0,43.0,28.0,29.0,31.0,12.0,42.0
27133,MN,Rock County ,9315,2.3333333333333335,0.0,0.0,0.0,0.0,0.0,0.0,0.0,0.0,0.0,0.0,0.0,0.0,0.0,0.0,0.0,0.0,5.0,2.0,0.0,12.0,18.0,20.0,6.0,0.0,0.0,3.0,4.0,0.0,0.0,0.0
27135,MN,Roseau County ,15165,3.2666666666666666,0.0,0.0,0.0,0.0,0.0,0.0,0.0,0.0,0.0,0.0,0.0,0.0,0.0,0.0,0.0,0.0,0.0,0.0,0.0,0.0,0.0,3.0,4.0,5.0,13.0,14.0,16.0,25.0,15.0,3.0
27137,MN,St. Louis County ,199070,44.166666666666664,0.0,0.0,0.0,5.0,7.0,2.0,0.0,9.0,12.0,6.0,9.0,12.0,6.0,10.0,33.0,59.0,44.0,53.0,20.0,72.0,57.0,19.0,29.0,63.0,106.0,122.0,163.0,174.0,103.0,130.0
27139,MN,Scott County ,149013,18.3,9.0,5.0,0.0,0.0,0.0,12.0,9.0,18.0,55.0,28.0,30.0,29.0,14.0,1.0,2.0,5.0,0.0,6.0,1.0,0.0,12.0,22.0,56.0,37.0,14.0,34.0,46.0,45.0,16.0,43.0
27141,MN,Sherburne County ,97238,12.833333333333334,0.0,9.0,5.0,4.0,3.0,0.0,0.0,5.0,11.0,15.0,12.0,7.0,6.0,0.0,2.0,5.0,4.0,6.0,4.0,36.0,14.0,17.0,29.0,39.0,35.0,34.0,21.0,17.0,32.0,13.0
27143,MN,Sibley County ,14865,1.1666666666666667,9.0,5.0,0.0,0.0,0.0,0.0,0.0,0.0,0.0,0.0,0.0,2.0,5.0,0.0,0.0,0.0,0.0,0.0,0.0,0.0,0.0,0.0,0.0,7.0,0.0,0.0,0.0,0.0,1.0,6.0
27145,MN,Stearns County ,161075,36.666666666666664,22.0,12.0,0.0,0.0,0.0,0.0,0.0,3.0,4.0,0.0,7.0,3.0,4.0,5.0,2.0,6.0,7.0,20.0,21.0,64.0,70.0,43.0,83.0,92.0,151.0,150.0,103.0,94.0,85.0,49.0
27147,MN,Steele County ,36649,2.1,0.0,0.0,0.0,4.0,3.0,0.0,0.0,0.0,1.0,6.0,0.0,0.0,0.0,0.0,0.0,0.0,0.0,0.0,0.0,4.0,5.0,5.0,5.0,8.0,4.0,9.0,6.0,3.0,0.0,0.0
27149,MN,Stevens County ,9805,1.4,0.0,0.0,0.0,0.0,0.0,0.0,0.0,0.0,0.0,0.0,0.0,0.0,6.0,1.0,0.0,0.0,0.0,0.0,0.0,0.0,0.0,0.0,0.0,2.0,10.0,7.0,9.0,1.0,6.0,0.0
27151,MN,Swift County ,9266,3.466666666666667,4.0,0.0,0.0,0.0,0.0,0.0,0.0,0.0,0.0,0.0,0.0,0.0,0.0,0.0,0.0,0.0,0.0,0.0,0.0,0.0,6.0,3.0,7.0,11.0,16.0,17.0,19.0,9.0,3.0,9.0
27153,MN,Todd County ,24664,6.0,8.0,0.0,0.0,0.0,0.0,0.0,0.0,0.0,0.0,0.0,0.0,0.0,0.0,0.0,0.0,0.0,0.0,0.0,0.0,16.0,17.0,14.0,15.0,8.0,4.0,12.0,11.0,34.0,23.0,18.0
27155,MN,Traverse County ,3259,0.4666666666666667,0.0,0.0,0.0,0.0,0.0,0.0,0.0,0.0,0.0,0.0,0.0,0.0,0.0,0.0,0.0,0.0,0.0,0.0,0.0,0.0,0.0,0.0,0.0,0.0,4.0,6.0,4.0,0.0,0.0,0.0
27157,MN,Wabasha County ,21627,0.4666666666666667,0.0,0.0,0.0,0.0,0.0,0.0,0.0,0.0,0.0,0.0,0.0,0.0,0.0,0.0,0.0,0.0,0.0,0.0,0.0,0.0,4.0,3.0,0.0,0.0,0.0,0.0,5.0,2.0,0.0,0.0
27159,MN,Wadena County ,13682,2.8,0.0,0.0,0.0,0.0,0.0,0.0,0.0,0.0,0.0,0.0,0.0,0.0,0.0,0.0,0.0,0.0,0.0,0.0,0.0,12.0,7.0,14.0,7.0,2.0,0.0,6.0,11.0,10.0,6.0,9.0
27161,MN,Waseca County ,18612,3.0,0.0,0.0,0.0,0.0,0.0,0.0,0.0,0.0,0.0,4.0,3.0,7.0,7.0,17.0,18.0,0.0,4.0,3.0,0.0,0.0,-9.0,16.0,0.0,0.0,6.0,1.0,0.0,6.0,1.0,6.0
27163,MN,Washington County ,262440,35.86666666666667,16.0,7.0,12.0,7.0,0.0,0.0,0.0,9.0,17.0,23.0,22.0,20.0,9.0,5.0,0.0,0.0,6.0,31.0,12.0,51.0,29.0,21.0,73.0,98.0,69.0,85.0,119.0,134.0,114.0,87.0
27165,MN,Watonwan County ,10897,1.6,0.0,0.0,0.0,0.0,0.0,0.0,0.0,0.0,0.0,8.0,12.0,7.0,1.0,0.0,0.0,0.0,0.0,0.0,0.0,0.0,0.0,0.0,0.0,0.0,0.0,0.0,1.0,6.0,2.0,11.0
27167,MN,Wilkin County ,6207,0.9333333333333333,0.0,0.0,0.0,0.0,0.0,0.0,0.0,0.0,0.0,0.0,0.0,0.0,0.0,0.0,0.0,0.0,0.0,0.0,6.0,1.0,0.0,0.0,0.0,4.0,3.0,0.0,0.0,2.0,9.0,3.0
27169,MN,Winona County ,50484,6.566666666666666,0.0,0.0,0.0,0.0,0.0,4.0,3.0,0.0,0.0,2.0,5.0,0.0,0.0,0.0,5.0,2.0,0.0,0.0,0.0,3.0,4.0,5.0,11.0,24.0,30.0,18.0,30.0,34.0,9.0,8.0
27171,MN,Wright County ,138377,19.9,0.0,0.0,9.0,5.0,0.0,0.0,0.0,3.0,4.0,0.0,5.0,2.0,0.0,0.0,7.0,0.0,2.0,13.0,6.0,29.0,11.0,13.0,53.0,46.0,45.0,61.0,65.0,97.0,70.0,51.0
27173,MN,Yellow Medicine County ,9709,3.2666666666666666,0.0,0.0,0.0,0.0,0.0,0.0,0.0,0.0,0.0,0.0,1.0,6.0,0.0,0.0,3.0,4.0,5.0,3.0,6.0,8.0,9.0,4.0,6.0,5.0,18.0,7.0,6.0,4.0,3.0,0.0
37001,NC,Alamance County ,169509,22.433333333333334,42.0,55.0,9.0,7.0,0.0,5.0,16.0,7.0,0.0,4.0,13.0,9.0,9.0,10.0,10.0,36.0,8.0,24.0,10.0,80.0,32.0,81.0,47.0,12.0,0.0,35.0,76.0,15.0,0.0,21.0
37003,NC,Alexander County ,37497,6.966666666666667,0.0,0.0,0.0,6.0,1.0,0.0,6.0,1.0,0.0,0.0,0.0,0.0,6.0,1.0,6.0,18.0,6.0,5.0,4.0,3.0,0.0,14.0,7.0,5.0,16.0,18.0,10.0,25.0,24.0,27.0
37005,NC,Alleghany County ,11137,0.4666666666666667,0.0,0.0,0.0,0.0,0.0,0.0,0.0,0.0,0.0,0.0,0.0,0.0,0.0,0.0,0.0,0.0,0.0,2.0,5.0,0.0,0.0,0.0,0.0,0.0,0.0,0.0,0.0,5.0,2.0,0.0
37007,NC,Anson County ,24446,5.7,0.0,0.0,0.0,0.0,0.0,0.0,2.0,5.0,3.0,4.0,0.0,0.0,0.0,0.0,4.0,3.0,10.0,4.0,12.0,4.0,5.0,21.0,7.0,0.0,7.0,4.0,20.0,8.0,3.0,45.0
37009,NC,Ashe County ,27203,6.3,5.0,2.0,0.0,0.0,0.0,0.0,0.0,0.0,0.0,0.0,0.0,0.0,0.0,0.0,0.0,0.0,0.0,0.0,0.0,4.0,10.0,0.0,0.0,0.0,0.0,0.0,0.0,68.0,30.0,70.0
37011,NC,Avery County ,17557,3.5,0.0,0.0,0.0,0.0,0.0,0.0,0.0,0.0,0.0,0.0,0.0,0.0,0.0,0.0,0.0,0.0,0.0,0.0,0.0,0.0,0.0,12.0,2.0,5.0,24.0,15.0,20.0,19.0,8.0,0.0
37013,NC,Beaufort County ,46994,14.033333333333333,0.0,0.0,0.0,0.0,0.0,0.0,3.0,8.0,3.0,0.0,29.0,20.0,5.0,2.0,20.0,51.0,38.0,16.0,36.0,22.0,27.0,36.0,16.0,26.0,13.0,9.0,13.0,13.0,0.0,15.0
37015,NC,Bertie County ,18947,5.366666666666666,0.0,0.0,0.0,0.0,0.0,0.0,0.0,2.0,5.0,0.0,0.0,3.0,4.0,5.0,2.0,6.0,16.0,14.0,6.0,24.0,18.0,12.0,2.0,5.0,12.0,8.0,3.0,7.0,7.0,0.0
37017,NC,Bladen County ,32722,5.266666666666667,0.0,0.0,4.0,3.0,10.0,4.0,0.0,0.0,0.0,6.0,17.0,8.0,4.0,2.0,11.0,16.0,13.0,12.0,8.0,1.0,0.0,0.0,0.0,0.0,0.0,4.0,7.0,13.0,11.0,4.0
37019,NC,Brunswick County ,142820,16.2,1.0,0.0,3.0,16.0,11.0,20.0,13.0,17.0,31.0,21.0,1.0,13.0,2.0,11.0,2.0,2.0,5.0,3.0,25.0,31.0,39.0,66.0,21.0,9.0,2.0,46.0,27.0,21.0,11.0,16.0
37021,NC,Buncombe County ,261191,29.933333333333334,5.0,0.0,0.0,0.0,6.0,62.0,16.0,25.0,13.0,31.0,48.0,68.0,30.0,2.0,28.0,35.0,23.0,39.0,22.0,35.0,28.0,42.0,12.0,50.0,60.0,47.0,10.0,32.0,27.0,102.0
37023,NC,Burke County ,90485,13.9,7.0,3.0,10.0,15.0,2.0,7.0,15.0,11.0,7.0,4.0,3.0,9.0,14.0,12.0,8.0,26.0,30.0,12.0,16.0,8.0,12.0,41.0,37.0,13.0,14.0,16.0,28.0,19.0,7.0,11.0
37025,NC,Cabarrus County ,216453,28.466666666666665,9.0,9.0,12.0,35.0,10.0,1.0,22.0,37.0,45.0,14.0,4.0,9.0,17.0,14.0,25.0,36.0,58.0,42.0,18.0,27.0,37.0,24.0,20.0,26.0,29.0,18.0,24.0,62.0,28.0,142.0
37027,NC,Caldwell County ,82178,6.033333333333333,0.0,6.0,1.0,0.0,5.0,9.0,4.0,13.0,14.0,10.0,14.0,9.0,13.0,0.0,3.0,4.0,0.0,0.0,5.0,2.0,0.0,0.0,10.0,4.0,0.0,14.0,14.0,10.0,4.0,13.0
37029,NC,Camden County ,10867,1.1666666666666667,0.0,0.0,0.0,0.0,5.0,4.0,5.0,0.0,0.0,0.0,0.0,5.0,2.0,0.0,0.0,0.0,0.0,0.0,0.0,0.0,0.0,0.0,0.0,0.0,0.0,7.0,0.0,0.0,0.0,7.0
37031,NC,Carteret County ,69473,3.2666666666666666,0.0,0.0,0.0,0.0,0.0,3.0,4.0,0.0,6.0,1.0,0.0,0.0,0.0,0.0,0.0,0.0,0.0,0.0,0.0,0.0,0.0,0.0,10.0,39.0,14.0,0.0,12.0,2.0,0.0,7.0
37033,NC,Caswell County ,22604,1.8,0.0,0.0,0.0,3.0,4.0,0.0,0.0,0.0,0.0,0.0,0.0,0.0,5.0,2.0,0.0,3.0,10.0,1.0,0.0,0.0,0.0,0.0,7.0,0.0,0.0,8.0,6.0,0.0,0.0,5.0
37035,NC,Catawba County ,159551,34.13333333333333,19.0,2.0,0.0,12.0,10.0,6.0,7.0,43.0,35.0,32.0,41.0,42.0,25.0,8.0,18.0,14.0,5.0,15.0,12.0,16.0,16.0,10.0,26.0,53.0,69.0,76.0,65.0,123.0,47.0,177.0
37037,NC,Chatham County ,74470,8.8,67.0,13.0,20.0,9.0,7.0,17.0,9.0,13.0,13.0,23.0,5.0,5.0,0.0,2.0,5.0,0.0,8.0,8.0,5.0,0.0,7.0,5.0,9.0,10.0,4.0,0.0,0.0,0.0,0.0,0.0
37039,NC,Cherokee County ,28612,3.2666666666666666,0.0,0.0,0.0,3.0,4.0,0.0,3.0,4.0,3.0,4.0,5.0,2.0,2.0,5.0,19.0,17.0,6.0,0.0,0.0,4.0,10.0,6.0,1.0,0.0,0.0,0.0,0.0,0.0,0.0,0.0
37041,NC,Chowan County ,13943,4.666666666666667,0.0,0.0,0.0,0.0,0.0,0.0,0.0,4.0,3.0,6.0,1.0,0.0,0.0,5.0,2.0,0.0,6.0,1.0,20.0,22.0,0.0,32.0,17.0,0.0,7.0,0.0,4.0,3.0,0.0,7.0
37043,NC,Clay County ,11231,1.1666666666666667,0.0,0.0,0.0,0.0,0.0,0.0,0.0,0.0,0.0,3.0,4.0,0.0,0.0,0.0,5.0,2.0,0.0,4.0,3.0,0.0,0.0,0.0,0.0,10.0,4.0,0.0,0.0,0.0,0.0,0.0
37045,NC,Cleveland County ,97947,32.13333333333333,0.0,0.0,4.0,10.0,20.0,17.0,19.0,10.0,33.0,29.0,16.0,44.0,86.0,49.0,44.0,31.0,37.0,41.0,19.0,19.0,39.0,41.0,31.0,40.0,40.0,41.0,36.0,76.0,31.0,61.0
37047,NC,Columbus County ,55508,13.033333333333333,11.0,34.0,16.0,21.0,3.0,0.0,11.0,29.0,17.0,6.0,12.0,7.0,8.0,1.0,8.0,16.0,11.0,3.0,10.0,1.0,14.0,17.0,23.0,11.0,17.0,12.0,11.0,19.0,16.0,26.0
37049,NC,Craven County ,102139,18.166666666666668,0.0,2.0,5.0,0.0,11.0,3.0,0.0,8.0,13.0,35.0,41.0,27.0,2.0,11.0,16.0,21.0,41.0,48.0,27.0,38.0,15.0,35.0,19.0,14.0,9.0,23.0,30.0,20.0,4.0,27.0
37051,NC,Cumberland County ,335509,26.566666666666666,37.0,12.0,56.0,19.0,0.0,21.0,23.0,16.0,3.0,24.0,61.0,22.0,15.0,32.0,20.0,4.0,22.0,12.0,52.0,23.0,49.0,28.0,36.0,11.0,19.0,37.0,50.0,34.0,16.0,43.0
37053,NC,Currituck County ,27763,2.566666666666667,0.0,0.0,0.0,0.0,0.0,0.0,0.0,0.0,0.0,0.0,0.0,0.0,0.0,0.0,2.0,13.0,6.0,5.0,2.0,0.0,0.0,0.0,0.0,2.0,5.0,0.0,4.0,17.0,14.0,7.0
37055,NC,Dare County ,37009,0.9333333333333333,0.0,0.0,0.0,0.0,0.0,0.0,0.0,0.0,7.0,0.0,0.0,0.0,0.0,0.0,0.0,5.0,2.0,0.0,0.0,0.0,0.0,0.0,0.0,2.0,5.0,0.0,0.0,2.0,5.0,0.0
37057,NC,Davidson County ,167609,16.566666666666666,2.0,18.0,1.0,0.0,0.0,6.0,1.0,4.0,10.0,18.0,59.0,20.0,1.0,1.0,9.0,4.0,20.0,13.0,19.0,6.0,5.0,16.0,19.0,2.0,15.0,21.0,28.0,54.0,48.0,77.0
37059,NC,Davie County ,42846,2.566666666666667,0.0,0.0,6.0,1.0,0.0,0.0,0.0,0.0,8.0,6.0,3.0,4.0,0.0,0.0,0.0,0.0,0.0,0.0,0.0,4.0,10.0,0.0,10.0,16.0,9.0,0.0,0.0,0.0,0.0,0.0
37061,NC,Duplin County ,58741,11.333333333333334,10.0,1.0,14.0,37.0,20.0,20.0,34.0,25.0,40.0,8.0,5.0,6.0,15.0,0.0,5.0,2.0,7.0,0.0,0.0,0.0,0.0,0.0,5.0,7.0,2.0,46.0,3.0,4.0,10.0,14.0
37063,NC,Durham County ,321488,21.366666666666667,35.0,38.0,16.0,22.0,27.0,27.0,22.0,16.0,13.0,4.0,12.0,13.0,12.0,13.0,19.0,24.0,23.0,10.0,0.0,8.0,13.0,12.0,9.0,24.0,33.0,69.0,39.0,18.0,13.0,57.0
37065,NC,Edgecombe County ,51472,16.866666666666667,0.0,0.0,0.0,0.0,0.0,2.0,5.0,4.0,11.0,6.0,18.0,18.0,19.0,31.0,74.0,55.0,41.0,16.0,1.0,0.0,14.0,58.0,24.0,19.0,11.0,13.0,20.0,21.0,9.0,16.0
37067,NC,Forsyth County ,382295,48.3,47.0,33.0,32.0,33.0,15.0,15.0,6.0,35.0,33.0,22.0,62.0,55.0,64.0,30.0,59.0,35.0,41.0,7.0,28.0,40.0,35.0,36.0,74.0,98.0,88.0,49.0,69.0,110.0,43.0,155.0
37069,NC,Franklin County ,69685,3.7333333333333334,0.0,0.0,0.0,0.0,0.0,9.0,10.0,9.0,2.0,5.0,12.0,5.0,6.0,5.0,5.0,2.0,0.0,0.0,0.0,0.0,0.0,6.0,1.0,0.0,5.0,2.0,13.0,14.0,1.0,0.0
37071,NC,Gaston County ,224529,53.96666666666667,3.0,5.0,14.0,2.0,21.0,21.0,33.0,70.0,95.0,66.0,29.0,25.0,19.0,18.0,42.0,36.0,46.0,58.0,52.0,28.0,48.0,188.0,101.0,99.0,77.0,58.0,46.0,81.0,85.0,153.0
37073,NC,Gates County ,11562,2.566666666666667,0.0,6.0,1.0,0.0,0.0,0.0,0.0,0.0,0.0,0.0,0.0,2.0,5.0,0.0,0.0,0.0,0.0,0.0,0.0,0.0,0.0,0.0,0.0,10.0,9.0,6.0,21.0,9.0,8.0,0.0
37075,NC,Graham County ,8441,2.566666666666667,0.0,0.0,0.0,0.0,0.0,0.0,0.0,0.0,0.0,0.0,0.0,0.0,0.0,0.0,3.0,13.0,11.0,14.0,8.0,0.0,0.0,15.0,6.0,5.0,2.0,0.0,0.0,0.0,0.0,0.0
37077,NC,Granville County ,60443,11.966666666666667,17.0,16.0,12.0,16.0,16.0,15.0,1.0,0.0,11.0,15.0,30.0,54.0,34.0,14.0,3.0,8.0,6.0,0.0,0.0,0.0,0.0,6.0,13.0,12.0,9.0,17.0,9.0,4.0,0.0,21.0
37079,NC,Greene County ,21069,6.1,0.0,0.0,0.0,5.0,2.0,0.0,0.0,0.0,0.0,0.0,0.0,2.0,7.0,5.0,0.0,0.0,0.0,6.0,23.0,20.0,0.0,22.0,17.0,20.0,14.0,26.0,6.0,1.0,-1.0,8.0
37081,NC,Guilford County ,537174,56.43333333333333,104.0,101.0,67.0,42.0,35.0,60.0,44.0,49.0,73.0,31.0,27.0,43.0,22.0,20.0,18.0,20.0,42.0,37.0,12.0,32.0,62.0,50.0,25.0,48.0,67.0,122.0,151.0,103.0,50.0,136.0
37083,NC,Halifax County ,50010,11.133333333333333,0.0,9.0,11.0,1.0,0.0,0.0,4.0,7.0,3.0,6.0,13.0,9.0,15.0,26.0,12.0,7.0,11.0,12.0,13.0,9.0,14.0,15.0,18.0,9.0,14.0,12.0,17.0,28.0,6.0,33.0
37085,NC,Harnett County ,135976,15.133333333333333,13.0,2.0,0.0,0.0,5.0,9.0,14.0,12.0,16.0,11.0,14.0,24.0,7.0,8.0,21.0,14.0,12.0,33.0,39.0,25.0,2.0,32.0,22.0,7.0,2.0,6.0,26.0,40.0,12.0,26.0
37087,NC,Haywood County ,62317,14.566666666666666,0.0,0.0,0.0,0.0,0.0,0.0,0.0,19.0,48.0,58.0,48.0,2.0,21.0,21.0,0.0,0.0,0.0,8.0,24.0,3.0,0.0,0.0,0.0,9.0,19.0,5.0,38.0,58.0,11.0,45.0
37089,NC,Henderson County ,117417,10.1,12.0,2.0,5.0,2.0,6.0,9.0,8.0,5.0,2.0,13.0,23.0,8.0,3.0,0.0,24.0,4.0,0.0,0.0,0.0,2.0,5.0,12.0,7.0,12.0,9.0,13.0,60.0,42.0,13.0,2.0
37091,NC,Hertford County ,23677,10.633333333333333,20.0,6.0,18.0,7.0,0.0,6.0,1.0,0.0,0.0,0.0,6.0,11.0,25.0,34.0,22.0,22.0,14.0,21.0,6.0,0.0,0.0,6.0,12.0,15.0,2.0,16.0,5.0,8.0,6.0,30.0
37093,NC,Hoke County ,55234,7.866666666666666,0.0,9.0,5.0,0.0,4.0,6.0,15.0,7.0,9.0,13.0,8.0,1.0,5.0,2.0,15.0,12.0,7.0,1.0,21.0,21.0,7.0,4.0,15.0,6.0,10.0,15.0,11.0,2.0,0.0,5.0
37095,NC,Hyde County ,4937,1.1666666666666667,0.0,0.0,0.0,0.0,0.0,0.0,0.0,0.0,0.0,0.0,0.0,0.0,6.0,15.0,2.0,11.0,1.0,0.0,0.0,0.0,0.0,0.0,0.0,0.0,0.0,0.0,0.0,0.0,0.0,0.0
37097,NC,Iredell County ,181806,21.6,0.0,7.0,7.0,0.0,14.0,9.0,25.0,17.0,5.0,0.0,5.0,17.0,27.0,3.0,12.0,19.0,26.0,7.0,3.0,0.0,0.0,0.0,5.0,41.0,41.0,37.0,51.0,18.0,17.0,235.0
37099,NC,Jackson County ,43938,3.966666666666667,0.0,0.0,0.0,0.0,0.0,6.0,8.0,0.0,9.0,17.0,2.0,0.0,0.0,0.0,0.0,0.0,0.0,0.0,0.0,0.0,0.0,0.0,7.0,0.0,0.0,14.0,0.0,17.0,25.0,14.0
37101,NC,Johnston County ,209339,20.533333333333335,29.0,24.0,20.0,22.0,17.0,22.0,28.0,13.0,8.0,6.0,17.0,15.0,15.0,10.0,9.0,8.0,9.0,1.0,11.0,10.0,0.0,44.0,19.0,7.0,7.0,34.0,43.0,48.0,8.0,112.0
37103,NC,Jones County ,9419,3.033333333333333,0.0,0.0,0.0,0.0,0.0,0.0,0.0,0.0,2.0,5.0,4.0,13.0,4.0,12.0,16.0,0.0,12.0,9.0,2.0,5.0,0.0,0.0,0.0,0.0,0.0,0.0,0.0,0.0,0.0,7.0
37105,NC,Lee County ,61779,8.633333333333333,2.0,14.0,7.0,5.0,0.0,0.0,4.0,5.0,11.0,1.0,0.0,5.0,8.0,1.0,0.0,3.0,10.0,1.0,6.0,7.0,15.0,18.0,17.0,25.0,15.0,8.0,26.0,17.0,7.0,21.0
37107,NC,Lenoir County ,55949,14.666666666666666,6.0,13.0,2.0,6.0,1.0,0.0,0.0,0.0,0.0,0.0,0.0,15.0,32.0,21.0,29.0,37.0,19.0,4.0,7.0,18.0,14.0,18.0,18.0,19.0,27.0,15.0,28.0,28.0,8.0,55.0
37109,NC,Lincoln County ,86111,4.866666666666666,0.0,0.0,2.0,5.0,4.0,3.0,0.0,3.0,22.0,28.0,3.0,6.0,14.0,1.0,7.0,0.0,4.0,6.0,4.0,0.0,0.0,0.0,0.0,20.0,8.0,0.0,0.0,0.0,0.0,6.0
37111,NC,McDowell County ,45756,8.7,0.0,0.0,0.0,2.0,5.0,3.0,10.0,22.0,35.0,37.0,31.0,15.0,1.0,3.0,10.0,1.0,7.0,13.0,13.0,4.0,5.0,11.0,3.0,0.0,0.0,1.0,11.0,13.0,3.0,2.0
37113,NC,Macon County ,35858,2.033333333333333,5.0,0.0,0.0,0.0,0.0,0.0,0.0,4.0,3.0,0.0,0.0,0.0,0.0,0.0,0.0,0.0,1.0,-1.0,15.0,6.0,0.0,8.0,35.0,-22.0,5.0,2.0,0.0,0.0,0.0,0.0
37115,NC,Madison County ,21755,4.433333333333334,0.0,0.0,0.0,0.0,0.0,0.0,0.0,0.0,0.0,4.0,3.0,0.0,0.0,0.0,0.0,0.0,0.0,0.0,0.0,0.0,0.0,24.0,18.0,0.0,50.0,20.0,0.0,5.0,9.0,0.0
37117,NC,Martin County ,22440,4.833333333333333,0.0,0.0,0.0,0.0,5.0,8.0,1.0,0.0,0.0,0.0,6.0,1.0,0.0,6.0,10.0,5.0,3.0,24.0,11.0,4.0,0.0,24.0,4.0,5.0,2.0,0.0,0.0,9.0,12.0,5.0
37119,NC,Mecklenburg County ,1110356,106.13333333333334,110.0,101.0,82.0,54.0,52.0,61.0,99.0,114.0,170.0,167.0,145.0,111.0,131.0,177.0,82.0,65.0,81.0,44.0,55.0,38.0,48.0,102.0,84.0,83.0,88.0,170.0,134.0,115.0,85.0,336.0
37121,NC,Mitchell County ,14964,1.6,0.0,0.0,0.0,0.0,0.0,3.0,6.0,5.0,0.0,6.0,1.0,0.0,0.0,0.0,0.0,0.0,0.0,0.0,5.0,2.0,0.0,0.0,0.0,2.0,10.0,2.0,0.0,-2.0,-5.0,13.0
37123,NC,Montgomery County ,27173,9.866666666666667,6.0,3.0,11.0,1.0,12.0,5.0,14.0,11.0,0.0,9.0,15.0,7.0,4.0,16.0,29.0,23.0,33.0,21.0,14.0,4.0,0.0,4.0,3.0,10.0,4.0,6.0,10.0,7.0,12.0,2.0
37125,NC,Moore County ,100880,15.266666666666667,0.0,6.0,8.0,7.0,3.0,4.0,24.0,18.0,0.0,0.0,5.0,2.0,2.0,5.0,20.0,19.0,30.0,21.0,12.0,14.0,10.0,60.0,60.0,6.0,35.0,14.0,18.0,28.0,10.0,17.0
37127,NC,Nash County ,94298,27.1,0.0,0.0,0.0,12.0,2.0,0.0,21.0,9.0,11.0,5.0,34.0,27.0,30.0,26.0,35.0,29.0,26.0,45.0,54.0,54.0,56.0,66.0,29.0,32.0,115.0,23.0,19.0,16.0,8.0,29.0
37129,NC,New Hanover County ,234473,19.266666666666666,0.0,0.0,0.0,7.0,7.0,13.0,35.0,26.0,15.0,6.0,3.0,0.0,12.0,12.0,19.0,16.0,16.0,13.0,14.0,10.0,0.0,18.0,44.0,22.0,26.0,33.0,46.0,35.0,14.0,116.0
37131,NC,Northampton County ,19483,3.033333333333333,0.0,6.0,1.0,0.0,3.0,4.0,0.0,0.0,0.0,0.0,3.0,4.0,0.0,0.0,0.0,0.0,0.0,0.0,3.0,6.0,5.0,18.0,3.0,4.0,15.0,2.0,9.0,5.0,0.0,0.0
37133,NC,Onslow County ,197938,14.8,2.0,5.0,0.0,0.0,0.0,8.0,23.0,15.0,3.0,10.0,4.0,0.0,15.0,23.0,21.0,24.0,11.0,4.0,0.0,2.0,12.0,28.0,17.0,11.0,21.0,31.0,25.0,51.0,19.0,59.0
37135,NC,Orange County ,148476,5.666666666666667,0.0,3.0,4.0,3.0,5.0,12.0,8.0,0.0,7.0,13.0,8.0,7.0,2.0,17.0,9.0,6.0,8.0,7.0,2.0,5.0,0.0,6.0,6.0,7.0,2.0,7.0,0.0,0.0,0.0,16.0
37137,NC,Pamlico County ,12726,1.1666666666666667,0.0,0.0,0.0,0.0,0.0,6.0,1.0,0.0,0.0,0.0,5.0,2.0,0.0,0.0,0.0,0.0,0.0,0.0,0.0,0.0,0.0,6.0,1.0,0.0,0.0,0.0,7.0,7.0,0.0,0.0
37139,NC,Pasquotank County ,39824,7.266666666666667,9.0,7.0,2.0,10.0,4.0,0.0,0.0,0.0,10.0,11.0,8.0,11.0,8.0,15.0,15.0,11.0,12.0,11.0,0.0,4.0,10.0,0.0,0.0,0.0,0.0,0.0,2.0,14.0,5.0,39.0
37141,NC,Pender County ,63060,4.9,0.0,0.0,0.0,4.0,3.0,0.0,5.0,2.0,0.0,0.0,6.0,1.0,0.0,6.0,1.0,0.0,12.0,8.0,1.0,0.0,28.0,30.0,5.0,0.0,0.0,0.0,6.0,15.0,7.0,7.0
37143,NC,Perquimans County ,13463,0.7,0.0,0.0,0.0,0.0,0.0,0.0,0.0,0.0,0.0,0.0,0.0,0.0,0.0,2.0,5.0,0.0,0.0,0.0,0.0,6.0,1.0,0.0,0.0,0.0,0.0,0.0,0.0,1.0,6.0,0.0
37145,NC,Person County ,39490,4.666666666666667,0.0,0.0,0.0,0.0,0.0,0.0,0.0,4.0,3.0,0.0,0.0,8.0,17.0,3.0,0.0,3.0,10.0,4.0,4.0,2.0,5.0,0.0,0.0,5.0,2.0,8.0,13.0,30.0,19.0,0.0
37147,NC,Pitt County ,180742,15.633333333333333,0.0,7.0,13.0,8.0,0.0,0.0,16.0,17.0,2.0,9.0,14.0,15.0,18.0,29.0,21.0,12.0,16.0,20.0,12.0,8.0,15.0,18.0,18.0,6.0,0.0,42.0,59.0,34.0,40.0,0.0
37149,NC,Polk County ,20724,2.1,0.0,0.0,0.0,0.0,0.0,3.0,4.0,0.0,0.0,4.0,3.0,3.0,4.0,0.0,4.0,12.0,12.0,0.0,0.0,0.0,0.0,11.0,3.0,0.0,0.0,0.0,0.0,0.0,0.0,0.0
37151,NC,Randolph County ,143667,25.433333333333334,21.0,36.0,42.0,15.0,10.0,11.0,11.0,6.0,7.0,10.0,22.0,13.0,8.0,20.0,17.0,14.0,16.0,7.0,16.0,18.0,17.0,38.0,28.0,16.0,31.0,67.0,79.0,51.0,19.0,97.0
37153,NC,Richmond County ,44829,10.466666666666667,8.0,6.0,0.0,11.0,3.0,0.0,5.0,2.0,5.0,2.0,0.0,4.0,10.0,2.0,10.0,16.0,17.0,19.0,20.0,7.0,21.0,43.0,13.0,7.0,12.0,8.0,10.0,18.0,8.0,27.0
37155,NC,Robeson County ,130625,28.8,12.0,52.0,73.0,31.0,29.0,17.0,18.0,19.0,16.0,17.0,14.0,19.0,14.0,24.0,34.0,26.0,48.0,26.0,10.0,17.0,51.0,32.0,15.0,15.0,32.0,25.0,14.0,5.0,9.0,150.0
37157,NC,Rockingham County ,91010,5.566666666666666,0.0,0.0,0.0,0.0,0.0,2.0,5.0,0.0,0.0,8.0,14.0,10.0,3.0,14.0,21.0,6.0,1.0,16.0,5.0,2.0,12.0,0.0,0.0,15.0,6.0,2.0,5.0,2.0,12.0,6.0
37159,NC,Rowan County ,142088,30.9,9.0,11.0,4.0,17.0,11.0,5.0,9.0,18.0,8.0,10.0,24.0,39.0,79.0,62.0,44.0,48.0,68.0,22.0,28.0,16.0,29.0,32.0,15.0,19.0,26.0,29.0,81.0,62.0,23.0,79.0
37161,NC,Rutherford County ,67029,21.1,6.0,6.0,2.0,9.0,5.0,8.0,6.0,9.0,5.0,1.0,20.0,17.0,9.0,4.0,11.0,53.0,21.0,30.0,53.0,20.0,41.0,80.0,42.0,14.0,11.0,11.0,31.0,41.0,57.0,10.0
37163,NC,Sampson County ,63531,13.233333333333333,0.0,2.0,7.0,5.0,6.0,6.0,6.0,17.0,16.0,25.0,16.0,8.0,5.0,5.0,9.0,19.0,16.0,0.0,0.0,0.0,21.0,0.0,0.0,12.0,36.0,56.0,41.0,27.0,10.0,26.0
37165,NC,Scotland County ,34823,12.466666666666667,0.0,0.0,0.0,8.0,6.0,0.0,0.0,0.0,0.0,12.0,23.0,7.0,0.0,16.0,12.0,4.0,19.0,12.0,18.0,17.0,7.0,40.0,29.0,23.0,16.0,18.0,24.0,36.0,10.0,17.0
37167,NC,Stanly County ,62806,17.266666666666666,1.0,6.0,0.0,0.0,0.0,0.0,4.0,24.0,83.0,56.0,15.0,0.0,42.0,105.0,12.0,16.0,0.0,2.0,5.0,6.0,15.0,84.0,14.0,20.0,8.0,0.0,0.0,0.0,0.0,0.0
37169,NC,Stokes County ,45591,6.366666666666666,0.0,1.0,6.0,0.0,0.0,0.0,3.0,9.0,2.0,0.0,0.0,0.0,0.0,0.0,0.0,0.0,5.0,4.0,5.0,20.0,15.0,18.0,3.0,9.0,12.0,12.0,26.0,11.0,0.0,30.0
37171,NC,Surry County ,71783,16.433333333333334,0.0,0.0,0.0,0.0,0.0,8.0,6.0,15.0,20.0,7.0,9.0,27.0,16.0,15.0,8.0,8.0,8.0,7.0,14.0,6.0,15.0,45.0,23.0,12.0,14.0,31.0,20.0,20.0,3.0,136.0
37173,NC,Swain County ,14271,1.8,0.0,0.0,0.0,5.0,2.0,2.0,5.0,0.0,0.0,0.0,3.0,4.0,0.0,0.0,0.0,0.0,0.0,0.0,0.0,2.0,5.0,6.0,1.0,0.0,0.0,0.0,0.0,3.0,4.0,12.0
37175,NC,Transylvania County ,34385,2.3,4.0,0.0,0.0,0.0,0.0,0.0,0.0,0.0,0.0,0.0,0.0,6.0,7.0,20.0,4.0,5.0,8.0,6.0,0.0,0.0,0.0,0.0,0.0,0.0,0.0,0.0,2.0,5.0,0.0,2.0
37177,NC,Tyrrell County ,4016,0.7,0.0,0.0,0.0,0.0,2.0,5.0,0.0,0.0,0.0,4.0,3.0,0.0,0.0,0.0,0.0,4.0,3.0,0.0,0.0,0.0,0.0,0.0,0.0,0.0,0.0,0.0,0.0,0.0,0.0,0.0
37179,NC,Union County ,239859,18.233333333333334,8.0,9.0,5.0,10.0,5.0,29.0,31.0,31.0,27.0,8.0,22.0,9.0,26.0,20.0,19.0,10.0,5.0,3.0,12.0,6.0,7.0,17.0,7.0,17.0,22.0,25.0,35.0,47.0,12.0,63.0
37181,NC,Vance County ,44535,10.233333333333333,34.0,33.0,13.0,11.0,17.0,3.0,0.0,0.0,1.0,6.0,1.0,6.0,0.0,4.0,3.0,6.0,1.0,10.0,4.0,0.0,7.0,0.0,0.0,17.0,32.0,23.0,22.0,21.0,18.0,14.0
37183,NC,Wake County ,1111761,70.83333333333333,8.0,15.0,11.0,23.0,68.0,162.0,132.0,154.0,207.0,186.0,62.0,64.0,56.0,58.0,74.0,100.0,100.0,46.0,19.0,38.0,29.0,42.0,21.0,21.0,28.0,67.0,141.0,98.0,51.0,44.0
37185,NC,Warren County ,19731,1.6333333333333333,0.0,7.0,13.0,1.0,3.0,4.0,0.0,0.0,0.0,0.0,0.0,0.0,5.0,2.0,0.0,0.0,0.0,0.0,0.0,0.0,0.0,0.0,0.0,5.0,2.0,0.0,2.0,5.0,0.0,0.0
37187,NC,Washington County ,11580,1.7666666666666666,0.0,0.0,0.0,0.0,0.0,0.0,0.0,0.0,6.0,1.0,0.0,1.0,13.0,4.0,10.0,0.0,0.0,0.0,0.0,0.0,0.0,0.0,0.0,0.0,0.0,0.0,0.0,9.0,5.0,4.0
37189,NC,Watauga County ,56177,3.6,0.0,0.0,0.0,0.0,0.0,0.0,0.0,0.0,0.0,0.0,0.0,0.0,0.0,0.0,4.0,3.0,3.0,4.0,0.0,6.0,15.0,6.0,1.0,0.0,0.0,14.0,0.0,30.0,12.0,10.0
37191,NC,Wayne County ,123131,29.5,0.0,6.0,22.0,23.0,16.0,25.0,15.0,9.0,22.0,16.0,15.0,42.0,34.0,36.0,21.0,22.0,23.0,25.0,17.0,22.0,2.0,73.0,80.0,36.0,38.0,28.0,49.0,54.0,34.0,80.0
37193,NC,Wilkes County ,68412,15.333333333333334,0.0,0.0,0.0,0.0,1.0,6.0,4.0,12.0,8.0,22.0,38.0,9.0,27.0,22.0,25.0,13.0,11.0,5.0,6.0,7.0,1.0,24.0,16.0,13.0,36.0,17.0,40.0,59.0,5.0,33.0
37195,NC,Wilson County ,81801,21.766666666666666,16.0,15.0,19.0,7.0,28.0,27.0,10.0,25.0,17.0,8.0,6.0,0.0,12.0,31.0,21.0,20.0,42.0,25.0,25.0,6.0,7.0,31.0,28.0,18.0,19.0,40.0,36.0,39.0,48.0,27.0
37197,NC,Yadkin County ,37667,5.866666666666666,5.0,3.0,0.0,2.0,5.0,2.0,5.0,0.0,0.0,0.0,5.0,2.0,0.0,0.0,0.0,2.0,11.0,1.0,0.0,0.0,0.0,12.0,7.0,4.0,5.0,15.0,30.0,23.0,9.0,28.0
37199,NC,Yancey County ,18069,1.2,0.0,0.0,0.0,0.0,0.0,0.0,0.0,0.0,0.0,0.0,0.0,0.0,0.0,0.0,0.0,0.0,0.0,0.0,0.0,0.0,0.0,12.0,2.0,0.0,0.0,0.0,6.0,16.0,6.0,-6.0
50001,VT,Addison County ,36777,0.4666666666666667,0.0,0.0,0.0,0.0,0.0,0.0,0.0,0.0,0.0,0.0,0.0,0.0,0.0,0.0,0.0,0.0,0.0,0.0,0.0,0.0,0.0,0.0,0.0,0.0,0.0,0.0,6.0,8.0,0.0,0.0
50003,VT,Bennington County ,35470,0.4666666666666667,0.0,0.0,0.0,0.0,0.0,0.0,0.0,0.0,0.0,0.0,0.0,0.0,0.0,0.0,0.0,0.0,0.0,0.0,0.0,0.0,0.0,0.0,0.0,0.0,0.0,0.0,0.0,3.0,5.0,6.0
50005,VT,Caledonia County ,29993,0.7,0.0,0.0,0.0,0.0,0.0,0.0,0.0,0.0,0.0,0.0,0.0,0.0,0.0,0.0,0.0,0.0,0.0,0.0,0.0,0.0,0.0,0.0,0.0,0.0,0.0,12.0,2.0,0.0,6.0,1.0
50007,VT,Chittenden County ,163774,6.766666666666667,0.0,0.0,0.0,0.0,0.0,0.0,0.0,0.0,0.0,0.0,0.0,0.0,0.0,0.0,0.0,0.0,0.0,0.0,0.0,0.0,0.0,0.0,0.0,0.0,0.0,18.0,51.0,41.0,34.0,59.0
50009,VT,Essex County ,6163,0.0,0.0,0.0,0.0,0.0,0.0,0.0,0.0,0.0,0.0,0.0,0.0,0.0,0.0,0.0,0.0,0.0,0.0,0.0,0.0,0.0,0.0,0.0,0.0,0.0,0.0,0.0,0.0,0.0,0.0,0.0
50011,VT,Franklin County ,49402,4.733333333333333,0.0,4.0,3.0,0.0,0.0,0.0,0.0,0.0,4.0,3.0,0.0,0.0,0.0,0.0,0.0,0.0,0.0,0.0,0.0,0.0,0.0,0.0,0.0,0.0,0.0,26.0,17.0,28.0,33.0,24.0
50013,VT,Grand Isle County ,7235,0.0,0.0,0.0,0.0,0.0,0.0,0.0,0.0,0.0,0.0,0.0,0.0,0.0,0.0,0.0,0.0,0.0,0.0,0.0,0.0,0.0,0.0,0.0,0.0,0.0,0.0,0.0,0.0,0.0,0.0,0.0
50015,VT,Lamoille County ,25362,0.0,0.0,0.0,0.0,0.0,0.0,0.0,0.0,0.0,0.0,0.0,0.0,0.0,0.0,0.0,0.0,0.0,0.0,0.0,0.0,0.0,0.0,0.0,0.0,0.0,0.0,0.0,0.0,0.0,0.0,0.0
50017,VT,Orange County ,28892,0.23333333333333334,0.0,0.0,0.0,0.0,0.0,0.0,0.0,0.0,0.0,0.0,0.0,0.0,0.0,0.0,0.0,0.0,0.0,0.0,0.0,0.0,0.0,0.0,0.0,0.0,0.0,0.0,0.0,6.0,1.0,0.0
50019,VT,Orleans County ,27037,1.0666666666666667,0.0,0.0,0.0,0.0,0.0,0.0,0.0,0.0,0.0,0.0,0.0,0.0,0.0,0.0,0.0,0.0,0.0,0.0,0.0,0.0,0.0,2.0,5.0,0.0,6.0,1.0,6.0,1.0,1.0,10.0
50021,VT,Rutland County ,58191,1.6333333333333333,0.0,0.0,0.0,0.0,0.0,0.0,0.0,0.0,0.0,0.0,0.0,0.0,0.0,0.0,0.0,0.0,0.0,0.0,0.0,0.0,0.0,0.0,0.0,13.0,18.0,4.0,6.0,8.0,0.0,0.0
50023,VT,Washington County ,58409,1.8666666666666667,0.0,0.0,0.0,0.0,0.0,0.0,0.0,3.0,4.0,0.0,0.0,0.0,0.0,0.0,0.0,0.0,0.0,0.0,0.0,0.0,0.0,0.0,0.0,0.0,0.0,0.0,11.0,10.0,12.0,16.0
50025,VT,Windham County ,42222,0.4666666666666667,0.0,0.0,0.0,0.0,0.0,0.0,0.0,0.0,0.0,0.0,0.0,0.0,0.0,0.0,0.0,0.0,0.0,0.0,0.0,0.0,0.0,0.0,0.0,0.0,6.0,8.0,0.0,0.0,0.0,0.0
50027,VT,Windsor County ,55062,0.23333333333333334,0.0,0.0,0.0,0.0,0.0,0.0,0.0,0.0,0.0,0.0,0.0,0.0,0.0,0.0,0.0,0.0,0.0,0.0,0.0,0.0,0.0,0.0,0.0,0.0,0.0,0.0,0.0,3.0,4.0,0.0
