Entity,Code,Day,Weekly cases per million people
Australia,AUS,2020-06-01,3.0151536
Australia,AUS,2020-06-02,3.0151536
Australia,AUS,2020-06-03,3.0151536
Australia,AUS,2020-06-04,3.0151536
Australia,AUS,2020-06-05,3.0151536
Australia,AUS,2020-06-06,3.0151536
Australia,AUS,2020-06-07,2.6716552
Australia,AUS,2020-06-08,2.6716552
Australia,AUS,2020-06-09,2.6716552
Australia,AUS,2020-06-10,2.6716552
Australia,AUS,2020-06-11,2.6716552
Australia,AUS,2020-06-12,2.6716552
Australia,AUS,2020-06-13,2.6716552
Australia,AUS,2020-06-14,1.7938255
Australia,AUS,2020-06-15,1.7938255
Australia,AUS,2020-06-16,1.7938255
Australia,AUS,2020-06-17,1.7938255
Australia,AUS,2020-06-18,1.7938255
Australia,AUS,2020-06-19,1.7938255
Australia,AUS,2020-06-20,1.7938255
Australia,AUS,2020-06-21,5.114311
Australia,AUS,2020-06-22,5.114311
Australia,AUS,2020-06-23,5.114311
Australia,AUS,2020-06-24,5.114311
Australia,AUS,2020-06-25,5.114311
Australia,AUS,2020-06-26,5.114311
Australia,AUS,2020-06-27,5.114311
Australia,AUS,2020-06-28,7.824133
Australia,AUS,2020-06-29,7.824133
Australia,AUS,2020-06-30,7.824133
Australia,AUS,2020-07-01,7.824133
Australia,AUS,2020-07-02,7.824133
Australia,AUS,2020-07-03,7.824133
Australia,AUS,2020-07-04,7.824133
Australia,AUS,2020-07-05,27.518047
Australia,AUS,2020-07-06,27.518047
Australia,AUS,2020-07-07,27.518047
Australia,AUS,2020-07-08,27.518047
Australia,AUS,2020-07-09,27.518047
Australia,AUS,2020-07-10,27.518047
Australia,AUS,2020-07-11,27.518047
Australia,AUS,2020-07-12,45.456303
Australia,AUS,2020-07-13,45.456303
Australia,AUS,2020-07-14,45.456303
Australia,AUS,2020-07-15,45.456303
Australia,AUS,2020-07-16,45.456303
Australia,AUS,2020-07-17,45.456303
Australia,AUS,2020-07-18,45.456303
Australia,AUS,2020-07-19,72.05836
Australia,AUS,2020-07-20,72.05836
Australia,AUS,2020-07-21,72.05836
Australia,AUS,2020-07-22,72.05836
Australia,AUS,2020-07-23,72.05836
Australia,AUS,2020-07-24,72.05836
Australia,AUS,2020-07-25,72.05836
Australia,AUS,2020-07-26,95.75975
Australia,AUS,2020-07-27,95.75975
Australia,AUS,2020-07-28,95.75975
Australia,AUS,2020-07-29,95.75975
Australia,AUS,2020-07-30,95.75975
Australia,AUS,2020-07-31,95.75975
Australia,AUS,2020-08-01,95.75975
Australia,AUS,2020-08-02,127.170784
Australia,AUS,2020-08-03,127.170784
Australia,AUS,2020-08-04,127.170784
Australia,AUS,2020-08-05,127.170784
Australia,AUS,2020-08-06,127.170784
Australia,AUS,2020-08-07,127.170784
Australia,AUS,2020-08-08,127.170784
Australia,AUS,2020-08-09,130.37677
Australia,AUS,2020-08-10,130.37677
Australia,AUS,2020-08-11,130.37677
Australia,AUS,2020-08-12,130.37677
Australia,AUS,2020-08-13,130.37677
Australia,AUS,2020-08-14,130.37677
Australia,AUS,2020-08-15,130.37677
Australia,AUS,2020-08-16,89.195114
Australia,AUS,2020-08-17,89.195114
Australia,AUS,2020-08-18,89.195114
Australia,AUS,2020-08-19,89.195114
Australia,AUS,2020-08-20,89.195114
Australia,AUS,2020-08-21,89.195114
Australia,AUS,2020-08-22,89.195114
Australia,AUS,2020-08-23,59.806908
Australia,AUS,2020-08-24,59.806908
Australia,AUS,2020-08-25,59.806908
Australia,AUS,2020-08-26,59.806908
Australia,AUS,2020-08-27,59.806908
Australia,AUS,2020-08-28,59.806908
Australia,AUS,2020-08-29,59.806908
Australia,AUS,2020-08-30,36.067345
Australia,AUS,2020-08-31,36.067345
Australia,AUS,2020-09-01,36.067345
Australia,AUS,2020-09-02,36.067345
Australia,AUS,2020-09-03,36.067345
Australia,AUS,2020-09-04,36.067345
Australia,AUS,2020-09-05,36.067345
Australia,AUS,2020-09-06,25.18989
Australia,AUS,2020-09-07,25.18989
Australia,AUS,2020-09-08,25.18989
Australia,AUS,2020-09-09,25.18989
Australia,AUS,2020-09-10,25.18989
Australia,AUS,2020-09-11,25.18989
Australia,AUS,2020-09-12,25.18989
Australia,AUS,2020-09-13,15.266601
Australia,AUS,2020-09-14,15.266601
Australia,AUS,2020-09-15,15.266601
Australia,AUS,2020-09-16,15.266601
Australia,AUS,2020-09-17,15.266601
Australia,AUS,2020-09-18,15.266601
Australia,AUS,2020-09-19,15.266601
Australia,AUS,2020-09-20,10.610288
Australia,AUS,2020-09-21,10.610288
Australia,AUS,2020-09-22,10.610288
Australia,AUS,2020-09-23,10.610288
Australia,AUS,2020-09-24,10.610288
Australia,AUS,2020-09-25,10.610288
Australia,AUS,2020-09-26,10.610288
Australia,AUS,2020-09-27,4.9998116
Australia,AUS,2020-09-28,4.9998116
Australia,AUS,2020-09-29,4.9998116
Australia,AUS,2020-09-30,4.9998116
Australia,AUS,2020-10-01,4.9998116
Australia,AUS,2020-10-02,4.9998116
Australia,AUS,2020-10-03,4.9998116
Australia,AUS,2020-10-04,4.0074825
Australia,AUS,2020-10-05,4.0074825
Australia,AUS,2020-10-06,4.0074825
Australia,AUS,2020-10-07,4.0074825
Australia,AUS,2020-10-08,4.0074825
Australia,AUS,2020-10-09,4.0074825
Australia,AUS,2020-10-10,4.0074825
Australia,AUS,2020-10-11,4.6944795
Australia,AUS,2020-10-12,4.6944795
Australia,AUS,2020-10-13,4.6944795
Australia,AUS,2020-10-14,4.6944795
Australia,AUS,2020-10-15,4.6944795
Australia,AUS,2020-10-16,4.6944795
Australia,AUS,2020-10-17,4.6944795
Australia,AUS,2020-10-18,5.305144
Australia,AUS,2020-10-19,5.305144
Australia,AUS,2020-10-20,5.305144
Australia,AUS,2020-10-21,5.305144
Australia,AUS,2020-10-22,5.305144
Australia,AUS,2020-10-23,5.305144
Australia,AUS,2020-10-24,5.305144
Australia,AUS,2020-10-25,4.4273143
Australia,AUS,2020-10-26,4.4273143
Australia,AUS,2020-10-27,4.4273143
Australia,AUS,2020-10-28,4.4273143
Australia,AUS,2020-10-29,4.4273143
Australia,AUS,2020-10-30,4.4273143
Australia,AUS,2020-10-31,4.4273143
Australia,AUS,2020-11-01,3.4731517
Australia,AUS,2020-11-02,3.4731517
Australia,AUS,2020-11-03,3.4731517
Australia,AUS,2020-11-04,3.4731517
Australia,AUS,2020-11-05,3.4731517
Australia,AUS,2020-11-06,3.4731517
Australia,AUS,2020-11-07,3.4731517
Australia,AUS,2020-11-08,2.366323
Australia,AUS,2020-11-09,2.366323
Australia,AUS,2020-11-10,2.366323
Australia,AUS,2020-11-11,2.366323
Australia,AUS,2020-11-12,2.366323
Australia,AUS,2020-11-13,2.366323
Australia,AUS,2020-11-14,2.366323
Australia,AUS,2020-11-15,2.2518237
Australia,AUS,2020-11-16,2.2518237
Australia,AUS,2020-11-17,2.2518237
Australia,AUS,2020-11-18,2.2518237
Australia,AUS,2020-11-19,2.2518237
Australia,AUS,2020-11-20,2.2518237
Australia,AUS,2020-11-21,2.2518237
Australia,AUS,2020-11-22,3.663984
Australia,AUS,2020-11-23,3.663984
Australia,AUS,2020-11-24,3.663984
Australia,AUS,2020-11-25,3.663984
Australia,AUS,2020-11-26,3.663984
Australia,AUS,2020-11-27,3.663984
Australia,AUS,2020-11-28,3.663984
Australia,AUS,2020-11-29,2.9769871
Australia,AUS,2020-11-30,2.9769871
Australia,AUS,2020-12-01,2.9769871
Australia,AUS,2020-12-02,2.9769871
Australia,AUS,2020-12-03,2.9769871
Australia,AUS,2020-12-04,2.9769871
Australia,AUS,2020-12-05,2.9769871
Australia,AUS,2020-12-06,2.7098215
Australia,AUS,2020-12-07,2.7098215
Australia,AUS,2020-12-08,2.7098215
Australia,AUS,2020-12-09,2.7098215
Australia,AUS,2020-12-10,2.7098215
Australia,AUS,2020-12-11,2.7098215
Australia,AUS,2020-12-12,2.7098215
Australia,AUS,2020-12-13,2.6334887
Australia,AUS,2020-12-14,2.6334887
Australia,AUS,2020-12-15,2.6334887
Australia,AUS,2020-12-16,2.6334887
Australia,AUS,2020-12-17,2.6334887
Australia,AUS,2020-12-18,2.6334887
Australia,AUS,2020-12-19,2.6334887
Australia,AUS,2020-12-20,3.9311497
Australia,AUS,2020-12-21,3.9311497
Australia,AUS,2020-12-22,3.9311497
Australia,AUS,2020-12-23,3.9311497
Australia,AUS,2020-12-24,3.9311497
Australia,AUS,2020-12-25,3.9311497
Australia,AUS,2020-12-26,3.9311497
Australia,AUS,2020-12-27,6.411972
Australia,AUS,2020-12-28,6.411972
Australia,AUS,2020-12-29,6.411972
Australia,AUS,2020-12-30,6.411972
Australia,AUS,2020-12-31,6.411972
Australia,AUS,2021-01-01,6.411972
Australia,AUS,2021-01-02,6.411972
Australia,AUS,2021-01-03,7.1371355
Australia,AUS,2021-01-04,7.1371355
Australia,AUS,2021-01-05,7.1371355
Australia,AUS,2021-01-06,7.1371355
Australia,AUS,2021-01-07,7.1371355
Australia,AUS,2021-01-08,7.1371355
Australia,AUS,2021-01-09,7.1371355
Australia,AUS,2021-01-10,4.274648
Australia,AUS,2021-01-11,4.274648
Australia,AUS,2021-01-12,4.274648
Australia,AUS,2021-01-13,4.274648
Australia,AUS,2021-01-14,4.274648
Australia,AUS,2021-01-15,4.274648
Australia,AUS,2021-01-16,4.274648
Australia,AUS,2021-01-17,4.3128147
Australia,AUS,2021-01-18,4.3128147
Australia,AUS,2021-01-19,4.3128147
Australia,AUS,2021-01-20,4.3128147
Australia,AUS,2021-01-21,4.3128147
Australia,AUS,2021-01-22,4.3128147
Australia,AUS,2021-01-23,4.3128147
Australia,AUS,2021-01-24,2.2136571
Australia,AUS,2021-01-25,2.2136571
Australia,AUS,2021-01-26,2.2136571
Australia,AUS,2021-01-27,2.2136571
Australia,AUS,2021-01-28,2.2136571
Australia,AUS,2021-01-29,2.2136571
Australia,AUS,2021-01-30,2.2136571
Australia,AUS,2021-01-31,1.7174926
Brazil,BRA,2020-06-01,638.4779
Brazil,BRA,2020-06-02,638.4779
Brazil,BRA,2020-06-03,638.4779
Brazil,BRA,2020-06-04,638.4779
Brazil,BRA,2020-06-05,638.4779
Brazil,BRA,2020-06-06,638.4779
Brazil,BRA,2020-06-07,858.77075
Brazil,BRA,2020-06-08,858.77075
Brazil,BRA,2020-06-09,858.77075
Brazil,BRA,2020-06-10,858.77075
Brazil,BRA,2020-06-11,858.77075
Brazil,BRA,2020-06-12,858.77075
Brazil,BRA,2020-06-13,858.77075
Brazil,BRA,2020-06-14,870.34436
Brazil,BRA,2020-06-15,870.34436
Brazil,BRA,2020-06-16,870.34436
Brazil,BRA,2020-06-17,870.34436
Brazil,BRA,2020-06-18,870.34436
Brazil,BRA,2020-06-19,870.34436
Brazil,BRA,2020-06-20,870.34436
Brazil,BRA,2020-06-21,970.503
Brazil,BRA,2020-06-22,970.503
Brazil,BRA,2020-06-23,970.503
Brazil,BRA,2020-06-24,970.503
Brazil,BRA,2020-06-25,970.503
Brazil,BRA,2020-06-26,970.503
Brazil,BRA,2020-06-27,970.503
Brazil,BRA,2020-06-28,1150.9921
Brazil,BRA,2020-06-29,1150.9921
Brazil,BRA,2020-06-30,1150.9921
Brazil,BRA,2020-07-01,1150.9921
Brazil,BRA,2020-07-02,1150.9921
Brazil,BRA,2020-07-03,1150.9921
Brazil,BRA,2020-07-04,1150.9921
Brazil,BRA,2020-07-05,1255.8201
Brazil,BRA,2020-07-06,1255.8201
Brazil,BRA,2020-07-07,1255.8201
Brazil,BRA,2020-07-08,1255.8201
Brazil,BRA,2020-07-09,1255.8201
Brazil,BRA,2020-07-10,1255.8201
Brazil,BRA,2020-07-11,1255.8201
Brazil,BRA,2020-07-12,1244.5935
Brazil,BRA,2020-07-13,1244.5935
Brazil,BRA,2020-07-14,1244.5935
Brazil,BRA,2020-07-15,1244.5935
Brazil,BRA,2020-07-16,1244.5935
Brazil,BRA,2020-07-17,1244.5935
Brazil,BRA,2020-07-18,1244.5935
Brazil,BRA,2020-07-19,1167.3491
Brazil,BRA,2020-07-20,1167.3491
Brazil,BRA,2020-07-21,1167.3491
Brazil,BRA,2020-07-22,1167.3491
Brazil,BRA,2020-07-23,1167.3491
Brazil,BRA,2020-07-24,1167.3491
Brazil,BRA,2020-07-25,1167.3491
Brazil,BRA,2020-07-26,1412.4059
Brazil,BRA,2020-07-27,1412.4059
Brazil,BRA,2020-07-28,1412.4059
Brazil,BRA,2020-07-29,1412.4059
Brazil,BRA,2020-07-30,1412.4059
Brazil,BRA,2020-07-31,1412.4059
Brazil,BRA,2020-08-01,1412.4059
Brazil,BRA,2020-08-02,1517.4003
Brazil,BRA,2020-08-03,1517.4003
Brazil,BRA,2020-08-04,1517.4003
Brazil,BRA,2020-08-05,1517.4003
Brazil,BRA,2020-08-06,1517.4003
Brazil,BRA,2020-08-07,1517.4003
Brazil,BRA,2020-08-08,1517.4003
Brazil,BRA,2020-08-09,1426.2855
Brazil,BRA,2020-08-10,1426.2855
Brazil,BRA,2020-08-11,1426.2855
Brazil,BRA,2020-08-12,1426.2855
Brazil,BRA,2020-08-13,1426.2855
Brazil,BRA,2020-08-14,1426.2855
Brazil,BRA,2020-08-15,1426.2855
Brazil,BRA,2020-08-16,1488.6755
Brazil,BRA,2020-08-17,1488.6755
Brazil,BRA,2020-08-18,1488.6755
Brazil,BRA,2020-08-19,1488.6755
Brazil,BRA,2020-08-20,1488.6755
Brazil,BRA,2020-08-21,1488.6755
Brazil,BRA,2020-08-22,1488.6755
Brazil,BRA,2020-08-23,1221.123
Brazil,BRA,2020-08-24,1221.123
Brazil,BRA,2020-08-25,1221.123
Brazil,BRA,2020-08-26,1221.123
Brazil,BRA,2020-08-27,1221.123
Brazil,BRA,2020-08-28,1221.123
Brazil,BRA,2020-08-29,1221.123
Brazil,BRA,2020-08-30,1295.6001
Brazil,BRA,2020-08-31,1295.6001
Brazil,BRA,2020-09-01,1295.6001
Brazil,BRA,2020-09-02,1295.6001
Brazil,BRA,2020-09-03,1295.6001
Brazil,BRA,2020-09-04,1295.6001
Brazil,BRA,2020-09-05,1295.6001
Brazil,BRA,2020-09-06,1369.5684
Brazil,BRA,2020-09-07,1369.5684
Brazil,BRA,2020-09-08,1369.5684
Brazil,BRA,2020-09-09,1369.5684
Brazil,BRA,2020-09-10,1369.5684
Brazil,BRA,2020-09-11,1369.5684
Brazil,BRA,2020-09-12,1369.5684
Brazil,BRA,2020-09-13,900.2674
Brazil,BRA,2020-09-14,900.2674
Brazil,BRA,2020-09-15,900.2674
Brazil,BRA,2020-09-16,900.2674
Brazil,BRA,2020-09-17,900.2674
Brazil,BRA,2020-09-18,900.2674
Brazil,BRA,2020-09-19,900.2674
Brazil,BRA,2020-09-20,1012.89825
Brazil,BRA,2020-09-21,1012.89825
Brazil,BRA,2020-09-22,1012.89825
Brazil,BRA,2020-09-23,1012.89825
Brazil,BRA,2020-09-24,1012.89825
Brazil,BRA,2020-09-25,1012.89825
Brazil,BRA,2020-09-26,1012.89825
Brazil,BRA,2020-09-27,924.5082
Brazil,BRA,2020-09-28,924.5082
Brazil,BRA,2020-09-29,924.5082
Brazil,BRA,2020-09-30,924.5082
Brazil,BRA,2020-10-01,924.5082
Brazil,BRA,2020-10-02,924.5082
Brazil,BRA,2020-10-03,924.5082
Brazil,BRA,2020-10-04,907.7707
Brazil,BRA,2020-10-05,907.7707
Brazil,BRA,2020-10-06,907.7707
Brazil,BRA,2020-10-07,907.7707
Brazil,BRA,2020-10-08,907.7707
Brazil,BRA,2020-10-09,907.7707
Brazil,BRA,2020-10-10,907.7707
Brazil,BRA,2020-10-11,833.85474
Brazil,BRA,2020-10-12,833.85474
Brazil,BRA,2020-10-13,833.85474
Brazil,BRA,2020-10-14,833.85474
Brazil,BRA,2020-10-15,833.85474
Brazil,BRA,2020-10-16,833.85474
Brazil,BRA,2020-10-17,833.85474
Brazil,BRA,2020-10-18,686.67426
Brazil,BRA,2020-10-19,686.67426
Brazil,BRA,2020-10-20,686.67426
Brazil,BRA,2020-10-21,686.67426
Brazil,BRA,2020-10-22,686.67426
Brazil,BRA,2020-10-23,686.67426
Brazil,BRA,2020-10-24,686.67426
Brazil,BRA,2020-10-25,729.2027
Brazil,BRA,2020-10-26,729.2027
Brazil,BRA,2020-10-27,729.2027
Brazil,BRA,2020-10-28,729.2027
Brazil,BRA,2020-10-29,729.2027
Brazil,BRA,2020-10-30,729.2027
Brazil,BRA,2020-10-31,729.2027
Brazil,BRA,2020-11-01,775.0691
Brazil,BRA,2020-11-02,775.0691
Brazil,BRA,2020-11-03,775.0691
Brazil,BRA,2020-11-04,775.0691
Brazil,BRA,2020-11-05,775.0691
Brazil,BRA,2020-11-06,775.0691
Brazil,BRA,2020-11-07,775.0691
Brazil,BRA,2020-11-08,544.55304
Brazil,BRA,2020-11-09,544.55304
Brazil,BRA,2020-11-10,544.55304
Brazil,BRA,2020-11-11,544.55304
Brazil,BRA,2020-11-12,544.55304
Brazil,BRA,2020-11-13,544.55304
Brazil,BRA,2020-11-14,544.55304
Brazil,BRA,2020-11-15,853.37866
Brazil,BRA,2020-11-16,853.37866
Brazil,BRA,2020-11-17,853.37866
Brazil,BRA,2020-11-18,853.37866
Brazil,BRA,2020-11-19,853.37866
Brazil,BRA,2020-11-20,853.37866
Brazil,BRA,2020-11-21,853.37866
Brazil,BRA,2020-11-22,996.2226
Brazil,BRA,2020-11-23,996.2226
Brazil,BRA,2020-11-24,996.2226
Brazil,BRA,2020-11-25,996.2226
Brazil,BRA,2020-11-26,996.2226
Brazil,BRA,2020-11-27,996.2226
Brazil,BRA,2020-11-28,996.2226
Brazil,BRA,2020-11-29,1037.4672
Brazil,BRA,2020-11-30,1037.4672
Brazil,BRA,2020-12-01,1037.4672
Brazil,BRA,2020-12-02,1037.4672
Brazil,BRA,2020-12-03,1037.4672
Brazil,BRA,2020-12-04,1037.4672
Brazil,BRA,2020-12-05,1037.4672
Brazil,BRA,2020-12-06,1405.6538
Brazil,BRA,2020-12-07,1405.6538
Brazil,BRA,2020-12-08,1405.6538
Brazil,BRA,2020-12-09,1405.6538
Brazil,BRA,2020-12-10,1405.6538
Brazil,BRA,2020-12-11,1405.6538
Brazil,BRA,2020-12-12,1405.6538
Brazil,BRA,2020-12-13,1437.2316
Brazil,BRA,2020-12-14,1437.2316
Brazil,BRA,2020-12-15,1437.2316
Brazil,BRA,2020-12-16,1437.2316
Brazil,BRA,2020-12-17,1437.2316
Brazil,BRA,2020-12-18,1437.2316
Brazil,BRA,2020-12-19,1437.2316
Brazil,BRA,2020-12-20,1553.6902
Brazil,BRA,2020-12-21,1553.6902
Brazil,BRA,2020-12-22,1553.6902
Brazil,BRA,2020-12-23,1553.6902
Brazil,BRA,2020-12-24,1553.6902
Brazil,BRA,2020-12-25,1553.6902
Brazil,BRA,2020-12-26,1553.6902
Brazil,BRA,2020-12-27,1357.933
Brazil,BRA,2020-12-28,1357.933
Brazil,BRA,2020-12-29,1357.933
Brazil,BRA,2020-12-30,1357.933
Brazil,BRA,2020-12-31,1357.933
Brazil,BRA,2021-01-01,1357.933
Brazil,BRA,2021-01-02,1357.933
Brazil,BRA,2021-01-03,1198.3373
Brazil,BRA,2021-01-04,1198.3373
Brazil,BRA,2021-01-05,1198.3373
Brazil,BRA,2021-01-06,1198.3373
Brazil,BRA,2021-01-07,1198.3373
Brazil,BRA,2021-01-08,1198.3373
Brazil,BRA,2021-01-09,1198.3373
Brazil,BRA,2021-01-10,1488.9227
Brazil,BRA,2021-01-11,1488.9227
Brazil,BRA,2021-01-12,1488.9227
Brazil,BRA,2021-01-13,1488.9227
Brazil,BRA,2021-01-14,1488.9227
Brazil,BRA,2021-01-15,1488.9227
Brazil,BRA,2021-01-16,1488.9227
Brazil,BRA,2021-01-17,1805.8604
Brazil,BRA,2021-01-18,1805.8604
Brazil,BRA,2021-01-19,1805.8604
Brazil,BRA,2021-01-20,1805.8604
Brazil,BRA,2021-01-21,1805.8604
Brazil,BRA,2021-01-22,1805.8604
Brazil,BRA,2021-01-23,1805.8604
Brazil,BRA,2021-01-24,1713.8231
Brazil,BRA,2021-01-25,1713.8231
Brazil,BRA,2021-01-26,1713.8231
Brazil,BRA,2021-01-27,1713.8231
Brazil,BRA,2021-01-28,1713.8231
Brazil,BRA,2021-01-29,1713.8231
Brazil,BRA,2021-01-30,1713.8231
Brazil,BRA,2021-01-31,1733.6276
Germany,DEU,2020-06-01,38.12753
Germany,DEU,2020-06-02,38.12753
Germany,DEU,2020-06-03,38.12753
Germany,DEU,2020-06-04,38.12753
Germany,DEU,2020-06-05,38.12753
Germany,DEU,2020-06-06,38.12753
Germany,DEU,2020-06-07,27.995071
Germany,DEU,2020-06-08,27.995071
Germany,DEU,2020-06-09,27.995071
Germany,DEU,2020-06-10,27.995071
Germany,DEU,2020-06-11,27.995071
Germany,DEU,2020-06-12,27.995071
Germany,DEU,2020-06-13,27.995071
Germany,DEU,2020-06-14,27.923717
Germany,DEU,2020-06-15,27.923717
Germany,DEU,2020-06-16,27.923717
Germany,DEU,2020-06-17,27.923717
Germany,DEU,2020-06-18,27.923717
Germany,DEU,2020-06-19,27.923717
Germany,DEU,2020-06-20,27.923717
Germany,DEU,2020-06-21,49.853584
Germany,DEU,2020-06-22,49.853584
Germany,DEU,2020-06-23,49.853584
Germany,DEU,2020-06-24,49.853584
Germany,DEU,2020-06-25,49.853584
Germany,DEU,2020-06-26,49.853584
Germany,DEU,2020-06-27,49.853584
Germany,DEU,2020-06-28,37.66372
Germany,DEU,2020-06-29,37.66372
Germany,DEU,2020-06-30,37.66372
Germany,DEU,2020-07-01,37.66372
Germany,DEU,2020-07-02,37.66372
Germany,DEU,2020-07-03,37.66372
Germany,DEU,2020-07-04,37.66372
Germany,DEU,2020-07-05,32.00286
Germany,DEU,2020-07-06,32.00286
Germany,DEU,2020-07-07,32.00286
Germany,DEU,2020-07-08,32.00286
Germany,DEU,2020-07-09,32.00286
Germany,DEU,2020-07-10,32.00286
Germany,DEU,2020-07-11,32.00286
Germany,DEU,2020-07-12,28.887014
Germany,DEU,2020-07-13,28.887014
Germany,DEU,2020-07-14,28.887014
Germany,DEU,2020-07-15,28.887014
Germany,DEU,2020-07-16,28.887014
Germany,DEU,2020-07-17,28.887014
Germany,DEU,2020-07-18,28.887014
Germany,DEU,2020-07-19,36.200935
Germany,DEU,2020-07-20,36.200935
Germany,DEU,2020-07-21,36.200935
Germany,DEU,2020-07-22,36.200935
Germany,DEU,2020-07-23,36.200935
Germany,DEU,2020-07-24,36.200935
Germany,DEU,2020-07-25,36.200935
Germany,DEU,2020-07-26,46.809093
Germany,DEU,2020-07-27,46.809093
Germany,DEU,2020-07-28,46.809093
Germany,DEU,2020-07-29,46.809093
Germany,DEU,2020-07-30,46.809093
Germany,DEU,2020-07-31,46.809093
Germany,DEU,2020-08-01,46.809093
Germany,DEU,2020-08-02,57.59564
Germany,DEU,2020-08-03,57.59564
Germany,DEU,2020-08-04,57.59564
Germany,DEU,2020-08-05,57.59564
Germany,DEU,2020-08-06,57.59564
Germany,DEU,2020-08-07,57.59564
Germany,DEU,2020-08-08,57.59564
Germany,DEU,2020-08-09,72.15212
Germany,DEU,2020-08-10,72.15212
Germany,DEU,2020-08-11,72.15212
Germany,DEU,2020-08-12,72.15212
Germany,DEU,2020-08-13,72.15212
Germany,DEU,2020-08-14,72.15212
Germany,DEU,2020-08-15,72.15212
Germany,DEU,2020-08-16,94.79555
Germany,DEU,2020-08-17,94.79555
Germany,DEU,2020-08-18,94.79555
Germany,DEU,2020-08-19,94.79555
Germany,DEU,2020-08-20,94.79555
Germany,DEU,2020-08-21,94.79555
Germany,DEU,2020-08-22,94.79555
Germany,DEU,2020-08-23,113.930664
Germany,DEU,2020-08-24,113.930664
Germany,DEU,2020-08-25,113.930664
Germany,DEU,2020-08-26,113.930664
Germany,DEU,2020-08-27,113.930664
Germany,DEU,2020-08-28,113.930664
Germany,DEU,2020-08-29,113.930664
Germany,DEU,2020-08-30,105.17775
Germany,DEU,2020-08-31,105.17775
Germany,DEU,2020-09-01,105.17775
Germany,DEU,2020-09-02,105.17775
Germany,DEU,2020-09-03,105.17775
Germany,DEU,2020-09-04,105.17775
Germany,DEU,2020-09-05,105.17775
Germany,DEU,2020-09-06,102.382996
Germany,DEU,2020-09-07,102.382996
Germany,DEU,2020-09-08,102.382996
Germany,DEU,2020-09-09,102.382996
Germany,DEU,2020-09-10,102.382996
Germany,DEU,2020-09-11,102.382996
Germany,DEU,2020-09-12,102.382996
Germany,DEU,2020-09-13,116.36864
Germany,DEU,2020-09-14,116.36864
Germany,DEU,2020-09-15,116.36864
Germany,DEU,2020-09-16,116.36864
Germany,DEU,2020-09-17,116.36864
Germany,DEU,2020-09-18,116.36864
Germany,DEU,2020-09-19,116.36864
Germany,DEU,2020-09-20,146.10002
Germany,DEU,2020-09-21,146.10002
Germany,DEU,2020-09-22,146.10002
Germany,DEU,2020-09-23,146.10002
Germany,DEU,2020-09-24,146.10002
Germany,DEU,2020-09-25,146.10002
Germany,DEU,2020-09-26,146.10002
Germany,DEU,2020-09-27,155.36432
Germany,DEU,2020-09-28,155.36432
Germany,DEU,2020-09-29,155.36432
Germany,DEU,2020-09-30,155.36432
Germany,DEU,2020-10-01,155.36432
Germany,DEU,2020-10-02,155.36432
Germany,DEU,2020-10-03,155.36432
Germany,DEU,2020-10-04,189.63867
Germany,DEU,2020-10-05,189.63867
Germany,DEU,2020-10-06,189.63867
Germany,DEU,2020-10-07,189.63867
Germany,DEU,2020-10-08,189.63867
Germany,DEU,2020-10-09,189.63867
Germany,DEU,2020-10-10,189.63867
Germany,DEU,2020-10-11,310.93082
Germany,DEU,2020-10-12,310.93082
Germany,DEU,2020-10-13,310.93082
Germany,DEU,2020-10-14,310.93082
Germany,DEU,2020-10-15,310.93082
Germany,DEU,2020-10-16,310.93082
Germany,DEU,2020-10-17,310.93082
Germany,DEU,2020-10-18,499.85593
Germany,DEU,2020-10-19,499.85593
Germany,DEU,2020-10-20,499.85593
Germany,DEU,2020-10-21,499.85593
Germany,DEU,2020-10-22,499.85593
Germany,DEU,2020-10-23,499.85593
Germany,DEU,2020-10-24,499.85593
Germany,DEU,2020-10-25,889.4679
Germany,DEU,2020-10-26,889.4679
Germany,DEU,2020-10-27,889.4679
Germany,DEU,2020-10-28,889.4679
Germany,DEU,2020-10-29,889.4679
Germany,DEU,2020-10-30,889.4679
Germany,DEU,2020-10-31,889.4679
Germany,DEU,2020-11-01,1320.1805
Germany,DEU,2020-11-02,1320.1805
Germany,DEU,2020-11-03,1320.1805
Germany,DEU,2020-11-04,1320.1805
Germany,DEU,2020-11-05,1320.1805
Germany,DEU,2020-11-06,1320.1805
Germany,DEU,2020-11-07,1320.1805
Germany,DEU,2020-11-08,1494.7988
Germany,DEU,2020-11-09,1494.7988
Germany,DEU,2020-11-10,1494.7988
Germany,DEU,2020-11-11,1494.7988
Germany,DEU,2020-11-12,1494.7988
Germany,DEU,2020-11-13,1494.7988
Germany,DEU,2020-11-14,1494.7988
Germany,DEU,2020-11-15,1520.6057
Germany,DEU,2020-11-16,1520.6057
Germany,DEU,2020-11-17,1520.6057
Germany,DEU,2020-11-18,1520.6057
Germany,DEU,2020-11-19,1520.6057
Germany,DEU,2020-11-20,1520.6057
Germany,DEU,2020-11-21,1520.6057
Germany,DEU,2020-11-22,1527.0039
Germany,DEU,2020-11-23,1527.0039
Germany,DEU,2020-11-24,1527.0039
Germany,DEU,2020-11-25,1527.0039
Germany,DEU,2020-11-26,1527.0039
Germany,DEU,2020-11-27,1527.0039
Germany,DEU,2020-11-28,1527.0039
Germany,DEU,2020-11-29,1464.235
Germany,DEU,2020-11-30,1464.235
Germany,DEU,2020-12-01,1464.235
Germany,DEU,2020-12-02,1464.235
Germany,DEU,2020-12-03,1464.235
Germany,DEU,2020-12-04,1464.235
Germany,DEU,2020-12-05,1464.235
Germany,DEU,2020-12-06,1525.3152
Germany,DEU,2020-12-07,1525.3152
Germany,DEU,2020-12-08,1525.3152
Germany,DEU,2020-12-09,1525.3152
Germany,DEU,2020-12-10,1525.3152
Germany,DEU,2020-12-11,1525.3152
Germany,DEU,2020-12-12,1525.3152
Germany,DEU,2020-12-13,1857.7715
Germany,DEU,2020-12-14,1857.7715
Germany,DEU,2020-12-15,1857.7715
Germany,DEU,2020-12-16,1857.7715
Germany,DEU,2020-12-17,1857.7715
Germany,DEU,2020-12-18,1857.7715
Germany,DEU,2020-12-19,1857.7715
Germany,DEU,2020-12-20,2076.309
Germany,DEU,2020-12-21,2076.309
Germany,DEU,2020-12-22,2076.309
Germany,DEU,2020-12-23,2076.309
Germany,DEU,2020-12-24,2076.309
Germany,DEU,2020-12-25,2076.309
Germany,DEU,2020-12-26,2076.309
Germany,DEU,2020-12-27,1651.0195
Germany,DEU,2020-12-28,1651.0195
Germany,DEU,2020-12-29,1651.0195
Germany,DEU,2020-12-30,1651.0195
Germany,DEU,2020-12-31,1651.0195
Germany,DEU,2021-01-01,1651.0195
Germany,DEU,2021-01-02,1651.0195
Germany,DEU,2021-01-03,1462.2252
Germany,DEU,2021-01-04,1462.2252
Germany,DEU,2021-01-05,1462.2252
Germany,DEU,2021-01-06,1462.2252
Germany,DEU,2021-01-07,1462.2252
Germany,DEU,2021-01-08,1462.2252
Germany,DEU,2021-01-09,1462.2252
Germany,DEU,2021-01-10,1730.426
Germany,DEU,2021-01-11,1730.426
Germany,DEU,2021-01-12,1730.426
Germany,DEU,2021-01-13,1730.426
Germany,DEU,2021-01-14,1730.426
Germany,DEU,2021-01-15,1730.426
Germany,DEU,2021-01-16,1730.426
Germany,DEU,2021-01-17,1414.3695
Germany,DEU,2021-01-18,1414.3695
Germany,DEU,2021-01-19,1414.3695
Germany,DEU,2021-01-20,1414.3695
Germany,DEU,2021-01-21,1414.3695
Germany,DEU,2021-01-22,1414.3695
Germany,DEU,2021-01-23,1414.3695
Germany,DEU,2021-01-24,1136.3693
Germany,DEU,2021-01-25,1136.3693
Germany,DEU,2021-01-26,1136.3693
Germany,DEU,2021-01-27,1136.3693
Germany,DEU,2021-01-28,1136.3693
Germany,DEU,2021-01-29,1136.3693
Germany,DEU,2021-01-30,1136.3693
Germany,DEU,2021-01-31,929.66473
Japan,JPN,2020-06-01,2.4080465
Japan,JPN,2020-06-02,2.4080465
Japan,JPN,2020-06-03,2.4080465
Japan,JPN,2020-06-04,2.4080465
Japan,JPN,2020-06-05,2.4080465
Japan,JPN,2020-06-06,2.4080465
Japan,JPN,2020-06-07,2.3200448
Japan,JPN,2020-06-08,2.3200448
Japan,JPN,2020-06-09,2.3200448
Japan,JPN,2020-06-10,2.3200448
Japan,JPN,2020-06-11,2.3200448
Japan,JPN,2020-06-12,2.3200448
Japan,JPN,2020-06-13,2.3200448
Japan,JPN,2020-06-14,2.3040445
Japan,JPN,2020-06-15,2.3040445
Japan,JPN,2020-06-16,2.3040445
Japan,JPN,2020-06-17,2.3040445
Japan,JPN,2020-06-18,2.3040445
Japan,JPN,2020-06-19,2.3040445
Japan,JPN,2020-06-20,2.3040445
Japan,JPN,2020-06-21,3.4800673
Japan,JPN,2020-06-22,3.4800673
Japan,JPN,2020-06-23,3.4800673
Japan,JPN,2020-06-24,3.4800673
Japan,JPN,2020-06-25,3.4800673
Japan,JPN,2020-06-26,3.4800673
Japan,JPN,2020-06-27,3.4800673
Japan,JPN,2020-06-28,4.2080812
Japan,JPN,2020-06-29,4.2080812
Japan,JPN,2020-06-30,4.2080812
Japan,JPN,2020-07-01,4.2080812
Japan,JPN,2020-07-02,4.2080812
Japan,JPN,2020-07-03,4.2080812
Japan,JPN,2020-07-04,4.2080812
Japan,JPN,2020-07-05,9.056175
Japan,JPN,2020-07-06,9.056175
Japan,JPN,2020-07-07,9.056175
Japan,JPN,2020-07-08,9.056175
Japan,JPN,2020-07-09,9.056175
Japan,JPN,2020-07-10,9.056175
Japan,JPN,2020-07-11,9.056175
Japan,JPN,2020-07-12,15.840306
Japan,JPN,2020-07-13,15.840306
Japan,JPN,2020-07-14,15.840306
Japan,JPN,2020-07-15,15.840306
Japan,JPN,2020-07-16,15.840306
Japan,JPN,2020-07-17,15.840306
Japan,JPN,2020-07-18,15.840306
Japan,JPN,2020-07-19,25.120485
Japan,JPN,2020-07-20,25.120485
Japan,JPN,2020-07-21,25.120485
Japan,JPN,2020-07-22,25.120485
Japan,JPN,2020-07-23,25.120485
Japan,JPN,2020-07-24,25.120485
Japan,JPN,2020-07-25,25.120485
Japan,JPN,2020-07-26,37.92073
Japan,JPN,2020-07-27,37.92073
Japan,JPN,2020-07-28,37.92073
Japan,JPN,2020-07-29,37.92073
Japan,JPN,2020-07-30,37.92073
Japan,JPN,2020-07-31,37.92073
Japan,JPN,2020-08-01,37.92073
Japan,JPN,2020-08-02,58.45713
Japan,JPN,2020-08-03,58.45713
Japan,JPN,2020-08-04,58.45713
Japan,JPN,2020-08-05,58.45713
Japan,JPN,2020-08-06,58.45713
Japan,JPN,2020-08-07,58.45713
Japan,JPN,2020-08-08,58.45713
Japan,JPN,2020-08-09,80.75356
Japan,JPN,2020-08-10,80.75356
Japan,JPN,2020-08-11,80.75356
Japan,JPN,2020-08-12,80.75356
Japan,JPN,2020-08-13,80.75356
Japan,JPN,2020-08-14,80.75356
Japan,JPN,2020-08-15,80.75356
Japan,JPN,2020-08-16,63.449226
Japan,JPN,2020-08-17,63.449226
Japan,JPN,2020-08-18,63.449226
Japan,JPN,2020-08-19,63.449226
Japan,JPN,2020-08-20,63.449226
Japan,JPN,2020-08-21,63.449226
Japan,JPN,2020-08-22,63.449226
Japan,JPN,2020-08-23,56.265087
Japan,JPN,2020-08-24,56.265087
Japan,JPN,2020-08-25,56.265087
Japan,JPN,2020-08-26,56.265087
Japan,JPN,2020-08-27,56.265087
Japan,JPN,2020-08-28,56.265087
Japan,JPN,2020-08-29,56.265087
Japan,JPN,2020-08-30,44.136852
Japan,JPN,2020-08-31,44.136852
Japan,JPN,2020-09-01,44.136852
Japan,JPN,2020-09-02,44.136852
Japan,JPN,2020-09-03,44.136852
Japan,JPN,2020-09-04,44.136852
Japan,JPN,2020-09-05,44.136852
Japan,JPN,2020-09-06,33.240643
Japan,JPN,2020-09-07,33.240643
Japan,JPN,2020-09-08,33.240643
Japan,JPN,2020-09-09,33.240643
Japan,JPN,2020-09-10,33.240643
Japan,JPN,2020-09-11,33.240643
Japan,JPN,2020-09-12,33.240643
Japan,JPN,2020-09-13,30.392588
Japan,JPN,2020-09-14,30.392588
Japan,JPN,2020-09-15,30.392588
Japan,JPN,2020-09-16,30.392588
Japan,JPN,2020-09-17,30.392588
Japan,JPN,2020-09-18,30.392588
Japan,JPN,2020-09-19,30.392588
Japan,JPN,2020-09-20,27.512531
Japan,JPN,2020-09-21,27.512531
Japan,JPN,2020-09-22,27.512531
Japan,JPN,2020-09-23,27.512531
Japan,JPN,2020-09-24,27.512531
Japan,JPN,2020-09-25,27.512531
Japan,JPN,2020-09-26,27.512531
Japan,JPN,2020-09-27,24.26447
Japan,JPN,2020-09-28,24.26447
Japan,JPN,2020-09-29,24.26447
Japan,JPN,2020-09-30,24.26447
Japan,JPN,2020-10-01,24.26447
Japan,JPN,2020-10-02,24.26447
Japan,JPN,2020-10-03,24.26447
Japan,JPN,2020-10-04,29.192564
Japan,JPN,2020-10-05,29.192564
Japan,JPN,2020-10-06,29.192564
Japan,JPN,2020-10-07,29.192564
Japan,JPN,2020-10-08,29.192564
Japan,JPN,2020-10-09,29.192564
Japan,JPN,2020-10-10,29.192564
Japan,JPN,2020-10-11,28.584553
Japan,JPN,2020-10-12,28.584553
Japan,JPN,2020-10-13,28.584553
Japan,JPN,2020-10-14,28.584553
Japan,JPN,2020-10-15,28.584553
Japan,JPN,2020-10-16,28.584553
Japan,JPN,2020-10-17,28.584553
Japan,JPN,2020-10-18,29.952578
Japan,JPN,2020-10-19,29.952578
Japan,JPN,2020-10-20,29.952578
Japan,JPN,2020-10-21,29.952578
Japan,JPN,2020-10-22,29.952578
Japan,JPN,2020-10-23,29.952578
Japan,JPN,2020-10-24,29.952578
Japan,JPN,2020-10-25,31.0246
Japan,JPN,2020-10-26,31.0246
Japan,JPN,2020-10-27,31.0246
Japan,JPN,2020-10-28,31.0246
Japan,JPN,2020-10-29,31.0246
Japan,JPN,2020-10-30,31.0246
Japan,JPN,2020-10-31,31.0246
Japan,JPN,2020-11-01,36.896713
Japan,JPN,2020-11-02,36.896713
Japan,JPN,2020-11-03,36.896713
Japan,JPN,2020-11-04,36.896713
Japan,JPN,2020-11-05,36.896713
Japan,JPN,2020-11-06,36.896713
Japan,JPN,2020-11-07,36.896713
Japan,JPN,2020-11-08,47.520916
Japan,JPN,2020-11-09,47.520916
Japan,JPN,2020-11-10,47.520916
Japan,JPN,2020-11-11,47.520916
Japan,JPN,2020-11-12,47.520916
Japan,JPN,2020-11-13,47.520916
Japan,JPN,2020-11-14,47.520916
Japan,JPN,2020-11-15,76.729485
Japan,JPN,2020-11-16,76.729485
Japan,JPN,2020-11-17,76.729485
Japan,JPN,2020-11-18,76.729485
Japan,JPN,2020-11-19,76.729485
Japan,JPN,2020-11-20,76.729485
Japan,JPN,2020-11-21,76.729485
Japan,JPN,2020-11-22,108.01809
Japan,JPN,2020-11-23,108.01809
Japan,JPN,2020-11-24,108.01809
Japan,JPN,2020-11-25,108.01809
Japan,JPN,2020-11-26,108.01809
Japan,JPN,2020-11-27,108.01809
Japan,JPN,2020-11-28,108.01809
Japan,JPN,2020-11-29,115.794235
Japan,JPN,2020-11-30,115.794235
Japan,JPN,2020-12-01,115.794235
Japan,JPN,2020-12-02,115.794235
Japan,JPN,2020-12-03,115.794235
Japan,JPN,2020-12-04,115.794235
Japan,JPN,2020-12-05,115.794235
Japan,JPN,2020-12-06,123.562386
Japan,JPN,2020-12-07,123.562386
Japan,JPN,2020-12-08,123.562386
Japan,JPN,2020-12-09,123.562386
Japan,JPN,2020-12-10,123.562386
Japan,JPN,2020-12-11,123.562386
Japan,JPN,2020-12-12,123.562386
Japan,JPN,2020-12-13,137.51465
Japan,JPN,2020-12-14,137.51465
Japan,JPN,2020-12-15,137.51465
Japan,JPN,2020-12-16,137.51465
Japan,JPN,2020-12-17,137.51465
Japan,JPN,2020-12-18,137.51465
Japan,JPN,2020-12-19,137.51465
Japan,JPN,2020-12-20,148.74687
Japan,JPN,2020-12-21,148.74687
Japan,JPN,2020-12-22,148.74687
Japan,JPN,2020-12-23,148.74687
Japan,JPN,2020-12-24,148.74687
Japan,JPN,2020-12-25,148.74687
Japan,JPN,2020-12-26,148.74687
Japan,JPN,2020-12-27,171.4593
Japan,JPN,2020-12-28,171.4593
Japan,JPN,2020-12-29,171.4593
Japan,JPN,2020-12-30,171.4593
Japan,JPN,2020-12-31,171.4593
Japan,JPN,2021-01-01,171.4593
Japan,JPN,2021-01-02,171.4593
Japan,JPN,2021-01-03,212.2841
Japan,JPN,2021-01-04,212.2841
Japan,JPN,2021-01-05,212.2841
Japan,JPN,2021-01-06,212.2841
Japan,JPN,2021-01-07,212.2841
Japan,JPN,2021-01-08,212.2841
Japan,JPN,2021-01-09,212.2841
Japan,JPN,2021-01-10,343.24664
Japan,JPN,2021-01-11,343.24664
Japan,JPN,2021-01-12,343.24664
Japan,JPN,2021-01-13,343.24664
Japan,JPN,2021-01-14,343.24664
Japan,JPN,2021-01-15,343.24664
Japan,JPN,2021-01-16,343.24664
Japan,JPN,2021-01-17,332.3424
Japan,JPN,2021-01-18,332.3424
Japan,JPN,2021-01-19,332.3424
Japan,JPN,2021-01-20,332.3424
Japan,JPN,2021-01-21,332.3424
Japan,JPN,2021-01-22,332.3424
Japan,JPN,2021-01-23,332.3424
Japan,JPN,2021-01-24,292.15765
Japan,JPN,2021-01-25,292.15765
Japan,JPN,2021-01-26,292.15765
Japan,JPN,2021-01-27,292.15765
Japan,JPN,2021-01-28,292.15765
Japan,JPN,2021-01-29,292.15765
Japan,JPN,2021-01-30,292.15765
Japan,JPN,2021-01-31,197.64381
Sweden,SWE,2020-06-01,402.86697
Sweden,SWE,2020-06-02,402.86697
Sweden,SWE,2020-06-03,402.86697
Sweden,SWE,2020-06-04,402.86697
Sweden,SWE,2020-06-05,402.86697
Sweden,SWE,2020-06-06,402.86697
Sweden,SWE,2020-06-07,555.3366
Sweden,SWE,2020-06-08,555.3366
Sweden,SWE,2020-06-09,555.3366
Sweden,SWE,2020-06-10,555.3366
Sweden,SWE,2020-06-11,555.3366
Sweden,SWE,2020-06-12,555.3366
Sweden,SWE,2020-06-13,555.3366
Sweden,SWE,2020-06-14,683.3959
Sweden,SWE,2020-06-15,683.3959
Sweden,SWE,2020-06-16,683.3959
Sweden,SWE,2020-06-17,683.3959
Sweden,SWE,2020-06-18,683.3959
Sweden,SWE,2020-06-19,683.3959
Sweden,SWE,2020-06-20,683.3959
Sweden,SWE,2020-06-21,683.68195
Sweden,SWE,2020-06-22,683.68195
Sweden,SWE,2020-06-23,683.68195
Sweden,SWE,2020-06-24,683.68195
Sweden,SWE,2020-06-25,683.68195
Sweden,SWE,2020-06-26,683.68195
Sweden,SWE,2020-06-27,683.68195
Sweden,SWE,2020-06-28,701.89435
Sweden,SWE,2020-06-29,701.89435
Sweden,SWE,2020-06-30,701.89435
Sweden,SWE,2020-07-01,701.89435
Sweden,SWE,2020-07-02,701.89435
Sweden,SWE,2020-07-03,701.89435
Sweden,SWE,2020-07-04,701.89435
Sweden,SWE,2020-07-05,417.55133
Sweden,SWE,2020-07-06,417.55133
Sweden,SWE,2020-07-07,417.55133
Sweden,SWE,2020-07-08,417.55133
Sweden,SWE,2020-07-09,417.55133
Sweden,SWE,2020-07-10,417.55133
Sweden,SWE,2020-07-11,417.55133
Sweden,SWE,2020-07-12,227.70326
Sweden,SWE,2020-07-13,227.70326
Sweden,SWE,2020-07-14,227.70326
Sweden,SWE,2020-07-15,227.70326
Sweden,SWE,2020-07-16,227.70326
Sweden,SWE,2020-07-17,227.70326
Sweden,SWE,2020-07-18,227.70326
Sweden,SWE,2020-07-19,154.28136
Sweden,SWE,2020-07-20,154.28136
Sweden,SWE,2020-07-21,154.28136
Sweden,SWE,2020-07-22,154.28136
Sweden,SWE,2020-07-23,154.28136
Sweden,SWE,2020-07-24,154.28136
Sweden,SWE,2020-07-25,154.28136
Sweden,SWE,2020-07-26,131.96873
Sweden,SWE,2020-07-27,131.96873
Sweden,SWE,2020-07-28,131.96873
Sweden,SWE,2020-07-29,131.96873
Sweden,SWE,2020-07-30,131.96873
Sweden,SWE,2020-07-31,131.96873
Sweden,SWE,2020-08-01,131.96873
Sweden,SWE,2020-08-02,148.75089
Sweden,SWE,2020-08-03,148.75089
Sweden,SWE,2020-08-04,148.75089
Sweden,SWE,2020-08-05,148.75089
Sweden,SWE,2020-08-06,148.75089
Sweden,SWE,2020-08-07,148.75089
Sweden,SWE,2020-08-08,148.75089
Sweden,SWE,2020-08-09,188.70384
Sweden,SWE,2020-08-10,188.70384
Sweden,SWE,2020-08-11,188.70384
Sweden,SWE,2020-08-12,188.70384
Sweden,SWE,2020-08-13,188.70384
Sweden,SWE,2020-08-14,188.70384
Sweden,SWE,2020-08-15,188.70384
Sweden,SWE,2020-08-16,196.61815
Sweden,SWE,2020-08-17,196.61815
Sweden,SWE,2020-08-18,196.61815
Sweden,SWE,2020-08-19,196.61815
Sweden,SWE,2020-08-20,196.61815
Sweden,SWE,2020-08-21,196.61815
Sweden,SWE,2020-08-22,196.61815
Sweden,SWE,2020-08-23,161.43285
Sweden,SWE,2020-08-24,161.43285
Sweden,SWE,2020-08-25,161.43285
Sweden,SWE,2020-08-26,161.43285
Sweden,SWE,2020-08-27,161.43285
Sweden,SWE,2020-08-28,161.43285
Sweden,SWE,2020-08-29,161.43285
Sweden,SWE,2020-08-30,115.28193
Sweden,SWE,2020-08-31,115.28193
Sweden,SWE,2020-09-01,115.28193
Sweden,SWE,2020-09-02,115.28193
Sweden,SWE,2020-09-03,115.28193
Sweden,SWE,2020-09-04,115.28193
Sweden,SWE,2020-09-05,115.28193
Sweden,SWE,2020-09-06,125.198654
Sweden,SWE,2020-09-07,125.198654
Sweden,SWE,2020-09-08,125.198654
Sweden,SWE,2020-09-09,125.198654
Sweden,SWE,2020-09-10,125.198654
Sweden,SWE,2020-09-11,125.198654
Sweden,SWE,2020-09-12,125.198654
Sweden,SWE,2020-09-13,148.0834
Sweden,SWE,2020-09-14,148.0834
Sweden,SWE,2020-09-15,148.0834
Sweden,SWE,2020-09-16,148.0834
Sweden,SWE,2020-09-17,148.0834
Sweden,SWE,2020-09-18,148.0834
Sweden,SWE,2020-09-19,148.0834
Sweden,SWE,2020-09-20,195.75996
Sweden,SWE,2020-09-21,195.75996
Sweden,SWE,2020-09-22,195.75996
Sweden,SWE,2020-09-23,195.75996
Sweden,SWE,2020-09-24,195.75996
Sweden,SWE,2020-09-25,195.75996
Sweden,SWE,2020-09-26,195.75996
Sweden,SWE,2020-09-27,275.09378
Sweden,SWE,2020-09-28,275.09378
Sweden,SWE,2020-09-29,275.09378
Sweden,SWE,2020-09-30,275.09378
Sweden,SWE,2020-10-01,275.09378
Sweden,SWE,2020-10-02,275.09378
Sweden,SWE,2020-10-03,275.09378
Sweden,SWE,2020-10-04,348.32498
Sweden,SWE,2020-10-05,348.32498
Sweden,SWE,2020-10-06,348.32498
Sweden,SWE,2020-10-07,348.32498
Sweden,SWE,2020-10-08,348.32498
Sweden,SWE,2020-10-09,348.32498
Sweden,SWE,2020-10-10,348.32498
Sweden,SWE,2020-10-11,407.4439
Sweden,SWE,2020-10-12,407.4439
Sweden,SWE,2020-10-13,407.4439
Sweden,SWE,2020-10-14,407.4439
Sweden,SWE,2020-10-15,407.4439
Sweden,SWE,2020-10-16,407.4439
Sweden,SWE,2020-10-17,407.4439
Sweden,SWE,2020-10-18,520.62805
Sweden,SWE,2020-10-19,520.62805
Sweden,SWE,2020-10-20,520.62805
Sweden,SWE,2020-10-21,520.62805
Sweden,SWE,2020-10-22,520.62805
Sweden,SWE,2020-10-23,520.62805
Sweden,SWE,2020-10-24,520.62805
Sweden,SWE,2020-10-25,854.55475
Sweden,SWE,2020-10-26,854.55475
Sweden,SWE,2020-10-27,854.55475
Sweden,SWE,2020-10-28,854.55475
Sweden,SWE,2020-10-29,854.55475
Sweden,SWE,2020-10-30,854.55475
Sweden,SWE,2020-10-31,854.55475
Sweden,SWE,2020-11-01,1686.8922
Sweden,SWE,2020-11-02,1686.8922
Sweden,SWE,2020-11-03,1686.8922
Sweden,SWE,2020-11-04,1686.8922
Sweden,SWE,2020-11-05,1686.8922
Sweden,SWE,2020-11-06,1686.8922
Sweden,SWE,2020-11-07,1686.8922
Sweden,SWE,2020-11-08,2346.1638
Sweden,SWE,2020-11-09,2346.1638
Sweden,SWE,2020-11-10,2346.1638
Sweden,SWE,2020-11-11,2346.1638
Sweden,SWE,2020-11-12,2346.1638
Sweden,SWE,2020-11-13,2346.1638
Sweden,SWE,2020-11-14,2346.1638
Sweden,SWE,2020-11-15,3035.567
Sweden,SWE,2020-11-16,3035.567
Sweden,SWE,2020-11-17,3035.567
Sweden,SWE,2020-11-18,3035.567
Sweden,SWE,2020-11-19,3035.567
Sweden,SWE,2020-11-20,3035.567
Sweden,SWE,2020-11-21,3035.567
Sweden,SWE,2020-11-22,2965.7683
Sweden,SWE,2020-11-23,2965.7683
Sweden,SWE,2020-11-24,2965.7683
Sweden,SWE,2020-11-25,2965.7683
Sweden,SWE,2020-11-26,2965.7683
Sweden,SWE,2020-11-27,2965.7683
Sweden,SWE,2020-11-28,2965.7683
Sweden,SWE,2020-11-29,3359.1953
Sweden,SWE,2020-11-30,3359.1953
Sweden,SWE,2020-12-01,3359.1953
Sweden,SWE,2020-12-02,3359.1953
Sweden,SWE,2020-12-03,3359.1953
Sweden,SWE,2020-12-04,3359.1953
Sweden,SWE,2020-12-05,3359.1953
Sweden,SWE,2020-12-06,3603.1086
Sweden,SWE,2020-12-07,3603.1086
Sweden,SWE,2020-12-08,3603.1086
Sweden,SWE,2020-12-09,3603.1086
Sweden,SWE,2020-12-10,3603.1086
Sweden,SWE,2020-12-11,3603.1086
Sweden,SWE,2020-12-12,3603.1086
Sweden,SWE,2020-12-13,4040.7795
Sweden,SWE,2020-12-14,4040.7795
Sweden,SWE,2020-12-15,4040.7795
Sweden,SWE,2020-12-16,4040.7795
Sweden,SWE,2020-12-17,4040.7795
Sweden,SWE,2020-12-18,4040.7795
Sweden,SWE,2020-12-19,4040.7795
Sweden,SWE,2020-12-20,4336.851
Sweden,SWE,2020-12-21,4336.851
Sweden,SWE,2020-12-22,4336.851
Sweden,SWE,2020-12-23,4336.851
Sweden,SWE,2020-12-24,4336.851
Sweden,SWE,2020-12-25,4336.851
Sweden,SWE,2020-12-26,4336.851
Sweden,SWE,2020-12-27,3592.715
Sweden,SWE,2020-12-28,3592.715
Sweden,SWE,2020-12-29,3592.715
Sweden,SWE,2020-12-30,3592.715
Sweden,SWE,2020-12-31,3592.715
Sweden,SWE,2021-01-01,3592.715
Sweden,SWE,2021-01-02,3592.715
Sweden,SWE,2021-01-03,3983.5676
Sweden,SWE,2021-01-04,3983.5676
Sweden,SWE,2021-01-05,3983.5676
Sweden,SWE,2021-01-06,3983.5676
Sweden,SWE,2021-01-07,3983.5676
Sweden,SWE,2021-01-08,3983.5676
Sweden,SWE,2021-01-09,3983.5676
Sweden,SWE,2021-01-10,3802.9688
Sweden,SWE,2021-01-11,3802.9688
Sweden,SWE,2021-01-12,3802.9688
Sweden,SWE,2021-01-13,3802.9688
Sweden,SWE,2021-01-14,3802.9688
Sweden,SWE,2021-01-15,3802.9688
Sweden,SWE,2021-01-16,3802.9688
Sweden,SWE,2021-01-17,2860.7844
Sweden,SWE,2021-01-18,2860.7844
Sweden,SWE,2021-01-19,2860.7844
Sweden,SWE,2021-01-20,2860.7844
Sweden,SWE,2021-01-21,2860.7844
Sweden,SWE,2021-01-22,2860.7844
Sweden,SWE,2021-01-23,2860.7844
Sweden,SWE,2021-01-24,2224.1118
Sweden,SWE,2021-01-25,2224.1118
Sweden,SWE,2021-01-26,2224.1118
Sweden,SWE,2021-01-27,2224.1118
Sweden,SWE,2021-01-28,2224.1118
Sweden,SWE,2021-01-29,2224.1118
Sweden,SWE,2021-01-30,2224.1118
Sweden,SWE,2021-01-31,1967.8978
United States,USA,2020-06-01,428.7596
United States,USA,2020-06-02,428.7596
United States,USA,2020-06-03,428.7596
United States,USA,2020-06-04,428.7596
United States,USA,2020-06-05,428.7596
United States,USA,2020-06-06,428.7596
United States,USA,2020-06-07,438.55072
United States,USA,2020-06-08,438.55072
United States,USA,2020-06-09,438.55072
United States,USA,2020-06-10,438.55072
United States,USA,2020-06-11,438.55072
United States,USA,2020-06-12,438.55072
United States,USA,2020-06-13,438.55072
United States,USA,2020-06-14,444.68774
United States,USA,2020-06-15,444.68774
United States,USA,2020-06-16,444.68774
United States,USA,2020-06-17,444.68774
United States,USA,2020-06-18,444.68774
United States,USA,2020-06-19,444.68774
United States,USA,2020-06-20,444.68774
United States,USA,2020-06-21,527.09534
United States,USA,2020-06-22,527.09534
United States,USA,2020-06-23,527.09534
United States,USA,2020-06-24,527.09534
United States,USA,2020-06-25,527.09534
United States,USA,2020-06-26,527.09534
United States,USA,2020-06-27,527.09534
United States,USA,2020-06-28,756.2292
United States,USA,2020-06-29,756.2292
United States,USA,2020-06-30,756.2292
United States,USA,2020-07-01,756.2292
United States,USA,2020-07-02,756.2292
United States,USA,2020-07-03,756.2292
United States,USA,2020-07-04,756.2292
United States,USA,2020-07-05,1001.85034
United States,USA,2020-07-06,1001.85034
United States,USA,2020-07-07,1001.85034
United States,USA,2020-07-08,1001.85034
United States,USA,2020-07-09,1001.85034
United States,USA,2020-07-10,1001.85034
United States,USA,2020-07-11,1001.85034
United States,USA,2020-07-12,1148.3628
United States,USA,2020-07-13,1148.3628
United States,USA,2020-07-14,1148.3628
United States,USA,2020-07-15,1148.3628
United States,USA,2020-07-16,1148.3628
United States,USA,2020-07-17,1148.3628
United States,USA,2020-07-18,1148.3628
United States,USA,2020-07-19,1365.2139
United States,USA,2020-07-20,1365.2139
United States,USA,2020-07-21,1365.2139
United States,USA,2020-07-22,1365.2139
United States,USA,2020-07-23,1365.2139
United States,USA,2020-07-24,1365.2139
United States,USA,2020-07-25,1365.2139
United States,USA,2020-07-26,1369.9982
United States,USA,2020-07-27,1369.9982
United States,USA,2020-07-28,1369.9982
United States,USA,2020-07-29,1369.9982
United States,USA,2020-07-30,1369.9982
United States,USA,2020-07-31,1369.9982
United States,USA,2020-08-01,1369.9982
United States,USA,2020-08-02,1262.6853
United States,USA,2020-08-03,1262.6853
United States,USA,2020-08-04,1262.6853
United States,USA,2020-08-05,1262.6853
United States,USA,2020-08-06,1262.6853
United States,USA,2020-08-07,1262.6853
United States,USA,2020-08-08,1262.6853
United States,USA,2020-08-09,1100.6487
United States,USA,2020-08-10,1100.6487
United States,USA,2020-08-11,1100.6487
United States,USA,2020-08-12,1100.6487
United States,USA,2020-08-13,1100.6487
United States,USA,2020-08-14,1100.6487
United States,USA,2020-08-15,1100.6487
United States,USA,2020-08-16,1061.8619
United States,USA,2020-08-17,1061.8619
United States,USA,2020-08-18,1061.8619
United States,USA,2020-08-19,1061.8619
United States,USA,2020-08-20,1061.8619
United States,USA,2020-08-21,1061.8619
United States,USA,2020-08-22,1061.8619
United States,USA,2020-08-23,924.61646
United States,USA,2020-08-24,924.61646
United States,USA,2020-08-25,924.61646
United States,USA,2020-08-26,924.61646
United States,USA,2020-08-27,924.61646
United States,USA,2020-08-28,924.61646
United States,USA,2020-08-29,924.61646
United States,USA,2020-08-30,863.5918
United States,USA,2020-08-31,863.5918
United States,USA,2020-09-01,863.5918
United States,USA,2020-09-02,863.5918
United States,USA,2020-09-03,863.5918
United States,USA,2020-09-04,863.5918
United States,USA,2020-09-05,863.5918
United States,USA,2020-09-06,864.4907
United States,USA,2020-09-07,864.4907
United States,USA,2020-09-08,864.4907
United States,USA,2020-09-09,864.4907
United States,USA,2020-09-10,864.4907
United States,USA,2020-09-11,864.4907
United States,USA,2020-09-12,864.4907
United States,USA,2020-09-13,719.1699
United States,USA,2020-09-14,719.1699
United States,USA,2020-09-15,719.1699
United States,USA,2020-09-16,719.1699
United States,USA,2020-09-17,719.1699
United States,USA,2020-09-18,719.1699
United States,USA,2020-09-19,719.1699
United States,USA,2020-09-20,822.69104
United States,USA,2020-09-21,822.69104
United States,USA,2020-09-22,822.69104
United States,USA,2020-09-23,822.69104
United States,USA,2020-09-24,822.69104
United States,USA,2020-09-25,822.69104
United States,USA,2020-09-26,822.69104
United States,USA,2020-09-27,892.36786
United States,USA,2020-09-28,892.36786
United States,USA,2020-09-29,892.36786
United States,USA,2020-09-30,892.36786
United States,USA,2020-10-01,892.36786
United States,USA,2020-10-02,892.36786
United States,USA,2020-10-03,892.36786
United States,USA,2020-10-04,873.55273
United States,USA,2020-10-05,873.55273
United States,USA,2020-10-06,873.55273
United States,USA,2020-10-07,873.55273
United States,USA,2020-10-08,873.55273
United States,USA,2020-10-09,873.55273
United States,USA,2020-10-10,873.55273
United States,USA,2020-10-11,978.6697
United States,USA,2020-10-12,978.6697
United States,USA,2020-10-13,978.6697
United States,USA,2020-10-14,978.6697
United States,USA,2020-10-15,978.6697
United States,USA,2020-10-16,978.6697
United States,USA,2020-10-17,978.6697
United States,USA,2020-10-18,1134.9791
United States,USA,2020-10-19,1134.9791
United States,USA,2020-10-20,1134.9791
United States,USA,2020-10-21,1134.9791
United States,USA,2020-10-22,1134.9791
United States,USA,2020-10-23,1134.9791
United States,USA,2020-10-24,1134.9791
United States,USA,2020-10-25,1315.9391
United States,USA,2020-10-26,1315.9391
United States,USA,2020-10-27,1315.9391
United States,USA,2020-10-28,1315.9391
United States,USA,2020-10-29,1315.9391
United States,USA,2020-10-30,1315.9391
United States,USA,2020-10-31,1315.9391
United States,USA,2020-11-01,1637.8865
United States,USA,2020-11-02,1637.8865
United States,USA,2020-11-03,1637.8865
United States,USA,2020-11-04,1637.8865
United States,USA,2020-11-05,1637.8865
United States,USA,2020-11-06,1637.8865
United States,USA,2020-11-07,1637.8865
United States,USA,2020-11-08,2313.3682
United States,USA,2020-11-09,2313.3682
United States,USA,2020-11-10,2313.3682
United States,USA,2020-11-11,2313.3682
United States,USA,2020-11-12,2313.3682
United States,USA,2020-11-13,2313.3682
United States,USA,2020-11-14,2313.3682
United States,USA,2020-11-15,2942.1519
United States,USA,2020-11-16,2942.1519
United States,USA,2020-11-17,2942.1519
United States,USA,2020-11-18,2942.1519
United States,USA,2020-11-19,2942.1519
United States,USA,2020-11-20,2942.1519
United States,USA,2020-11-21,2942.1519
United States,USA,2020-11-22,3441.7742
United States,USA,2020-11-23,3441.7742
United States,USA,2020-11-24,3441.7742
United States,USA,2020-11-25,3441.7742
United States,USA,2020-11-26,3441.7742
United States,USA,2020-11-27,3441.7742
United States,USA,2020-11-28,3441.7742
United States,USA,2020-11-29,3403.4705
United States,USA,2020-11-30,3403.4705
United States,USA,2020-12-01,3403.4705
United States,USA,2020-12-02,3403.4705
United States,USA,2020-12-03,3403.4705
United States,USA,2020-12-04,3403.4705
United States,USA,2020-12-05,3403.4705
United States,USA,2020-12-06,3750.5251
United States,USA,2020-12-07,3750.5251
United States,USA,2020-12-08,3750.5251
United States,USA,2020-12-09,3750.5251
United States,USA,2020-12-10,3750.5251
United States,USA,2020-12-11,3750.5251
United States,USA,2020-12-12,3750.5251
United States,USA,2020-12-13,4299.665
United States,USA,2020-12-14,4299.665
United States,USA,2020-12-15,4299.665
United States,USA,2020-12-16,4299.665
United States,USA,2020-12-17,4299.665
United States,USA,2020-12-18,4299.665
United States,USA,2020-12-19,4299.665
United States,USA,2020-12-20,4444.4414
United States,USA,2020-12-21,4444.4414
United States,USA,2020-12-22,4444.4414
United States,USA,2020-12-23,4444.4414
United States,USA,2020-12-24,4444.4414
United States,USA,2020-12-25,4444.4414
United States,USA,2020-12-26,4444.4414
United States,USA,2020-12-27,3982.3906
United States,USA,2020-12-28,3982.3906
United States,USA,2020-12-29,3982.3906
United States,USA,2020-12-30,3982.3906
United States,USA,2020-12-31,3982.3906
United States,USA,2021-01-01,3982.3906
United States,USA,2021-01-02,3982.3906
United States,USA,2021-01-03,4043.506
United States,USA,2021-01-04,4043.506
United States,USA,2021-01-05,4043.506
United States,USA,2021-01-06,4043.506
United States,USA,2021-01-07,4043.506
United States,USA,2021-01-08,4043.506
United States,USA,2021-01-09,4043.506
United States,USA,2021-01-10,4881.3613
United States,USA,2021-01-11,4881.3613
United States,USA,2021-01-12,4881.3613
United States,USA,2021-01-13,4881.3613
United States,USA,2021-01-14,4881.3613
United States,USA,2021-01-15,4881.3613
United States,USA,2021-01-16,4881.3613
United States,USA,2021-01-17,4655.334
United States,USA,2021-01-18,4655.334
United States,USA,2021-01-19,4655.334
United States,USA,2021-01-20,4655.334
United States,USA,2021-01-21,4655.334
United States,USA,2021-01-22,4655.334
United States,USA,2021-01-23,4655.334
United States,USA,2021-01-24,3706.3977
United States,USA,2021-01-25,3706.3977
United States,USA,2021-01-26,3706.3977
United States,USA,2021-01-27,3706.3977
United States,USA,2021-01-28,3706.3977
United States,USA,2021-01-29,3706.3977
United States,USA,2021-01-30,3706.3977
United States,USA,2021-01-31,3128.8975
