Entity,Code,Day,Weekly deaths per million people
Australia,AUS,2020-06-01,0.0
Australia,AUS,2020-06-02,0.0
Australia,AUS,2020-06-03,0.0
Australia,AUS,2020-06-04,0.0
Australia,AUS,2020-06-05,0.0
Australia,AUS,2020-06-06,0.0
Australia,AUS,2020-06-07,0.0
Australia,AUS,2020-06-08,0.0
Australia,AUS,2020-06-09,0.0
Australia,AUS,2020-06-10,0.0
Australia,AUS,2020-06-11,0.0
Australia,AUS,2020-06-12,0.0
Australia,AUS,2020-06-13,0.0
Australia,AUS,2020-06-14,0.0
Australia,AUS,2020-06-15,0.0
Australia,AUS,2020-06-16,0.0
Australia,AUS,2020-06-17,0.0
Australia,AUS,2020-06-18,0.0
Australia,AUS,2020-06-19,0.0
Australia,AUS,2020-06-20,0.0
Australia,AUS,2020-06-21,0.0
Australia,AUS,2020-06-22,0.0
Australia,AUS,2020-06-23,0.0
Australia,AUS,2020-06-24,0.0
Australia,AUS,2020-06-25,0.0
Australia,AUS,2020-06-26,0.0
Australia,AUS,2020-06-27,0.0
Australia,AUS,2020-06-28,0.0381665
Australia,AUS,2020-06-29,0.0381665
Australia,AUS,2020-06-30,0.0381665
Australia,AUS,2020-07-01,0.0381665
Australia,AUS,2020-07-02,0.0381665
Australia,AUS,2020-07-03,0.0381665
Australia,AUS,2020-07-04,0.0381665
Australia,AUS,2020-07-05,0.0381665
Australia,AUS,2020-07-06,0.0381665
Australia,AUS,2020-07-07,0.0381665
Australia,AUS,2020-07-08,0.0381665
Australia,AUS,2020-07-09,0.0381665
Australia,AUS,2020-07-10,0.0381665
Australia,AUS,2020-07-11,0.0381665
Australia,AUS,2020-07-12,0.152666
Australia,AUS,2020-07-13,0.152666
Australia,AUS,2020-07-14,0.152666
Australia,AUS,2020-07-15,0.152666
Australia,AUS,2020-07-16,0.152666
Australia,AUS,2020-07-17,0.152666
Australia,AUS,2020-07-18,0.152666
Australia,AUS,2020-07-19,0.610664
Australia,AUS,2020-07-20,0.610664
Australia,AUS,2020-07-21,0.610664
Australia,AUS,2020-07-22,0.610664
Australia,AUS,2020-07-23,0.610664
Australia,AUS,2020-07-24,0.610664
Australia,AUS,2020-07-25,0.610664
Australia,AUS,2020-07-26,1.7174926
Australia,AUS,2020-07-27,1.7174926
Australia,AUS,2020-07-28,1.7174926
Australia,AUS,2020-07-29,1.7174926
Australia,AUS,2020-07-30,1.7174926
Australia,AUS,2020-07-31,1.7174926
Australia,AUS,2020-08-01,1.7174926
Australia,AUS,2020-08-02,3.6258175
Australia,AUS,2020-08-03,3.6258175
Australia,AUS,2020-08-04,3.6258175
Australia,AUS,2020-08-05,3.6258175
Australia,AUS,2020-08-06,3.6258175
Australia,AUS,2020-08-07,3.6258175
Australia,AUS,2020-08-08,3.6258175
Australia,AUS,2020-08-09,4.045649
Australia,AUS,2020-08-10,4.045649
Australia,AUS,2020-08-11,4.045649
Australia,AUS,2020-08-12,4.045649
Australia,AUS,2020-08-13,4.045649
Australia,AUS,2020-08-14,4.045649
Australia,AUS,2020-08-15,4.045649
Australia,AUS,2020-08-16,5.2669773
Australia,AUS,2020-08-17,5.2669773
Australia,AUS,2020-08-18,5.2669773
Australia,AUS,2020-08-19,5.2669773
Australia,AUS,2020-08-20,5.2669773
Australia,AUS,2020-08-21,5.2669773
Australia,AUS,2020-08-22,5.2669773
Australia,AUS,2020-08-23,4.350981
Australia,AUS,2020-08-24,4.350981
Australia,AUS,2020-08-25,4.350981
Australia,AUS,2020-08-26,4.350981
Australia,AUS,2020-08-27,4.350981
Australia,AUS,2020-08-28,4.350981
Australia,AUS,2020-08-29,4.350981
Australia,AUS,2020-08-30,3.7021506
Australia,AUS,2020-08-31,3.7021506
Australia,AUS,2020-09-01,3.7021506
Australia,AUS,2020-09-02,3.7021506
Australia,AUS,2020-09-03,3.7021506
Australia,AUS,2020-09-04,3.7021506
Australia,AUS,2020-09-05,3.7021506
Australia,AUS,2020-09-06,2.2136571
Australia,AUS,2020-09-07,2.2136571
Australia,AUS,2020-09-08,2.2136571
Australia,AUS,2020-09-09,2.2136571
Australia,AUS,2020-09-10,2.2136571
Australia,AUS,2020-09-11,2.2136571
Australia,AUS,2020-09-12,2.2136571
Australia,AUS,2020-09-13,1.7556591
Australia,AUS,2020-09-14,1.7556591
Australia,AUS,2020-09-15,1.7556591
Australia,AUS,2020-09-16,1.7556591
Australia,AUS,2020-09-17,1.7556591
Australia,AUS,2020-09-18,1.7556591
Australia,AUS,2020-09-19,1.7556591
Australia,AUS,2020-09-20,1.373994
Australia,AUS,2020-09-21,1.373994
Australia,AUS,2020-09-22,1.373994
Australia,AUS,2020-09-23,1.373994
Australia,AUS,2020-09-24,1.373994
Australia,AUS,2020-09-25,1.373994
Australia,AUS,2020-09-26,1.373994
Australia,AUS,2020-09-27,0.87782955
Australia,AUS,2020-09-28,0.87782955
Australia,AUS,2020-09-29,0.87782955
Australia,AUS,2020-09-30,0.87782955
Australia,AUS,2020-10-01,0.87782955
Australia,AUS,2020-10-02,0.87782955
Australia,AUS,2020-10-03,0.87782955
Australia,AUS,2020-10-04,0.7251635
Australia,AUS,2020-10-05,0.7251635
Australia,AUS,2020-10-06,0.7251635
Australia,AUS,2020-10-07,0.7251635
Australia,AUS,2020-10-08,0.7251635
Australia,AUS,2020-10-09,0.7251635
Australia,AUS,2020-10-10,0.7251635
Australia,AUS,2020-10-11,0.19083251
Australia,AUS,2020-10-12,0.19083251
Australia,AUS,2020-10-13,0.19083251
Australia,AUS,2020-10-14,0.19083251
Australia,AUS,2020-10-15,0.19083251
Australia,AUS,2020-10-16,0.19083251
Australia,AUS,2020-10-17,0.19083251
Australia,AUS,2020-10-18,0.0381665
Australia,AUS,2020-10-19,0.0381665
Australia,AUS,2020-10-20,0.0381665
Australia,AUS,2020-10-21,0.0381665
Australia,AUS,2020-10-22,0.0381665
Australia,AUS,2020-10-23,0.0381665
Australia,AUS,2020-10-24,0.0381665
Australia,AUS,2020-10-25,0.076333
Australia,AUS,2020-10-26,0.076333
Australia,AUS,2020-10-27,0.076333
Australia,AUS,2020-10-28,0.076333
Australia,AUS,2020-10-29,0.076333
Australia,AUS,2020-10-30,0.076333
Australia,AUS,2020-10-31,0.076333
Australia,AUS,2020-11-01,0.0
Australia,AUS,2020-11-02,0.0
Australia,AUS,2020-11-03,0.0
Australia,AUS,2020-11-04,0.0
Australia,AUS,2020-11-05,0.0
Australia,AUS,2020-11-06,0.0
Australia,AUS,2020-11-07,0.0
Australia,AUS,2020-11-08,0.0
Australia,AUS,2020-11-09,0.0
Australia,AUS,2020-11-10,0.0
Australia,AUS,2020-11-11,0.0
Australia,AUS,2020-11-12,0.0
Australia,AUS,2020-11-13,0.0
Australia,AUS,2020-11-14,0.0
Australia,AUS,2020-11-15,0.1144995
Australia,AUS,2020-11-16,0.1144995
Australia,AUS,2020-11-17,0.1144995
Australia,AUS,2020-11-18,0.1144995
Australia,AUS,2020-11-19,0.1144995
Australia,AUS,2020-11-20,0.1144995
Australia,AUS,2020-11-21,0.1144995
Australia,AUS,2020-11-22,0.0
Australia,AUS,2020-11-23,0.0
Australia,AUS,2020-11-24,0.0
Australia,AUS,2020-11-25,0.0
Australia,AUS,2020-11-26,0.0
Australia,AUS,2020-11-27,0.0
Australia,AUS,2020-11-28,0.0
Australia,AUS,2020-11-29,0.0381665
Australia,AUS,2020-11-30,0.0381665
Australia,AUS,2020-12-01,0.0381665
Australia,AUS,2020-12-02,0.0381665
Australia,AUS,2020-12-03,0.0381665
Australia,AUS,2020-12-04,0.0381665
Australia,AUS,2020-12-05,0.0381665
Australia,AUS,2020-12-06,0.0381665
Australia,AUS,2020-12-07,0.0381665
Australia,AUS,2020-12-08,0.0381665
Australia,AUS,2020-12-09,0.0381665
Australia,AUS,2020-12-10,0.0381665
Australia,AUS,2020-12-11,0.0381665
Australia,AUS,2020-12-12,0.0381665
Australia,AUS,2020-12-13,0.0
Australia,AUS,2020-12-14,0.0
Australia,AUS,2020-12-15,0.0
Australia,AUS,2020-12-16,0.0
Australia,AUS,2020-12-17,0.0
Australia,AUS,2020-12-18,0.0
Australia,AUS,2020-12-19,0.0
Australia,AUS,2020-12-20,0.0
Australia,AUS,2020-12-21,0.0
Australia,AUS,2020-12-22,0.0
Australia,AUS,2020-12-23,0.0
Australia,AUS,2020-12-24,0.0
Australia,AUS,2020-12-25,0.0
Australia,AUS,2020-12-26,0.0
Australia,AUS,2020-12-27,0.0381665
Australia,AUS,2020-12-28,0.0381665
Australia,AUS,2020-12-29,0.0381665
Australia,AUS,2020-12-30,0.0381665
Australia,AUS,2020-12-31,0.0381665
Australia,AUS,2021-01-01,0.0381665
Australia,AUS,2021-01-02,0.0381665
Australia,AUS,2021-01-03,0.076333
Australia,AUS,2021-01-04,0.076333
Australia,AUS,2021-01-05,0.076333
Australia,AUS,2021-01-06,0.076333
Australia,AUS,2021-01-07,0.076333
Australia,AUS,2021-01-08,0.076333
Australia,AUS,2021-01-09,0.076333
Australia,AUS,2021-01-10,0.0
Australia,AUS,2021-01-11,0.0
Australia,AUS,2021-01-12,0.0
Australia,AUS,2021-01-13,0.0
Australia,AUS,2021-01-14,0.0
Australia,AUS,2021-01-15,0.0
Australia,AUS,2021-01-16,0.0
Australia,AUS,2021-01-17,0.0381665
Australia,AUS,2021-01-18,0.0381665
Australia,AUS,2021-01-19,0.0381665
Australia,AUS,2021-01-20,0.0381665
Australia,AUS,2021-01-21,0.0381665
Australia,AUS,2021-01-22,0.0381665
Australia,AUS,2021-01-23,0.0381665
Australia,AUS,2021-01-24,0.0
Australia,AUS,2021-01-25,0.0
Australia,AUS,2021-01-26,0.0
Australia,AUS,2021-01-27,0.0
Australia,AUS,2021-01-28,0.0
Australia,AUS,2021-01-29,0.0
Australia,AUS,2021-01-30,0.0
Australia,AUS,2021-01-31,0.0
Brazil,BRA,2020-06-01,32.47642
Brazil,BRA,2020-06-02,32.47642
Brazil,BRA,2020-06-03,32.47642
Brazil,BRA,2020-06-04,32.47642
Brazil,BRA,2020-06-05,32.47642
Brazil,BRA,2020-06-06,32.47642
Brazil,BRA,2020-06-07,33.988503
Brazil,BRA,2020-06-08,33.988503
Brazil,BRA,2020-06-09,33.988503
Brazil,BRA,2020-06-10,33.988503
Brazil,BRA,2020-06-11,33.988503
Brazil,BRA,2020-06-12,33.988503
Brazil,BRA,2020-06-13,33.988503
Brazil,BRA,2020-06-14,32.343285
Brazil,BRA,2020-06-15,32.343285
Brazil,BRA,2020-06-16,32.343285
Brazil,BRA,2020-06-17,32.343285
Brazil,BRA,2020-06-18,32.343285
Brazil,BRA,2020-06-19,32.343285
Brazil,BRA,2020-06-20,32.343285
Brazil,BRA,2020-06-21,33.883892
Brazil,BRA,2020-06-22,33.883892
Brazil,BRA,2020-06-23,33.883892
Brazil,BRA,2020-06-24,33.883892
Brazil,BRA,2020-06-25,33.883892
Brazil,BRA,2020-06-26,33.883892
Brazil,BRA,2020-06-27,33.883892
Brazil,BRA,2020-06-28,33.318054
Brazil,BRA,2020-06-29,33.318054
Brazil,BRA,2020-06-30,33.318054
Brazil,BRA,2020-07-01,33.318054
Brazil,BRA,2020-07-02,33.318054
Brazil,BRA,2020-07-03,33.318054
Brazil,BRA,2020-07-04,33.318054
Brazil,BRA,2020-07-05,34.297577
Brazil,BRA,2020-07-06,34.297577
Brazil,BRA,2020-07-07,34.297577
Brazil,BRA,2020-07-08,34.297577
Brazil,BRA,2020-07-09,34.297577
Brazil,BRA,2020-07-10,34.297577
Brazil,BRA,2020-07-11,34.297577
Brazil,BRA,2020-07-12,34.34988
Brazil,BRA,2020-07-13,34.34988
Brazil,BRA,2020-07-14,34.34988
Brazil,BRA,2020-07-15,34.34988
Brazil,BRA,2020-07-16,34.34988
Brazil,BRA,2020-07-17,34.34988
Brazil,BRA,2020-07-18,34.34988
Brazil,BRA,2020-07-19,35.438766
Brazil,BRA,2020-07-20,35.438766
Brazil,BRA,2020-07-21,35.438766
Brazil,BRA,2020-07-22,35.438766
Brazil,BRA,2020-07-23,35.438766
Brazil,BRA,2020-07-24,35.438766
Brazil,BRA,2020-07-25,35.438766
Brazil,BRA,2020-07-26,35.12494
Brazil,BRA,2020-07-27,35.12494
Brazil,BRA,2020-07-28,35.12494
Brazil,BRA,2020-07-29,35.12494
Brazil,BRA,2020-07-30,35.12494
Brazil,BRA,2020-07-31,35.12494
Brazil,BRA,2020-08-01,35.12494
Brazil,BRA,2020-08-02,34.411694
Brazil,BRA,2020-08-03,34.411694
Brazil,BRA,2020-08-04,34.411694
Brazil,BRA,2020-08-05,34.411694
Brazil,BRA,2020-08-06,34.411694
Brazil,BRA,2020-08-07,34.411694
Brazil,BRA,2020-08-08,34.411694
Brazil,BRA,2020-08-09,33.746
Brazil,BRA,2020-08-10,33.746
Brazil,BRA,2020-08-11,33.746
Brazil,BRA,2020-08-12,33.746
Brazil,BRA,2020-08-13,33.746
Brazil,BRA,2020-08-14,33.746
Brazil,BRA,2020-08-15,33.746
Brazil,BRA,2020-08-16,33.051773
Brazil,BRA,2020-08-17,33.051773
Brazil,BRA,2020-08-18,33.051773
Brazil,BRA,2020-08-19,33.051773
Brazil,BRA,2020-08-20,33.051773
Brazil,BRA,2020-08-21,33.051773
Brazil,BRA,2020-08-22,33.051773
Brazil,BRA,2020-08-23,32.5002
Brazil,BRA,2020-08-24,32.5002
Brazil,BRA,2020-08-25,32.5002
Brazil,BRA,2020-08-26,32.5002
Brazil,BRA,2020-08-27,32.5002
Brazil,BRA,2020-08-28,32.5002
Brazil,BRA,2020-08-29,32.5002
Brazil,BRA,2020-08-30,29.224026
Brazil,BRA,2020-08-31,29.224026
Brazil,BRA,2020-09-01,29.224026
Brazil,BRA,2020-09-02,29.224026
Brazil,BRA,2020-09-03,29.224026
Brazil,BRA,2020-09-04,29.224026
Brazil,BRA,2020-09-05,29.224026
Brazil,BRA,2020-09-06,28.610636
Brazil,BRA,2020-09-07,28.610636
Brazil,BRA,2020-09-08,28.610636
Brazil,BRA,2020-09-09,28.610636
Brazil,BRA,2020-09-10,28.610636
Brazil,BRA,2020-09-11,28.610636
Brazil,BRA,2020-09-12,28.610636
Brazil,BRA,2020-09-13,23.180464
Brazil,BRA,2020-09-14,23.180464
Brazil,BRA,2020-09-15,23.180464
Brazil,BRA,2020-09-16,23.180464
Brazil,BRA,2020-09-17,23.180464
Brazil,BRA,2020-09-18,23.180464
Brazil,BRA,2020-09-19,23.180464
Brazil,BRA,2020-09-20,25.662556
Brazil,BRA,2020-09-21,25.662556
Brazil,BRA,2020-09-22,25.662556
Brazil,BRA,2020-09-23,25.662556
Brazil,BRA,2020-09-24,25.662556
Brazil,BRA,2020-09-25,25.662556
Brazil,BRA,2020-09-26,25.662556
Brazil,BRA,2020-09-27,22.557562
Brazil,BRA,2020-09-28,22.557562
Brazil,BRA,2020-09-29,22.557562
Brazil,BRA,2020-09-30,22.557562
Brazil,BRA,2020-10-01,22.557562
Brazil,BRA,2020-10-02,22.557562
Brazil,BRA,2020-10-03,22.557562
Brazil,BRA,2020-10-04,23.066343
Brazil,BRA,2020-10-05,23.066343
Brazil,BRA,2020-10-06,23.066343
Brazil,BRA,2020-10-07,23.066343
Brazil,BRA,2020-10-08,23.066343
Brazil,BRA,2020-10-09,23.066343
Brazil,BRA,2020-10-10,23.066343
Brazil,BRA,2020-10-11,20.213364
Brazil,BRA,2020-10-12,20.213364
Brazil,BRA,2020-10-13,20.213364
Brazil,BRA,2020-10-14,20.213364
Brazil,BRA,2020-10-15,20.213364
Brazil,BRA,2020-10-16,20.213364
Brazil,BRA,2020-10-17,20.213364
Brazil,BRA,2020-10-18,16.999006
Brazil,BRA,2020-10-19,16.999006
Brazil,BRA,2020-10-20,16.999006
Brazil,BRA,2020-10-21,16.999006
Brazil,BRA,2020-10-22,16.999006
Brazil,BRA,2020-10-23,16.999006
Brazil,BRA,2020-10-24,16.999006
Brazil,BRA,2020-10-25,15.486927
Brazil,BRA,2020-10-26,15.486927
Brazil,BRA,2020-10-27,15.486927
Brazil,BRA,2020-10-28,15.486927
Brazil,BRA,2020-10-29,15.486927
Brazil,BRA,2020-10-30,15.486927
Brazil,BRA,2020-10-31,15.486927
Brazil,BRA,2020-11-01,14.29343
Brazil,BRA,2020-11-02,14.29343
Brazil,BRA,2020-11-03,14.29343
Brazil,BRA,2020-11-04,14.29343
Brazil,BRA,2020-11-05,14.29343
Brazil,BRA,2020-11-06,14.29343
Brazil,BRA,2020-11-07,14.29343
Brazil,BRA,2020-11-08,12.068106
Brazil,BRA,2020-11-09,12.068106
Brazil,BRA,2020-11-10,12.068106
Brazil,BRA,2020-11-11,12.068106
Brazil,BRA,2020-11-12,12.068106
Brazil,BRA,2020-11-13,12.068106
Brazil,BRA,2020-11-14,12.068106
Brazil,BRA,2020-11-15,12.94302
Brazil,BRA,2020-11-16,12.94302
Brazil,BRA,2020-11-17,12.94302
Brazil,BRA,2020-11-18,12.94302
Brazil,BRA,2020-11-19,12.94302
Brazil,BRA,2020-11-20,12.94302
Brazil,BRA,2020-11-21,12.94302
Brazil,BRA,2020-11-22,18.430252
Brazil,BRA,2020-11-23,18.430252
Brazil,BRA,2020-11-24,18.430252
Brazil,BRA,2020-11-25,18.430252
Brazil,BRA,2020-11-26,18.430252
Brazil,BRA,2020-11-27,18.430252
Brazil,BRA,2020-11-28,18.430252
Brazil,BRA,2020-11-29,15.981443
Brazil,BRA,2020-11-30,15.981443
Brazil,BRA,2020-12-01,15.981443
Brazil,BRA,2020-12-02,15.981443
Brazil,BRA,2020-12-03,15.981443
Brazil,BRA,2020-12-04,15.981443
Brazil,BRA,2020-12-05,15.981443
Brazil,BRA,2020-12-06,18.972317
Brazil,BRA,2020-12-07,18.972317
Brazil,BRA,2020-12-08,18.972317
Brazil,BRA,2020-12-09,18.972317
Brazil,BRA,2020-12-10,18.972317
Brazil,BRA,2020-12-11,18.972317
Brazil,BRA,2020-12-12,18.972317
Brazil,BRA,2020-12-13,21.268967
Brazil,BRA,2020-12-14,21.268967
Brazil,BRA,2020-12-15,21.268967
Brazil,BRA,2020-12-16,21.268967
Brazil,BRA,2020-12-17,21.268967
Brazil,BRA,2020-12-18,21.268967
Brazil,BRA,2020-12-19,21.268967
Brazil,BRA,2020-12-20,24.787642
Brazil,BRA,2020-12-21,24.787642
Brazil,BRA,2020-12-22,24.787642
Brazil,BRA,2020-12-23,24.787642
Brazil,BRA,2020-12-24,24.787642
Brazil,BRA,2020-12-25,24.787642
Brazil,BRA,2020-12-26,24.787642
Brazil,BRA,2020-12-27,23.00453
Brazil,BRA,2020-12-28,23.00453
Brazil,BRA,2020-12-29,23.00453
Brazil,BRA,2020-12-30,23.00453
Brazil,BRA,2020-12-31,23.00453
Brazil,BRA,2021-01-01,23.00453
Brazil,BRA,2021-01-02,23.00453
Brazil,BRA,2021-01-03,23.4087
Brazil,BRA,2021-01-04,23.4087
Brazil,BRA,2021-01-05,23.4087
Brazil,BRA,2021-01-06,23.4087
Brazil,BRA,2021-01-07,23.4087
Brazil,BRA,2021-01-08,23.4087
Brazil,BRA,2021-01-09,23.4087
Brazil,BRA,2021-01-10,28.762794
Brazil,BRA,2021-01-11,28.762794
Brazil,BRA,2021-01-12,28.762794
Brazil,BRA,2021-01-13,28.762794
Brazil,BRA,2021-01-14,28.762794
Brazil,BRA,2021-01-15,28.762794
Brazil,BRA,2021-01-16,28.762794
Brazil,BRA,2021-01-17,32.267204
Brazil,BRA,2021-01-18,32.267204
Brazil,BRA,2021-01-19,32.267204
Brazil,BRA,2021-01-20,32.267204
Brazil,BRA,2021-01-21,32.267204
Brazil,BRA,2021-01-22,32.267204
Brazil,BRA,2021-01-23,32.267204
Brazil,BRA,2021-01-24,33.270504
Brazil,BRA,2021-01-25,33.270504
Brazil,BRA,2021-01-26,33.270504
Brazil,BRA,2021-01-27,33.270504
Brazil,BRA,2021-01-28,33.270504
Brazil,BRA,2021-01-29,33.270504
Brazil,BRA,2021-01-30,33.270504
Brazil,BRA,2021-01-31,35.29612
Germany,DEU,2020-06-01,0.773016
Germany,DEU,2020-06-02,0.773016
Germany,DEU,2020-06-03,0.773016
Germany,DEU,2020-06-04,0.773016
Germany,DEU,2020-06-05,0.773016
Germany,DEU,2020-06-06,0.773016
Germany,DEU,2020-06-07,0.5232724
Germany,DEU,2020-06-08,0.5232724
Germany,DEU,2020-06-09,0.5232724
Germany,DEU,2020-06-10,0.5232724
Germany,DEU,2020-06-11,0.5232724
Germany,DEU,2020-06-12,0.5232724
Germany,DEU,2020-06-13,0.5232724
Germany,DEU,2020-06-14,0.41623938
Germany,DEU,2020-06-15,0.41623938
Germany,DEU,2020-06-16,0.41623938
Germany,DEU,2020-06-17,0.41623938
Germany,DEU,2020-06-18,0.41623938
Germany,DEU,2020-06-19,0.41623938
Germany,DEU,2020-06-20,0.41623938
Germany,DEU,2020-06-21,0.48759472
Germany,DEU,2020-06-22,0.48759472
Germany,DEU,2020-06-23,0.48759472
Germany,DEU,2020-06-24,0.48759472
Germany,DEU,2020-06-25,0.48759472
Germany,DEU,2020-06-26,0.48759472
Germany,DEU,2020-06-27,0.48759472
Germany,DEU,2020-06-28,0.24974363
Germany,DEU,2020-06-29,0.24974363
Germany,DEU,2020-06-30,0.24974363
Germany,DEU,2020-07-01,0.24974363
Germany,DEU,2020-07-02,0.24974363
Germany,DEU,2020-07-03,0.24974363
Germany,DEU,2020-07-04,0.24974363
Germany,DEU,2020-07-05,0.3092064
Germany,DEU,2020-07-06,0.3092064
Germany,DEU,2020-07-07,0.3092064
Germany,DEU,2020-07-08,0.3092064
Germany,DEU,2020-07-09,0.3092064
Germany,DEU,2020-07-10,0.3092064
Germany,DEU,2020-07-11,0.3092064
Germany,DEU,2020-07-12,0.29731384
Germany,DEU,2020-07-13,0.29731384
Germany,DEU,2020-07-14,0.29731384
Germany,DEU,2020-07-15,0.29731384
Germany,DEU,2020-07-16,0.29731384
Germany,DEU,2020-07-17,0.29731384
Germany,DEU,2020-07-18,0.29731384
Germany,DEU,2020-07-19,0.36866918
Germany,DEU,2020-07-20,0.36866918
Germany,DEU,2020-07-21,0.36866918
Germany,DEU,2020-07-22,0.36866918
Germany,DEU,2020-07-23,0.36866918
Germany,DEU,2020-07-24,0.36866918
Germany,DEU,2020-07-25,0.36866918
Germany,DEU,2020-07-26,0.39245427
Germany,DEU,2020-07-27,0.39245427
Germany,DEU,2020-07-28,0.39245427
Germany,DEU,2020-07-29,0.39245427
Germany,DEU,2020-07-30,0.39245427
Germany,DEU,2020-07-31,0.39245427
Germany,DEU,2020-08-01,0.39245427
Germany,DEU,2020-08-02,0.4400245
Germany,DEU,2020-08-03,0.4400245
Germany,DEU,2020-08-04,0.4400245
Germany,DEU,2020-08-05,0.4400245
Germany,DEU,2020-08-06,0.4400245
Germany,DEU,2020-08-07,0.4400245
Germany,DEU,2020-08-08,0.4400245
Germany,DEU,2020-08-09,0.40434682
Germany,DEU,2020-08-10,0.40434682
Germany,DEU,2020-08-11,0.40434682
Germany,DEU,2020-08-12,0.40434682
Germany,DEU,2020-08-13,0.40434682
Germany,DEU,2020-08-14,0.40434682
Germany,DEU,2020-08-15,0.40434682
Germany,DEU,2020-08-16,0.36866918
Germany,DEU,2020-08-17,0.36866918
Germany,DEU,2020-08-18,0.36866918
Germany,DEU,2020-08-19,0.36866918
Germany,DEU,2020-08-20,0.36866918
Germany,DEU,2020-08-21,0.36866918
Germany,DEU,2020-08-22,0.36866918
Germany,DEU,2020-08-23,0.36866918
Germany,DEU,2020-08-24,0.36866918
Germany,DEU,2020-08-25,0.36866918
Germany,DEU,2020-08-26,0.36866918
Germany,DEU,2020-08-27,0.36866918
Germany,DEU,2020-08-28,0.36866918
Germany,DEU,2020-08-29,0.36866918
Germany,DEU,2020-08-30,0.21406597
Germany,DEU,2020-08-31,0.21406597
Germany,DEU,2020-09-01,0.21406597
Germany,DEU,2020-09-02,0.21406597
Germany,DEU,2020-09-03,0.21406597
Germany,DEU,2020-09-04,0.21406597
Germany,DEU,2020-09-05,0.21406597
Germany,DEU,2020-09-06,0.41623938
Germany,DEU,2020-09-07,0.41623938
Germany,DEU,2020-09-08,0.41623938
Germany,DEU,2020-09-09,0.41623938
Germany,DEU,2020-09-10,0.41623938
Germany,DEU,2020-09-11,0.41623938
Germany,DEU,2020-09-12,0.41623938
Germany,DEU,2020-09-13,0.80869365
Germany,DEU,2020-09-14,0.80869365
Germany,DEU,2020-09-15,0.80869365
Germany,DEU,2020-09-16,0.80869365
Germany,DEU,2020-09-17,0.80869365
Germany,DEU,2020-09-18,0.80869365
Germany,DEU,2020-09-19,0.80869365
Germany,DEU,2020-09-20,0.97518945
Germany,DEU,2020-09-21,0.97518945
Germany,DEU,2020-09-22,0.97518945
Germany,DEU,2020-09-23,0.97518945
Germany,DEU,2020-09-24,0.97518945
Germany,DEU,2020-09-25,0.97518945
Germany,DEU,2020-09-26,0.97518945
Germany,DEU,2020-09-27,1.3081809
Germany,DEU,2020-09-28,1.3081809
Germany,DEU,2020-09-29,1.3081809
Germany,DEU,2020-09-30,1.3081809
Germany,DEU,2020-10-01,1.3081809
Germany,DEU,2020-10-02,1.3081809
Germany,DEU,2020-10-03,1.3081809
Germany,DEU,2020-10-04,1.438999
Germany,DEU,2020-10-05,1.438999
Germany,DEU,2020-10-06,1.438999
Germany,DEU,2020-10-07,1.438999
Germany,DEU,2020-10-08,1.438999
Germany,DEU,2020-10-09,1.438999
Germany,DEU,2020-10-10,1.438999
Germany,DEU,2020-10-11,2.937461
Germany,DEU,2020-10-12,2.937461
Germany,DEU,2020-10-13,2.937461
Germany,DEU,2020-10-14,2.937461
Germany,DEU,2020-10-15,2.937461
Germany,DEU,2020-10-16,2.937461
Germany,DEU,2020-10-17,2.937461
Germany,DEU,2020-10-18,5.518145
Germany,DEU,2020-10-19,5.518145
Germany,DEU,2020-10-20,5.518145
Germany,DEU,2020-10-21,5.518145
Germany,DEU,2020-10-22,5.518145
Germany,DEU,2020-10-23,5.518145
Germany,DEU,2020-10-24,5.518145
Germany,DEU,2020-10-25,12.070942
Germany,DEU,2020-10-26,12.070942
Germany,DEU,2020-10-27,12.070942
Germany,DEU,2020-10-28,12.070942
Germany,DEU,2020-10-29,12.070942
Germany,DEU,2020-10-30,12.070942
Germany,DEU,2020-10-31,12.070942
Germany,DEU,2020-11-01,19.27783
Germany,DEU,2020-11-02,19.27783
Germany,DEU,2020-11-03,19.27783
Germany,DEU,2020-11-04,19.27783
Germany,DEU,2020-11-05,19.27783
Germany,DEU,2020-11-06,19.27783
Germany,DEU,2020-11-07,19.27783
Germany,DEU,2020-11-08,22.714779
Germany,DEU,2020-11-09,22.714779
Germany,DEU,2020-11-10,22.714779
Germany,DEU,2020-11-11,22.714779
Germany,DEU,2020-11-12,22.714779
Germany,DEU,2020-11-13,22.714779
Germany,DEU,2020-11-14,22.714779
Germany,DEU,2020-11-15,30.159517
Germany,DEU,2020-11-16,30.159517
Germany,DEU,2020-11-17,30.159517
Germany,DEU,2020-11-18,30.159517
Germany,DEU,2020-11-19,30.159517
Germany,DEU,2020-11-20,30.159517
Germany,DEU,2020-11-21,30.159517
Germany,DEU,2020-11-22,38.36538
Germany,DEU,2020-11-23,38.36538
Germany,DEU,2020-11-24,38.36538
Germany,DEU,2020-11-25,38.36538
Germany,DEU,2020-11-26,38.36538
Germany,DEU,2020-11-27,38.36538
Germany,DEU,2020-11-28,38.36538
Germany,DEU,2020-11-29,42.82509
Germany,DEU,2020-11-30,42.82509
Germany,DEU,2020-12-01,42.82509
Germany,DEU,2020-12-02,42.82509
Germany,DEU,2020-12-03,42.82509
Germany,DEU,2020-12-04,42.82509
Germany,DEU,2020-12-05,42.82509
Germany,DEU,2020-12-06,53.27864
Germany,DEU,2020-12-07,53.27864
Germany,DEU,2020-12-08,53.27864
Germany,DEU,2020-12-09,53.27864
Germany,DEU,2020-12-10,53.27864
Germany,DEU,2020-12-11,53.27864
Germany,DEU,2020-12-12,53.27864
Germany,DEU,2020-12-13,68.524895
Germany,DEU,2020-12-14,68.524895
Germany,DEU,2020-12-15,68.524895
Germany,DEU,2020-12-16,68.524895
Germany,DEU,2020-12-17,68.524895
Germany,DEU,2020-12-18,68.524895
Germany,DEU,2020-12-19,68.524895
Germany,DEU,2020-12-20,76.8259
Germany,DEU,2020-12-21,76.8259
Germany,DEU,2020-12-22,76.8259
Germany,DEU,2020-12-23,76.8259
Germany,DEU,2020-12-24,76.8259
Germany,DEU,2020-12-25,76.8259
Germany,DEU,2020-12-26,76.8259
Germany,DEU,2020-12-27,68.12055
Germany,DEU,2020-12-28,68.12055
Germany,DEU,2020-12-29,68.12055
Germany,DEU,2020-12-30,68.12055
Germany,DEU,2020-12-31,68.12055
Germany,DEU,2021-01-01,68.12055
Germany,DEU,2021-01-02,68.12055
Germany,DEU,2021-01-03,68.31083
Germany,DEU,2021-01-04,68.31083
Germany,DEU,2021-01-05,68.31083
Germany,DEU,2021-01-06,68.31083
Germany,DEU,2021-01-07,68.31083
Germany,DEU,2021-01-08,68.31083
Germany,DEU,2021-01-09,68.31083
Germany,DEU,2021-01-10,68.48922
Germany,DEU,2021-01-11,68.48922
Germany,DEU,2021-01-12,68.48922
Germany,DEU,2021-01-13,68.48922
Germany,DEU,2021-01-14,68.48922
Germany,DEU,2021-01-15,68.48922
Germany,DEU,2021-01-16,68.48922
Germany,DEU,2021-01-17,60.604454
Germany,DEU,2021-01-18,60.604454
Germany,DEU,2021-01-19,60.604454
Germany,DEU,2021-01-20,60.604454
Germany,DEU,2021-01-21,60.604454
Germany,DEU,2021-01-22,60.604454
Germany,DEU,2021-01-23,60.604454
Germany,DEU,2021-01-24,48.84272
Germany,DEU,2021-01-25,48.84272
Germany,DEU,2021-01-26,48.84272
Germany,DEU,2021-01-27,48.84272
Germany,DEU,2021-01-28,48.84272
Germany,DEU,2021-01-29,48.84272
Germany,DEU,2021-01-30,48.84272
Germany,DEU,2021-01-31,36.8907
Japan,JPN,2020-06-01,0.568011
Japan,JPN,2020-06-02,0.568011
Japan,JPN,2020-06-03,0.568011
Japan,JPN,2020-06-04,0.568011
Japan,JPN,2020-06-05,0.568011
Japan,JPN,2020-06-06,0.568011
Japan,JPN,2020-06-07,0.20000386
Japan,JPN,2020-06-08,0.20000386
Japan,JPN,2020-06-09,0.20000386
Japan,JPN,2020-06-10,0.20000386
Japan,JPN,2020-06-11,0.20000386
Japan,JPN,2020-06-12,0.20000386
Japan,JPN,2020-06-13,0.20000386
Japan,JPN,2020-06-14,0.07200139
Japan,JPN,2020-06-15,0.07200139
Japan,JPN,2020-06-16,0.07200139
Japan,JPN,2020-06-17,0.07200139
Japan,JPN,2020-06-18,0.07200139
Japan,JPN,2020-06-19,0.07200139
Japan,JPN,2020-06-20,0.07200139
Japan,JPN,2020-06-21,0.22400433
Japan,JPN,2020-06-22,0.22400433
Japan,JPN,2020-06-23,0.22400433
Japan,JPN,2020-06-24,0.22400433
Japan,JPN,2020-06-25,0.22400433
Japan,JPN,2020-06-26,0.22400433
Japan,JPN,2020-06-27,0.22400433
Japan,JPN,2020-06-28,0.14400278
Japan,JPN,2020-06-29,0.14400278
Japan,JPN,2020-06-30,0.14400278
Japan,JPN,2020-07-01,0.14400278
Japan,JPN,2020-07-02,0.14400278
Japan,JPN,2020-07-03,0.14400278
Japan,JPN,2020-07-04,0.14400278
Japan,JPN,2020-07-05,0.048000928
Japan,JPN,2020-07-06,0.048000928
Japan,JPN,2020-07-07,0.048000928
Japan,JPN,2020-07-08,0.048000928
Japan,JPN,2020-07-09,0.048000928
Japan,JPN,2020-07-10,0.048000928
Japan,JPN,2020-07-11,0.048000928
Japan,JPN,2020-07-12,0.040000774
Japan,JPN,2020-07-13,0.040000774
Japan,JPN,2020-07-14,0.040000774
Japan,JPN,2020-07-15,0.040000774
Japan,JPN,2020-07-16,0.040000774
Japan,JPN,2020-07-17,0.040000774
Japan,JPN,2020-07-18,0.040000774
Japan,JPN,2020-07-19,0.024000464
Japan,JPN,2020-07-20,0.024000464
Japan,JPN,2020-07-21,0.024000464
Japan,JPN,2020-07-22,0.024000464
Japan,JPN,2020-07-23,0.024000464
Japan,JPN,2020-07-24,0.024000464
Japan,JPN,2020-07-25,0.024000464
Japan,JPN,2020-07-26,0.0880017
Japan,JPN,2020-07-27,0.0880017
Japan,JPN,2020-07-28,0.0880017
Japan,JPN,2020-07-29,0.0880017
Japan,JPN,2020-07-30,0.0880017
Japan,JPN,2020-07-31,0.0880017
Japan,JPN,2020-08-01,0.0880017
Japan,JPN,2020-08-02,0.120002314
Japan,JPN,2020-08-03,0.120002314
Japan,JPN,2020-08-04,0.120002314
Japan,JPN,2020-08-05,0.120002314
Japan,JPN,2020-08-06,0.120002314
Japan,JPN,2020-08-07,0.120002314
Japan,JPN,2020-08-08,0.120002314
Japan,JPN,2020-08-09,0.23200448
Japan,JPN,2020-08-10,0.23200448
Japan,JPN,2020-08-11,0.23200448
Japan,JPN,2020-08-12,0.23200448
Japan,JPN,2020-08-13,0.23200448
Japan,JPN,2020-08-14,0.23200448
Japan,JPN,2020-08-15,0.23200448
Japan,JPN,2020-08-16,0.38400742
Japan,JPN,2020-08-17,0.38400742
Japan,JPN,2020-08-18,0.38400742
Japan,JPN,2020-08-19,0.38400742
Japan,JPN,2020-08-20,0.38400742
Japan,JPN,2020-08-21,0.38400742
Japan,JPN,2020-08-22,0.38400742
Japan,JPN,2020-08-23,0.7040136
Japan,JPN,2020-08-24,0.7040136
Japan,JPN,2020-08-25,0.7040136
Japan,JPN,2020-08-26,0.7040136
Japan,JPN,2020-08-27,0.7040136
Japan,JPN,2020-08-28,0.7040136
Japan,JPN,2020-08-29,0.7040136
Japan,JPN,2020-08-30,0.7040136
Japan,JPN,2020-08-31,0.7040136
Japan,JPN,2020-09-01,0.7040136
Japan,JPN,2020-09-02,0.7040136
Japan,JPN,2020-09-03,0.7040136
Japan,JPN,2020-09-04,0.7040136
Japan,JPN,2020-09-05,0.7040136
Japan,JPN,2020-09-06,0.7440144
Japan,JPN,2020-09-07,0.7440144
Japan,JPN,2020-09-08,0.7440144
Japan,JPN,2020-09-09,0.7440144
Japan,JPN,2020-09-10,0.7440144
Japan,JPN,2020-09-11,0.7440144
Japan,JPN,2020-09-12,0.7440144
Japan,JPN,2020-09-13,0.65601265
Japan,JPN,2020-09-14,0.65601265
Japan,JPN,2020-09-15,0.65601265
Japan,JPN,2020-09-16,0.65601265
Japan,JPN,2020-09-17,0.65601265
Japan,JPN,2020-09-18,0.65601265
Japan,JPN,2020-09-19,0.65601265
Japan,JPN,2020-09-20,0.48800942
Japan,JPN,2020-09-21,0.48800942
Japan,JPN,2020-09-22,0.48800942
Japan,JPN,2020-09-23,0.48800942
Japan,JPN,2020-09-24,0.48800942
Japan,JPN,2020-09-25,0.48800942
Japan,JPN,2020-09-26,0.48800942
Japan,JPN,2020-09-27,0.36000696
Japan,JPN,2020-09-28,0.36000696
Japan,JPN,2020-09-29,0.36000696
Japan,JPN,2020-09-30,0.36000696
Japan,JPN,2020-10-01,0.36000696
Japan,JPN,2020-10-02,0.36000696
Japan,JPN,2020-10-03,0.36000696
Japan,JPN,2020-10-04,0.41600803
Japan,JPN,2020-10-05,0.41600803
Japan,JPN,2020-10-06,0.41600803
Japan,JPN,2020-10-07,0.41600803
Japan,JPN,2020-10-08,0.41600803
Japan,JPN,2020-10-09,0.41600803
Japan,JPN,2020-10-10,0.41600803
Japan,JPN,2020-10-11,0.24000463
Japan,JPN,2020-10-12,0.24000463
Japan,JPN,2020-10-13,0.24000463
Japan,JPN,2020-10-14,0.24000463
Japan,JPN,2020-10-15,0.24000463
Japan,JPN,2020-10-16,0.24000463
Japan,JPN,2020-10-17,0.24000463
Japan,JPN,2020-10-18,0.34400666
Japan,JPN,2020-10-19,0.34400666
Japan,JPN,2020-10-20,0.34400666
Japan,JPN,2020-10-21,0.34400666
Japan,JPN,2020-10-22,0.34400666
Japan,JPN,2020-10-23,0.34400666
Japan,JPN,2020-10-24,0.34400666
Japan,JPN,2020-10-25,0.32800633
Japan,JPN,2020-10-26,0.32800633
Japan,JPN,2020-10-27,0.32800633
Japan,JPN,2020-10-28,0.32800633
Japan,JPN,2020-10-29,0.32800633
Japan,JPN,2020-10-30,0.32800633
Japan,JPN,2020-10-31,0.32800633
Japan,JPN,2020-11-01,0.4400085
Japan,JPN,2020-11-02,0.4400085
Japan,JPN,2020-11-03,0.4400085
Japan,JPN,2020-11-04,0.4400085
Japan,JPN,2020-11-05,0.4400085
Japan,JPN,2020-11-06,0.4400085
Japan,JPN,2020-11-07,0.4400085
Japan,JPN,2020-11-08,0.3680071
Japan,JPN,2020-11-09,0.3680071
Japan,JPN,2020-11-10,0.3680071
Japan,JPN,2020-11-11,0.3680071
Japan,JPN,2020-11-12,0.3680071
Japan,JPN,2020-11-13,0.3680071
Japan,JPN,2020-11-14,0.3680071
Japan,JPN,2020-11-15,0.568011
Japan,JPN,2020-11-16,0.568011
Japan,JPN,2020-11-17,0.568011
Japan,JPN,2020-11-18,0.568011
Japan,JPN,2020-11-19,0.568011
Japan,JPN,2020-11-20,0.568011
Japan,JPN,2020-11-21,0.568011
Japan,JPN,2020-11-22,0.72801405
Japan,JPN,2020-11-23,0.72801405
Japan,JPN,2020-11-24,0.72801405
Japan,JPN,2020-11-25,0.72801405
Japan,JPN,2020-11-26,0.72801405
Japan,JPN,2020-11-27,0.72801405
Japan,JPN,2020-11-28,0.72801405
Japan,JPN,2020-11-29,1.0560204
Japan,JPN,2020-11-30,1.0560204
Japan,JPN,2020-12-01,1.0560204
Japan,JPN,2020-12-02,1.0560204
Japan,JPN,2020-12-03,1.0560204
Japan,JPN,2020-12-04,1.0560204
Japan,JPN,2020-12-05,1.0560204
Japan,JPN,2020-12-06,1.6720322
Japan,JPN,2020-12-07,1.6720322
Japan,JPN,2020-12-08,1.6720322
Japan,JPN,2020-12-09,1.6720322
Japan,JPN,2020-12-10,1.6720322
Japan,JPN,2020-12-11,1.6720322
Japan,JPN,2020-12-12,1.6720322
Japan,JPN,2020-12-13,1.9760382
Japan,JPN,2020-12-14,1.9760382
Japan,JPN,2020-12-15,1.9760382
Japan,JPN,2020-12-16,1.9760382
Japan,JPN,2020-12-17,1.9760382
Japan,JPN,2020-12-18,1.9760382
Japan,JPN,2020-12-19,1.9760382
Japan,JPN,2020-12-20,2.488048
Japan,JPN,2020-12-21,2.488048
Japan,JPN,2020-12-22,2.488048
Japan,JPN,2020-12-23,2.488048
Japan,JPN,2020-12-24,2.488048
Japan,JPN,2020-12-25,2.488048
Japan,JPN,2020-12-26,2.488048
Japan,JPN,2020-12-27,2.7200525
Japan,JPN,2020-12-28,2.7200525
Japan,JPN,2020-12-29,2.7200525
Japan,JPN,2020-12-30,2.7200525
Japan,JPN,2020-12-31,2.7200525
Japan,JPN,2021-01-01,2.7200525
Japan,JPN,2021-01-02,2.7200525
Japan,JPN,2021-01-03,2.6800518
Japan,JPN,2021-01-04,2.6800518
Japan,JPN,2021-01-05,2.6800518
Japan,JPN,2021-01-06,2.6800518
Japan,JPN,2021-01-07,2.6800518
Japan,JPN,2021-01-08,2.6800518
Japan,JPN,2021-01-09,2.6800518
Japan,JPN,2021-01-10,3.5840693
Japan,JPN,2021-01-11,3.5840693
Japan,JPN,2021-01-12,3.5840693
Japan,JPN,2021-01-13,3.5840693
Japan,JPN,2021-01-14,3.5840693
Japan,JPN,2021-01-15,3.5840693
Japan,JPN,2021-01-16,3.5840693
Japan,JPN,2021-01-17,3.6000695
Japan,JPN,2021-01-18,3.6000695
Japan,JPN,2021-01-19,3.6000695
Japan,JPN,2021-01-20,3.6000695
Japan,JPN,2021-01-21,3.6000695
Japan,JPN,2021-01-22,3.6000695
Japan,JPN,2021-01-23,3.6000695
Japan,JPN,2021-01-24,4.5840883
Japan,JPN,2021-01-25,4.5840883
Japan,JPN,2021-01-26,4.5840883
Japan,JPN,2021-01-27,4.5840883
Japan,JPN,2021-01-28,4.5840883
Japan,JPN,2021-01-29,4.5840883
Japan,JPN,2021-01-30,4.5840883
Japan,JPN,2021-01-31,5.080098
Sweden,SWE,2020-06-01,25.745344
Sweden,SWE,2020-06-02,25.745344
Sweden,SWE,2020-06-03,25.745344
Sweden,SWE,2020-06-04,25.745344
Sweden,SWE,2020-06-05,25.745344
Sweden,SWE,2020-06-06,25.745344
Sweden,SWE,2020-06-07,24.69646
Sweden,SWE,2020-06-08,24.69646
Sweden,SWE,2020-06-09,24.69646
Sweden,SWE,2020-06-10,24.69646
Sweden,SWE,2020-06-11,24.69646
Sweden,SWE,2020-06-12,24.69646
Sweden,SWE,2020-06-13,24.69646
Sweden,SWE,2020-06-14,22.88475
Sweden,SWE,2020-06-15,22.88475
Sweden,SWE,2020-06-16,22.88475
Sweden,SWE,2020-06-17,22.88475
Sweden,SWE,2020-06-18,22.88475
Sweden,SWE,2020-06-19,22.88475
Sweden,SWE,2020-06-20,22.88475
Sweden,SWE,2020-06-21,19.547392
Sweden,SWE,2020-06-22,19.547392
Sweden,SWE,2020-06-23,19.547392
Sweden,SWE,2020-06-24,19.547392
Sweden,SWE,2020-06-25,19.547392
Sweden,SWE,2020-06-26,19.547392
Sweden,SWE,2020-06-27,19.547392
Sweden,SWE,2020-06-28,13.063378
Sweden,SWE,2020-06-29,13.063378
Sweden,SWE,2020-06-30,13.063378
Sweden,SWE,2020-07-01,13.063378
Sweden,SWE,2020-07-02,13.063378
Sweden,SWE,2020-07-03,13.063378
Sweden,SWE,2020-07-04,13.063378
Sweden,SWE,2020-07-05,10.67955
Sweden,SWE,2020-07-06,10.67955
Sweden,SWE,2020-07-07,10.67955
Sweden,SWE,2020-07-08,10.67955
Sweden,SWE,2020-07-09,10.67955
Sweden,SWE,2020-07-10,10.67955
Sweden,SWE,2020-07-11,10.67955
Sweden,SWE,2020-07-12,8.105016
Sweden,SWE,2020-07-13,8.105016
Sweden,SWE,2020-07-14,8.105016
Sweden,SWE,2020-07-15,8.105016
Sweden,SWE,2020-07-16,8.105016
Sweden,SWE,2020-07-17,8.105016
Sweden,SWE,2020-07-18,8.105016
Sweden,SWE,2020-07-19,5.5304813
Sweden,SWE,2020-07-20,5.5304813
Sweden,SWE,2020-07-21,5.5304813
Sweden,SWE,2020-07-22,5.5304813
Sweden,SWE,2020-07-23,5.5304813
Sweden,SWE,2020-07-24,5.5304813
Sweden,SWE,2020-07-25,5.5304813
Sweden,SWE,2020-07-26,3.3373594
Sweden,SWE,2020-07-27,3.3373594
Sweden,SWE,2020-07-28,3.3373594
Sweden,SWE,2020-07-29,3.3373594
Sweden,SWE,2020-07-30,3.3373594
Sweden,SWE,2020-07-31,3.3373594
Sweden,SWE,2020-08-01,3.3373594
Sweden,SWE,2020-08-02,1.6210032
Sweden,SWE,2020-08-03,1.6210032
Sweden,SWE,2020-08-04,1.6210032
Sweden,SWE,2020-08-05,1.6210032
Sweden,SWE,2020-08-06,1.6210032
Sweden,SWE,2020-08-07,1.6210032
Sweden,SWE,2020-08-08,1.6210032
Sweden,SWE,2020-08-09,1.6210032
Sweden,SWE,2020-08-10,1.6210032
Sweden,SWE,2020-08-11,1.6210032
Sweden,SWE,2020-08-12,1.6210032
Sweden,SWE,2020-08-13,1.6210032
Sweden,SWE,2020-08-14,1.6210032
Sweden,SWE,2020-08-15,1.6210032
Sweden,SWE,2020-08-16,1.9070625
Sweden,SWE,2020-08-17,1.9070625
Sweden,SWE,2020-08-18,1.9070625
Sweden,SWE,2020-08-19,1.9070625
Sweden,SWE,2020-08-20,1.9070625
Sweden,SWE,2020-08-21,1.9070625
Sweden,SWE,2020-08-22,1.9070625
Sweden,SWE,2020-08-23,1.52565
Sweden,SWE,2020-08-24,1.52565
Sweden,SWE,2020-08-25,1.52565
Sweden,SWE,2020-08-26,1.52565
Sweden,SWE,2020-08-27,1.52565
Sweden,SWE,2020-08-28,1.52565
Sweden,SWE,2020-08-29,1.52565
Sweden,SWE,2020-08-30,0.95353127
Sweden,SWE,2020-08-31,0.95353127
Sweden,SWE,2020-09-01,0.95353127
Sweden,SWE,2020-09-02,0.95353127
Sweden,SWE,2020-09-03,0.95353127
Sweden,SWE,2020-09-04,0.95353127
Sweden,SWE,2020-09-05,0.95353127
Sweden,SWE,2020-09-06,1.1442375
Sweden,SWE,2020-09-07,1.1442375
Sweden,SWE,2020-09-08,1.1442375
Sweden,SWE,2020-09-09,1.1442375
Sweden,SWE,2020-09-10,1.1442375
Sweden,SWE,2020-09-11,1.1442375
Sweden,SWE,2020-09-12,1.1442375
Sweden,SWE,2020-09-13,1.3349438
Sweden,SWE,2020-09-14,1.3349438
Sweden,SWE,2020-09-15,1.3349438
Sweden,SWE,2020-09-16,1.3349438
Sweden,SWE,2020-09-17,1.3349438
Sweden,SWE,2020-09-18,1.3349438
Sweden,SWE,2020-09-19,1.3349438
Sweden,SWE,2020-09-20,0.95353127
Sweden,SWE,2020-09-21,0.95353127
Sweden,SWE,2020-09-22,0.95353127
Sweden,SWE,2020-09-23,0.95353127
Sweden,SWE,2020-09-24,0.95353127
Sweden,SWE,2020-09-25,0.95353127
Sweden,SWE,2020-09-26,0.95353127
Sweden,SWE,2020-09-27,1.3349438
Sweden,SWE,2020-09-28,1.3349438
Sweden,SWE,2020-09-29,1.3349438
Sweden,SWE,2020-09-30,1.3349438
Sweden,SWE,2020-10-01,1.3349438
Sweden,SWE,2020-10-02,1.3349438
Sweden,SWE,2020-10-03,1.3349438
Sweden,SWE,2020-10-04,1.4302969
Sweden,SWE,2020-10-05,1.4302969
Sweden,SWE,2020-10-06,1.4302969
Sweden,SWE,2020-10-07,1.4302969
Sweden,SWE,2020-10-08,1.4302969
Sweden,SWE,2020-10-09,1.4302969
Sweden,SWE,2020-10-10,1.4302969
Sweden,SWE,2020-10-11,2.193122
Sweden,SWE,2020-10-12,2.193122
Sweden,SWE,2020-10-13,2.193122
Sweden,SWE,2020-10-14,2.193122
Sweden,SWE,2020-10-15,2.193122
Sweden,SWE,2020-10-16,2.193122
Sweden,SWE,2020-10-17,2.193122
Sweden,SWE,2020-10-18,1.6210032
Sweden,SWE,2020-10-19,1.6210032
Sweden,SWE,2020-10-20,1.6210032
Sweden,SWE,2020-10-21,1.6210032
Sweden,SWE,2020-10-22,1.6210032
Sweden,SWE,2020-10-23,1.6210032
Sweden,SWE,2020-10-24,1.6210032
Sweden,SWE,2020-10-25,3.4327126
Sweden,SWE,2020-10-26,3.4327126
Sweden,SWE,2020-10-27,3.4327126
Sweden,SWE,2020-10-28,3.4327126
Sweden,SWE,2020-10-29,3.4327126
Sweden,SWE,2020-10-30,3.4327126
Sweden,SWE,2020-10-31,3.4327126
Sweden,SWE,2020-11-01,6.4840126
Sweden,SWE,2020-11-02,6.4840126
Sweden,SWE,2020-11-03,6.4840126
Sweden,SWE,2020-11-04,6.4840126
Sweden,SWE,2020-11-05,6.4840126
Sweden,SWE,2020-11-06,6.4840126
Sweden,SWE,2020-11-07,6.4840126
Sweden,SWE,2020-11-08,14.970441
Sweden,SWE,2020-11-09,14.970441
Sweden,SWE,2020-11-10,14.970441
Sweden,SWE,2020-11-11,14.970441
Sweden,SWE,2020-11-12,14.970441
Sweden,SWE,2020-11-13,14.970441
Sweden,SWE,2020-11-14,14.970441
Sweden,SWE,2020-11-15,20.786982
Sweden,SWE,2020-11-16,20.786982
Sweden,SWE,2020-11-17,20.786982
Sweden,SWE,2020-11-18,20.786982
Sweden,SWE,2020-11-19,20.786982
Sweden,SWE,2020-11-20,20.786982
Sweden,SWE,2020-11-21,20.786982
Sweden,SWE,2020-11-22,29.750175
Sweden,SWE,2020-11-23,29.750175
Sweden,SWE,2020-11-24,29.750175
Sweden,SWE,2020-11-25,29.750175
Sweden,SWE,2020-11-26,29.750175
Sweden,SWE,2020-11-27,29.750175
Sweden,SWE,2020-11-28,29.750175
Sweden,SWE,2020-11-29,40.620434
Sweden,SWE,2020-11-30,40.620434
Sweden,SWE,2020-12-01,40.620434
Sweden,SWE,2020-12-02,40.620434
Sweden,SWE,2020-12-03,40.620434
Sweden,SWE,2020-12-04,40.620434
Sweden,SWE,2020-12-05,40.620434
Sweden,SWE,2020-12-06,42.43214
Sweden,SWE,2020-12-07,42.43214
Sweden,SWE,2020-12-08,42.43214
Sweden,SWE,2020-12-09,42.43214
Sweden,SWE,2020-12-10,42.43214
Sweden,SWE,2020-12-11,42.43214
Sweden,SWE,2020-12-12,42.43214
Sweden,SWE,2020-12-13,48.630096
Sweden,SWE,2020-12-14,48.630096
Sweden,SWE,2020-12-15,48.630096
Sweden,SWE,2020-12-16,48.630096
Sweden,SWE,2020-12-17,48.630096
Sweden,SWE,2020-12-18,48.630096
Sweden,SWE,2020-12-19,48.630096
Sweden,SWE,2020-12-20,59.309647
Sweden,SWE,2020-12-21,59.309647
Sweden,SWE,2020-12-22,59.309647
Sweden,SWE,2020-12-23,59.309647
Sweden,SWE,2020-12-24,59.309647
Sweden,SWE,2020-12-25,59.309647
Sweden,SWE,2020-12-26,59.309647
Sweden,SWE,2020-12-27,60.835297
Sweden,SWE,2020-12-28,60.835297
Sweden,SWE,2020-12-29,60.835297
Sweden,SWE,2020-12-30,60.835297
Sweden,SWE,2020-12-31,60.835297
Sweden,SWE,2021-01-01,60.835297
Sweden,SWE,2021-01-02,60.835297
Sweden,SWE,2021-01-03,64.744774
Sweden,SWE,2021-01-04,64.744774
Sweden,SWE,2021-01-05,64.744774
Sweden,SWE,2021-01-06,64.744774
Sweden,SWE,2021-01-07,64.744774
Sweden,SWE,2021-01-08,64.744774
Sweden,SWE,2021-01-09,64.744774
Sweden,SWE,2021-01-10,60.549236
Sweden,SWE,2021-01-11,60.549236
Sweden,SWE,2021-01-12,60.549236
Sweden,SWE,2021-01-13,60.549236
Sweden,SWE,2021-01-14,60.549236
Sweden,SWE,2021-01-15,60.549236
Sweden,SWE,2021-01-16,60.549236
Sweden,SWE,2021-01-17,59.977116
Sweden,SWE,2021-01-18,59.977116
Sweden,SWE,2021-01-19,59.977116
Sweden,SWE,2021-01-20,59.977116
Sweden,SWE,2021-01-21,59.977116
Sweden,SWE,2021-01-22,59.977116
Sweden,SWE,2021-01-23,59.977116
Sweden,SWE,2021-01-24,49.869686
Sweden,SWE,2021-01-25,49.869686
Sweden,SWE,2021-01-26,49.869686
Sweden,SWE,2021-01-27,49.869686
Sweden,SWE,2021-01-28,49.869686
Sweden,SWE,2021-01-29,49.869686
Sweden,SWE,2021-01-30,49.869686
Sweden,SWE,2021-01-31,38.236603
United States,USA,2020-06-01,19.939447
United States,USA,2020-06-02,19.939447
United States,USA,2020-06-03,19.939447
United States,USA,2020-06-04,19.939447
United States,USA,2020-06-05,19.939447
United States,USA,2020-06-06,19.939447
United States,USA,2020-06-07,17.529732
United States,USA,2020-06-08,17.529732
United States,USA,2020-06-09,17.529732
United States,USA,2020-06-10,17.529732
United States,USA,2020-06-11,17.529732
United States,USA,2020-06-12,17.529732
United States,USA,2020-06-13,17.529732
United States,USA,2020-06-14,15.723176
United States,USA,2020-06-15,15.723176
United States,USA,2020-06-16,15.723176
United States,USA,2020-06-17,15.723176
United States,USA,2020-06-18,15.723176
United States,USA,2020-06-19,15.723176
United States,USA,2020-06-20,15.723176
United States,USA,2020-06-21,13.044087
United States,USA,2020-06-22,13.044087
United States,USA,2020-06-23,13.044087
United States,USA,2020-06-24,13.044087
United States,USA,2020-06-25,13.044087
United States,USA,2020-06-26,13.044087
United States,USA,2020-06-27,13.044087
United States,USA,2020-06-28,17.80496
United States,USA,2020-06-29,17.80496
United States,USA,2020-06-30,17.80496
United States,USA,2020-07-01,17.80496
United States,USA,2020-07-02,17.80496
United States,USA,2020-07-03,17.80496
United States,USA,2020-07-04,17.80496
United States,USA,2020-07-05,13.032376
United States,USA,2020-07-06,13.032376
United States,USA,2020-07-07,13.032376
United States,USA,2020-07-08,13.032376
United States,USA,2020-07-09,13.032376
United States,USA,2020-07-10,13.032376
United States,USA,2020-07-11,13.032376
United States,USA,2020-07-12,16.188723
United States,USA,2020-07-13,16.188723
United States,USA,2020-07-14,16.188723
United States,USA,2020-07-15,16.188723
United States,USA,2020-07-16,16.188723
United States,USA,2020-07-17,16.188723
United States,USA,2020-07-18,16.188723
United States,USA,2020-07-19,19.51782
United States,USA,2020-07-20,19.51782
United States,USA,2020-07-21,19.51782
United States,USA,2020-07-22,19.51782
United States,USA,2020-07-23,19.51782
United States,USA,2020-07-24,19.51782
United States,USA,2020-07-25,19.51782
United States,USA,2020-07-26,22.621464
United States,USA,2020-07-27,22.621464
United States,USA,2020-07-28,22.621464
United States,USA,2020-07-29,22.621464
United States,USA,2020-07-30,22.621464
United States,USA,2020-07-31,22.621464
United States,USA,2020-08-01,22.621464
United States,USA,2020-08-02,23.85121
United States,USA,2020-08-03,23.85121
United States,USA,2020-08-04,23.85121
United States,USA,2020-08-05,23.85121
United States,USA,2020-08-06,23.85121
United States,USA,2020-08-07,23.85121
United States,USA,2020-08-08,23.85121
United States,USA,2020-08-09,22.835205
United States,USA,2020-08-10,22.835205
United States,USA,2020-08-11,22.835205
United States,USA,2020-08-12,22.835205
United States,USA,2020-08-13,22.835205
United States,USA,2020-08-14,22.835205
United States,USA,2020-08-15,22.835205
United States,USA,2020-08-16,21.67866
United States,USA,2020-08-17,21.67866
United States,USA,2020-08-18,21.67866
United States,USA,2020-08-19,21.67866
United States,USA,2020-08-20,21.67866
United States,USA,2020-08-21,21.67866
United States,USA,2020-08-22,21.67866
United States,USA,2020-08-23,19.550028
United States,USA,2020-08-24,19.550028
United States,USA,2020-08-25,19.550028
United States,USA,2020-08-26,19.550028
United States,USA,2020-08-27,19.550028
United States,USA,2020-08-28,19.550028
United States,USA,2020-08-29,19.550028
United States,USA,2020-08-30,18.572086
United States,USA,2020-08-31,18.572086
United States,USA,2020-09-01,18.572086
United States,USA,2020-09-02,18.572086
United States,USA,2020-09-03,18.572086
United States,USA,2020-09-04,18.572086
United States,USA,2020-09-05,18.572086
United States,USA,2020-09-06,16.704044
United States,USA,2020-09-07,16.704044
United States,USA,2020-09-08,16.704044
United States,USA,2020-09-09,16.704044
United States,USA,2020-09-10,16.704044
United States,USA,2020-09-11,16.704044
United States,USA,2020-09-12,16.704044
United States,USA,2020-09-13,14.572486
United States,USA,2020-09-14,14.572486
United States,USA,2020-09-15,14.572486
United States,USA,2020-09-16,14.572486
United States,USA,2020-09-17,14.572486
United States,USA,2020-09-18,14.572486
United States,USA,2020-09-19,14.572486
United States,USA,2020-09-20,15.155151
United States,USA,2020-09-21,15.155151
United States,USA,2020-09-22,15.155151
United States,USA,2020-09-23,15.155151
United States,USA,2020-09-24,15.155151
United States,USA,2020-09-25,15.155151
United States,USA,2020-09-26,15.155151
United States,USA,2020-09-27,13.983965
United States,USA,2020-09-28,13.983965
United States,USA,2020-09-29,13.983965
United States,USA,2020-09-30,13.983965
United States,USA,2020-10-01,13.983965
United States,USA,2020-10-02,13.983965
United States,USA,2020-10-03,13.983965
United States,USA,2020-10-04,13.723376
United States,USA,2020-10-05,13.723376
United States,USA,2020-10-06,13.723376
United States,USA,2020-10-07,13.723376
United States,USA,2020-10-08,13.723376
United States,USA,2020-10-09,13.723376
United States,USA,2020-10-10,13.723376
United States,USA,2020-10-11,13.512563
United States,USA,2020-10-12,13.512563
United States,USA,2020-10-13,13.512563
United States,USA,2020-10-14,13.512563
United States,USA,2020-10-15,13.512563
United States,USA,2020-10-16,13.512563
United States,USA,2020-10-17,13.512563
United States,USA,2020-10-18,14.057164
United States,USA,2020-10-19,14.057164
United States,USA,2020-10-20,14.057164
United States,USA,2020-10-21,14.057164
United States,USA,2020-10-22,14.057164
United States,USA,2020-10-23,14.057164
United States,USA,2020-10-24,14.057164
United States,USA,2020-10-25,16.756748
United States,USA,2020-10-26,16.756748
United States,USA,2020-10-27,16.756748
United States,USA,2020-10-28,16.756748
United States,USA,2020-10-29,16.756748
United States,USA,2020-10-30,16.756748
United States,USA,2020-10-31,16.756748
United States,USA,2020-11-01,17.848879
United States,USA,2020-11-02,17.848879
United States,USA,2020-11-03,17.848879
United States,USA,2020-11-04,17.848879
United States,USA,2020-11-05,17.848879
United States,USA,2020-11-06,17.848879
United States,USA,2020-11-07,17.848879
United States,USA,2020-11-08,21.093065
United States,USA,2020-11-09,21.093065
United States,USA,2020-11-10,21.093065
United States,USA,2020-11-11,21.093065
United States,USA,2020-11-12,21.093065
United States,USA,2020-11-13,21.093065
United States,USA,2020-11-14,21.093065
United States,USA,2020-11-15,25.523079
United States,USA,2020-11-16,25.523079
United States,USA,2020-11-17,25.523079
United States,USA,2020-11-18,25.523079
United States,USA,2020-11-19,25.523079
United States,USA,2020-11-20,25.523079
United States,USA,2020-11-21,25.523079
United States,USA,2020-11-22,31.68059
United States,USA,2020-11-23,31.68059
United States,USA,2020-11-24,31.68059
United States,USA,2020-11-25,31.68059
United States,USA,2020-11-26,31.68059
United States,USA,2020-11-27,31.68059
United States,USA,2020-11-28,31.68059
United States,USA,2020-11-29,34.989193
United States,USA,2020-11-30,34.989193
United States,USA,2020-12-01,34.989193
United States,USA,2020-12-02,34.989193
United States,USA,2020-12-03,34.989193
United States,USA,2020-12-04,34.989193
United States,USA,2020-12-05,34.989193
United States,USA,2020-12-06,43.336823
United States,USA,2020-12-07,43.336823
United States,USA,2020-12-08,43.336823
United States,USA,2020-12-09,43.336823
United States,USA,2020-12-10,43.336823
United States,USA,2020-12-11,43.336823
United States,USA,2020-12-12,43.336823
United States,USA,2020-12-13,51.865986
United States,USA,2020-12-14,51.865986
United States,USA,2020-12-15,51.865986
United States,USA,2020-12-16,51.865986
United States,USA,2020-12-17,51.865986
United States,USA,2020-12-18,51.865986
United States,USA,2020-12-19,51.865986
United States,USA,2020-12-20,55.239002
United States,USA,2020-12-21,55.239002
United States,USA,2020-12-22,55.239002
United States,USA,2020-12-23,55.239002
United States,USA,2020-12-24,55.239002
United States,USA,2020-12-25,55.239002
United States,USA,2020-12-26,55.239002
United States,USA,2020-12-27,53.6784
United States,USA,2020-12-28,53.6784
United States,USA,2020-12-29,53.6784
United States,USA,2020-12-30,53.6784
United States,USA,2020-12-31,53.6784
United States,USA,2021-01-01,53.6784
United States,USA,2021-01-02,53.6784
United States,USA,2021-01-03,57.534527
United States,USA,2021-01-04,57.534527
United States,USA,2021-01-05,57.534527
United States,USA,2021-01-06,57.534527
United States,USA,2021-01-07,57.534527
United States,USA,2021-01-08,57.534527
United States,USA,2021-01-09,57.534527
United States,USA,2021-01-10,62.942482
United States,USA,2021-01-11,62.942482
United States,USA,2021-01-12,62.942482
United States,USA,2021-01-13,62.942482
United States,USA,2021-01-14,62.942482
United States,USA,2021-01-15,62.942482
United States,USA,2021-01-16,62.942482
United States,USA,2021-01-17,68.25674
United States,USA,2021-01-18,68.25674
United States,USA,2021-01-19,68.25674
United States,USA,2021-01-20,68.25674
United States,USA,2021-01-21,68.25674
United States,USA,2021-01-22,68.25674
United States,USA,2021-01-23,68.25674
United States,USA,2021-01-24,65.86459
United States,USA,2021-01-25,65.86459
United States,USA,2021-01-26,65.86459
United States,USA,2021-01-27,65.86459
United States,USA,2021-01-28,65.86459
United States,USA,2021-01-29,65.86459
United States,USA,2021-01-30,65.86459
United States,USA,2021-01-31,65.14431
