countyFIPS,County Name,State,StateFIPS,2020-06-07_cases,2020-06-14_cases,2020-06-21_cases,2020-06-28_cases,2020-07-05_cases,2020-07-12_cases,2020-07-19_cases,2020-07-26_cases,2020-08-02_cases,2020-08-09_cases,2020-08-16_cases,2020-08-23_cases,2020-08-30_cases,2020-09-06_cases,2020-09-13_cases,2020-09-20_cases,2020-09-27_cases,2020-10-04_cases,2020-10-11_cases,2020-10-18_cases,2020-10-25_cases,2020-11-01_cases,2020-11-08_cases,2020-11-15_cases,2020-11-22_cases,2020-11-29_cases,2020-12-06_cases,2020-12-13_cases,2020-12-20_cases,2020-12-27_cases,2021-01-03_cases,2020-06-07_deaths,2020-06-14_deaths,2020-06-21_deaths,2020-06-28_deaths,2020-07-05_deaths,2020-07-12_deaths,2020-07-19_deaths,2020-07-26_deaths,2020-08-02_deaths,2020-08-09_deaths,2020-08-16_deaths,2020-08-23_deaths,2020-08-30_deaths,2020-09-06_deaths,2020-09-13_deaths,2020-09-20_deaths,2020-09-27_deaths,2020-10-04_deaths,2020-10-11_deaths,2020-10-18_deaths,2020-10-25_deaths,2020-11-01_deaths,2020-11-08_deaths,2020-11-15_deaths,2020-11-22_deaths,2020-11-29_deaths,2020-12-06_deaths,2020-12-13_deaths,2020-12-20_deaths,2020-12-27_deaths,2021-01-03_deaths,population
2013,Aleutians East Borough ,AK,2,0,1,0,0,0,0,2,1,1,2,2,2,2,2,10,2,11,5,5,5,15,16,9,19,20,30,29,29,29,28,28,0,0,0,0,0,0,0,0,0,0,0,0,0,0,0,0,0,0,0,0,0,0,0,0,0,0,0,0,0,0,0,3337
2016,Aleutians West Census Area ,AK,2,0,0,0,0,5,0,12,85,88,4,5,90,7,93,7,7,8,8,5,6,5,99,11,13,13,13,114,160,33,186,205,0,0,0,0,0,0,0,0,0,0,0,0,0,0,0,0,0,0,0,0,0,0,0,0,0,0,0,0,0,0,0,5634
2020,Municipality of Anchorage,AK,2,275,334,373,432,568,733,966,1289,1885,2232,2549,2818,3126,3395,3660,3966,4362,4848,5479,6209,7065,8419,9975,11991,14378,16465,18246,20050,21505,22338,23253,4,7,7,7,8,8,9,11,14,17,21,23,26,28,30,31,35,36,41,45,48,53,58,66,70,83,103,112,127,138,142,288000
2050,Bethel Census Area ,AK,2,3,4,6,10,13,15,16,18,22,22,32,41,60,64,80,96,112,124,174,244,372,478,642,961,1238,1609,1905,2149,2282,2374,2572,0,0,0,0,0,0,0,0,0,0,0,1,1,1,1,1,1,1,1,2,3,3,3,6,9,10,13,13,13,15,15,18386
2060,Bristol Bay Borough ,AK,2,0,0,0,0,0,0,5,0,0,0,0,0,0,0,0,0,0,0,0,0,0,0,0,0,0,0,0,0,0,0,0,0,0,0,0,0,0,0,0,0,0,0,0,0,0,0,0,0,0,0,0,0,0,0,0,0,0,0,0,0,0,0,836
2068,Denali Borough ,AK,2,0,0,0,0,0,0,2,1,1,1,1,1,1,2,2,2,7,10,17,17,23,31,29,38,40,43,48,54,55,55,55,0,0,0,0,0,0,0,0,0,0,0,0,0,0,0,0,0,0,0,0,0,0,0,0,0,0,0,0,0,0,0,2097
2070,Dillingham Census Area ,AK,2,0,0,0,16,0,0,21,0,1,1,23,5,5,5,6,28,29,30,33,36,44,59,65,76,90,96,82,104,108,112,102,0,0,0,0,0,0,0,0,0,0,0,0,0,0,0,0,0,0,0,0,0,0,0,0,1,1,1,1,1,1,1,4916
2090,Fairbanks North Star Borough ,AK,2,85,93,117,137,172,234,325,379,428,461,513,581,660,766,899,987,1113,1299,1568,1778,1953,2250,2487,2795,3127,3372,3701,4214,4568,4741,5003,2,2,2,2,2,2,3,4,5,6,8,9,9,10,10,10,11,11,11,13,15,16,16,17,17,17,17,20,20,20,21,96849
2100,Haines Borough ,AK,2,0,1,2,2,2,2,7,4,4,4,5,5,5,4,9,5,5,5,5,6,12,7,16,10,10,10,11,12,14,14,14,0,0,0,0,0,0,0,0,0,0,0,0,0,0,0,0,0,0,0,0,0,0,0,0,0,0,0,0,0,0,0,2530
2105,Hoonah-Angoon Census Area ,AK,2,0,0,0,0,0,0,0,0,0,0,0,0,0,0,0,0,0,0,0,0,0,0,0,0,0,0,0,0,0,0,0,0,0,0,0,0,0,0,0,0,0,0,0,0,0,0,0,0,0,0,0,0,0,0,0,0,0,0,0,0,0,0,2148
2110,City and Borough of Juneau,AK,2,33,40,39,44,47,51,65,109,147,167,218,238,250,265,309,342,369,383,397,442,476,576,648,727,780,835,897,950,982,1026,1051,1,1,0,1,1,1,1,1,1,1,1,2,2,2,2,2,2,2,2,2,2,2,2,2,3,3,3,3,3,3,3,31974
2122,Kenai Peninsula Borough ,AK,2,84,116,128,140,179,211,258,353,469,498,529,575,586,597,607,615,627,643,682,732,832,1080,1293,1671,2063,2526,2919,3191,3430,3553,3629,1,1,1,1,1,1,2,2,2,3,3,3,3,3,3,3,3,3,3,3,3,3,3,3,5,6,8,12,12,16,18,58708
2130,Ketchikan Gateway Borough ,AK,2,16,22,25,21,30,32,35,43,47,49,39,42,59,47,48,49,49,50,72,58,77,89,130,175,185,195,215,224,229,234,247,0,0,0,0,0,0,0,0,0,0,0,0,0,0,0,0,0,0,0,0,0,0,0,0,0,0,0,1,1,1,1,13901
2150,Kodiak Island Borough ,AK,2,2,2,3,7,3,10,13,5,16,34,51,14,14,61,19,64,22,73,85,47,94,120,136,156,209,265,426,648,789,876,925,0,0,0,0,0,0,0,0,0,0,0,0,0,0,0,0,0,0,0,0,0,0,0,0,0,0,1,3,5,6,6,12998
2158,Kusilvak Census Area ,AK,2,0,0,0,0,0,0,3,3,4,6,8,8,8,8,9,11,13,14,19,28,183,250,327,353,374,374,461,626,672,691,877,0,0,0,0,0,0,0,0,0,0,0,0,0,0,0,0,0,0,0,0,0,0,0,0,0,0,2,3,3,2,2,8314
2164,Lake and Peninsula Borough ,AK,2,0,0,0,0,0,0,0,0,0,0,0,0,0,0,0,0,0,0,0,0,0,0,0,0,0,0,0,0,0,0,0,0,0,0,0,0,0,0,0,0,0,0,0,0,0,0,0,0,0,0,0,0,0,0,0,0,0,0,0,0,0,0,1592
2170,Matanuska-Susitna Borough ,AK,2,34,43,54,73,116,136,178,229,303,339,386,436,484,516,544,587,609,668,738,837,1002,1493,1947,2365,2644,3410,4805,5436,5914,6189,6582,1,1,1,1,1,2,2,2,2,2,2,2,2,2,2,2,2,2,2,2,3,5,5,6,8,11,16,19,22,28,30,108317
2180,Nome Census Area ,AK,2,3,5,5,5,5,15,18,17,17,22,25,33,40,48,52,55,70,86,106,112,126,137,151,161,182,224,245,251,260,270,279,0,0,0,0,0,0,0,0,0,0,0,0,0,0,0,0,0,0,0,0,0,0,0,0,0,0,0,0,0,0,0,10004
2185,North Slope Borough ,AK,2,1,1,3,4,4,4,7,9,17,21,30,37,43,55,68,91,127,151,162,205,235,269,306,363,395,444,537,637,742,776,812,0,0,0,0,0,0,0,0,0,0,0,0,0,0,0,0,0,0,0,0,0,0,0,1,1,1,1,3,3,3,3,9832
2188,Northwest Arctic Borough ,AK,2,2,4,4,4,4,6,8,14,28,38,44,62,65,70,73,84,107,140,169,205,224,256,281,301,335,355,370,383,387,397,405,0,0,0,0,0,0,0,0,0,0,0,0,0,0,0,0,0,0,0,0,0,0,0,0,0,0,0,0,0,0,0,7621
2195,Petersburg Borough ,AK,2,4,4,4,4,4,4,10,6,6,6,7,7,7,7,7,7,7,8,8,11,11,15,16,18,18,18,18,20,20,20,22,1,1,1,1,1,1,1,1,1,1,1,1,1,1,1,1,1,1,1,1,1,1,0,0,0,0,0,0,0,0,0,3266
2198,Prince of Wales - Hyder Census Area ,AK,2,2,2,2,2,2,2,3,3,7,8,15,20,25,27,30,30,31,31,31,34,34,34,39,45,45,45,56,61,65,67,65,0,0,0,0,0,0,0,0,0,0,0,0,0,0,0,0,0,0,0,0,0,1,1,1,1,1,1,1,1,1,1,6203
2220,City and Borough of Sitka,AK,2,2,10,11,11,11,11,15,27,32,40,45,51,38,38,56,58,61,54,54,70,71,80,96,118,151,180,220,229,251,262,265,0,0,0,0,0,0,0,0,0,0,0,0,0,0,0,0,0,0,0,0,0,0,0,0,0,0,0,0,0,0,0,8493
2230,Municipality of Skagway,AK,2,0,0,0,0,0,0,0,0,0,0,0,0,0,0,0,0,0,0,0,1,8,7,7,7,7,7,11,14,15,16,15,0,0,0,0,0,0,0,0,0,0,0,0,0,0,0,0,0,0,0,0,0,0,0,0,0,0,0,0,0,0,0,1183
2240,Southeast Fairbanks Census Area ,AK,2,3,3,3,14,3,3,30,13,14,37,18,18,18,19,21,22,47,50,34,68,76,99,112,161,233,294,345,372,398,416,425,0,0,0,0,0,0,0,0,0,0,0,0,0,0,0,0,0,0,0,0,0,1,1,1,1,3,3,3,3,3,3,6893
2261,Valdez-Cordova Census Area ,AK,2,0,0,0,19,24,27,54,77,90,96,103,113,73,75,75,76,120,126,131,146,157,170,192,215,241,263,292,314,257,338,370,0,0,0,0,0,0,0,0,0,0,0,0,0,0,0,0,0,0,0,1,1,1,1,1,2,2,2,2,2,2,2,9202
2275,City and Borough of Wrangell,AK,2,0,2,3,3,3,3,9,5,8,9,8,9,11,12,12,13,13,13,13,13,13,13,13,14,14,14,15,16,18,17,18,0,0,0,0,0,0,0,0,0,0,0,0,0,0,0,0,0,0,0,0,0,0,0,0,0,0,0,0,0,0,0,2502
2282,City and Borough of Yakutat,AK,2,0,0,0,0,0,0,0,0,0,0,0,0,0,0,0,0,0,0,0,0,0,0,0,0,0,0,0,0,0,0,0,0,0,0,0,0,0,0,0,0,0,0,0,0,0,0,0,0,0,0,0,0,0,0,0,0,0,0,0,0,0,0,579
2290,Yukon-Koyukuk Census Area ,AK,2,1,1,2,2,2,7,19,42,47,53,57,69,74,72,77,81,83,83,92,101,108,120,127,135,156,177,188,198,202,215,218,0,0,0,0,0,0,0,0,1,1,1,2,2,1,2,2,2,2,2,2,2,3,3,3,4,4,4,4,4,4,4,5230
13001,Appling County ,GA,13,187,205,220,254,290,344,417,491,594,671,789,853,885,931,960,1007,1028,1061,1106,1130,1159,1179,1194,1208,1220,1231,1248,1293,1359,1408,1508,13,13,13,14,14,14,15,16,16,19,19,21,23,24,26,26,28,30,34,35,36,38,38,38,38,38,40,41,41,42,43,18386
13003,Atkinson County ,GA,13,60,76,96,137,162,195,227,267,293,319,352,379,405,416,432,435,441,448,457,471,481,486,492,501,513,524,538,561,584,619,654,2,2,2,2,2,2,2,2,2,2,3,3,3,3,3,3,3,3,4,5,6,6,7,8,9,9,9,9,9,9,9,8165
13005,Bacon County ,GA,13,144,176,200,227,281,306,345,382,415,437,472,488,516,537,560,592,597,604,614,623,634,637,644,649,661,663,666,692,726,784,841,3,3,4,4,4,5,5,5,6,8,8,8,8,10,10,10,14,14,14,14,16,16,17,18,19,20,20,20,21,21,21,11164
13007,Baker County ,GA,13,36,36,36,43,43,44,45,52,58,63,71,71,71,72,73,78,84,84,85,87,91,92,99,102,103,107,108,115,119,127,132,3,3,3,3,3,3,3,3,3,3,3,3,3,3,3,3,4,4,6,6,6,6,6,6,6,6,6,6,6,6,6,3038
13009,Baldwin County ,GA,13,388,428,445,480,568,646,738,840,965,1048,1168,1335,1652,1797,1912,2056,2109,2145,2196,2245,2300,2337,2373,2423,2469,2522,2564,2642,2725,2833,2970,27,31,32,33,34,35,35,37,38,39,44,46,50,53,55,55,56,58,61,63,64,65,66,68,68,69,69,71,70,72,72,44890
13011,Banks County ,GA,13,90,108,114,130,144,156,185,205,242,271,301,334,370,405,433,469,482,503,525,540,552,574,596,643,701,758,827,924,1028,1094,1183,0,0,0,0,1,1,3,3,3,4,6,6,6,6,6,7,8,8,8,8,8,8,9,9,11,12,12,12,17,18,19,19234
13013,Barrow County ,GA,13,347,385,422,466,535,634,760,918,1112,1289,1433,1585,1725,1886,1971,2086,2174,2274,2381,2479,2570,2672,2759,2854,3026,3206,3442,3796,4176,4565,5079,20,23,25,25,25,26,29,32,32,32,33,36,37,41,43,46,47,47,47,50,50,51,55,56,56,57,58,60,63,65,66,83240
13015,Bartow County ,GA,13,522,546,602,672,774,962,1138,1354,1607,1868,2057,2240,2426,2557,2677,2801,2910,3007,3149,3350,3571,3714,3854,4047,4273,4481,4776,5269,5703,6216,6790,39,39,39,42,42,44,46,51,60,62,64,66,70,74,77,82,85,88,91,92,94,96,96,98,99,101,102,104,105,111,121,107738
13017,Ben Hill County ,GA,13,90,104,122,156,185,230,266,302,346,436,535,597,619,666,700,738,772,807,830,846,870,887,901,909,920,943,982,1060,1125,1178,1233,1,1,1,1,1,1,1,1,3,4,7,8,13,17,18,20,24,26,27,32,33,34,34,35,35,35,35,35,36,36,36,16700
13019,Berrien County ,GA,13,59,70,95,113,135,173,201,228,261,295,337,363,379,410,418,438,449,461,468,478,490,503,507,517,551,585,626,656,716,763,816,0,0,0,0,0,0,0,0,0,0,1,3,6,10,11,11,12,12,12,12,13,14,15,17,17,17,18,18,19,20,20,19397
13021,Bibb County ,GA,13,508,535,606,745,1231,1672,2201,2689,3150,3616,4061,4524,5375,5527,5748,5954,6053,6136,6295,6458,6576,6707,6824,7006,7161,7346,7628,8091,8524,9046,9640,30,35,37,38,41,43,44,53,61,68,83,98,119,139,151,157,170,177,188,188,193,200,204,213,217,218,224,229,234,236,240,153159
13023,Bleckley County ,GA,13,50,52,54,58,73,88,102,116,132,227,279,313,349,398,417,426,433,443,465,499,511,514,517,531,543,548,561,578,605,623,651,0,0,1,1,1,1,1,3,3,9,10,12,16,17,19,19,21,21,21,21,27,27,27,28,29,30,30,30,30,30,30,12873
13025,Brantley County ,GA,13,62,69,74,85,111,142,171,200,224,249,272,289,304,317,325,342,344,351,374,404,445,473,490,501,523,545,559,589,611,645,680,2,2,2,2,3,3,3,3,4,5,8,8,8,8,8,10,10,10,11,12,13,13,13,14,15,18,18,18,18,18,18,19109
13027,Brooks County ,GA,13,82,96,118,145,184,224,271,317,371,412,432,452,476,484,497,510,520,526,530,544,552,553,554,558,566,592,650,680,726,752,785,8,10,11,11,11,11,12,13,15,17,18,20,21,24,25,25,25,26,26,26,26,26,26,26,26,26,26,26,26,26,27,15457
13029,Bryan County ,GA,13,78,86,96,116,166,255,363,467,551,657,732,786,855,908,987,1059,1147,1175,1213,1260,1294,1309,1337,1351,1394,1436,1484,1559,1633,1709,1792,5,5,5,5,5,5,5,6,7,8,8,9,9,9,9,11,11,11,13,14,14,16,16,16,16,16,16,16,17,17,18,39627
13031,Bulloch County ,GA,13,82,103,154,293,508,624,791,925,1101,1262,1395,1472,1919,2405,2643,2782,2880,2922,2959,3015,3071,3128,3162,3203,3252,3300,3362,3450,3554,3651,3801,2,3,3,4,4,6,7,10,12,14,17,19,21,22,24,25,28,28,32,33,33,33,33,34,35,35,35,35,35,36,36,79608
13033,Burke County ,GA,13,125,126,133,142,156,183,245,329,408,467,546,617,650,691,727,766,802,843,854,869,879,901,917,954,979,996,1028,1059,1102,1146,1193,6,6,6,6,7,7,7,7,7,7,7,7,8,9,9,9,10,10,11,11,12,12,12,12,12,12,13,13,14,15,16,22383
13035,Butts County ,GA,13,242,245,246,264,294,342,364,405,465,490,511,532,564,579,608,630,654,684,712,723,739,749,777,822,852,885,932,1022,1141,1213,1350,24,32,32,33,33,35,35,36,37,37,40,40,40,41,41,42,42,43,43,43,44,44,44,45,45,45,45,46,46,47,47,24936
13037,Calhoun County ,GA,13,138,146,159,162,167,167,175,181,194,203,214,225,225,227,227,233,244,250,255,261,266,268,268,268,269,273,294,308,299,309,329,5,5,5,5,6,6,6,6,6,6,6,7,7,7,7,7,8,9,9,9,9,10,10,10,11,11,11,11,11,11,11,6189
13039,Camden County ,GA,13,69,74,97,113,194,283,379,496,670,737,860,942,1013,1095,1150,1234,1290,1329,1357,1384,1408,1459,1499,1572,1670,1762,1841,1942,2034,2147,2302,1,1,1,2,2,2,3,4,4,5,7,7,7,7,7,7,9,13,16,17,18,18,18,18,18,18,18,18,18,19,19,54666
13043,Candler County ,GA,13,13,17,21,32,62,88,127,177,229,254,280,304,348,378,398,416,458,475,499,520,539,550,565,568,580,580,583,587,594,603,620,0,0,0,0,0,0,0,1,4,4,9,11,14,16,16,17,19,20,23,24,24,25,25,26,26,27,27,27,28,28,28,10803
13045,Carroll County ,GA,13,584,614,630,674,847,1050,1359,1542,1737,1881,2043,2208,2310,2434,2523,2644,2769,2874,2990,3170,3332,3428,3558,3724,3955,4116,4271,4629,4858,5118,5371,28,37,39,39,40,40,42,42,47,49,54,56,61,63,63,63,68,70,72,74,75,77,80,80,82,82,86,90,91,95,96,119992
13047,Catoosa County ,GA,13,160,229,276,303,324,359,390,452,540,637,709,794,860,939,1017,1101,1181,1237,1289,1341,1410,1493,1616,1726,1897,2054,2224,2499,2839,3089,3356,0,0,6,7,8,8,8,8,9,9,16,16,16,16,16,17,18,19,19,20,22,23,25,26,28,29,29,34,34,36,37,67580
13049,Charlton County ,GA,13,32,36,38,45,67,109,186,258,380,425,490,538,558,586,597,613,633,641,642,643,646,649,656,667,682,693,717,757,790,823,862,1,1,2,2,2,2,2,3,3,3,3,5,6,6,6,6,7,9,9,10,10,10,10,11,11,11,11,11,12,12,12,13392
13051,Chatham County ,GA,13,548,632,784,1098,1834,2552,3392,4261,4960,5703,6247,6665,7012,7388,7794,8114,8428,8652,8868,9101,9323,9547,9732,9994,10323,10612,10940,11457,11961,12472,13126,27,29,32,37,37,38,40,48,66,75,96,115,121,131,136,146,159,168,175,181,186,191,194,198,200,203,204,212,220,226,230,289430
13053,Chattahoochee County ,GA,13,173,251,315,404,429,463,495,509,660,761,810,931,1113,1436,1583,1624,1632,1683,1706,1718,1742,1804,1839,1906,1918,1974,2025,2099,2129,2142,2167,0,0,0,0,0,0,1,1,1,1,1,1,1,1,1,1,1,1,1,1,1,1,1,1,1,1,1,1,1,1,1,10907
13055,Chattooga County ,GA,13,25,35,49,56,67,81,93,144,198,266,360,422,553,636,678,723,765,812,838,874,927,976,1028,1066,1088,1126,1171,1296,1394,1473,1595,2,2,2,2,2,2,2,2,2,3,4,5,5,6,7,12,22,22,26,27,29,29,29,30,31,31,32,36,39,43,44,24789
13057,Cherokee County ,GA,13,966,1036,1108,1250,1461,1760,2110,2453,2853,3462,3981,4369,4817,5200,5513,5770,6021,6239,6471,6746,7037,7364,7701,8133,8726,9147,9739,10421,11237,12122,13384,34,38,39,43,44,48,49,52,56,63,67,72,78,81,87,91,92,93,97,100,101,102,104,109,111,113,114,115,121,125,127,258773
13059,Clarke County ,GA,13,323,347,383,486,713,939,1238,1449,1717,2047,2250,2491,2842,3750,4503,4874,5024,5198,5373,5551,5699,5865,6040,6261,6449,6657,7037,7467,7866,8215,8780,15,15,15,15,15,15,15,15,17,18,21,25,26,34,36,41,44,45,46,46,47,50,50,50,52,54,55,57,59,62,63,128331
13061,Clay County ,GA,13,47,52,56,56,56,61,65,69,80,86,103,109,111,114,118,120,121,121,122,122,124,124,124,125,125,126,127,132,138,143,150,2,2,2,2,2,2,2,2,2,2,2,2,2,2,2,2,2,3,3,3,3,3,3,3,3,3,3,3,3,3,3,2834
13063,Clayton County ,GA,13,1333,1432,1618,1884,2346,2806,3411,4002,4518,5006,5522,6042,6458,6664,6850,7015,7078,7178,7466,7842,8137,8467,8759,9094,9482,9805,10365,11280,12017,12681,13715,51,69,76,79,79,82,85,92,101,110,116,121,137,145,154,158,161,162,170,174,175,179,183,188,192,195,198,202,209,218,223,292256
13065,Clinch County ,GA,13,69,80,85,103,112,115,131,159,174,196,216,267,285,309,336,365,377,390,404,422,445,461,471,482,487,489,495,503,512,534,570,2,2,2,3,3,3,4,4,4,4,4,4,4,5,5,6,6,9,11,12,12,13,13,13,13,13,13,14,14,14,14,6618
13067,Cobb County ,GA,13,3262,3606,3938,4609,5766,7061,8370,10120,11690,13564,14893,15931,16896,17734,18495,19041,19551,20010,20545,21158,21750,22375,23090,24007,25325,26329,27949,30294,32783,35103,38473,193,216,229,240,246,253,264,287,298,319,339,369,391,404,413,421,426,429,442,447,454,459,468,482,487,493,502,513,530,545,555,760141
13069,Coffee County ,GA,13,300,345,414,532,618,931,1049,1198,1341,1462,1591,1701,1775,1861,1910,1981,2053,2096,2149,2186,2242,2305,2370,2432,2528,2617,2764,2964,3137,3321,3507,14,14,15,17,17,17,18,22,25,28,32,34,37,38,41,43,49,52,57,59,60,64,65,68,69,72,72,72,73,78,80,43273
13071,Colquitt County ,GA,13,569,665,742,910,1103,1278,1360,1419,1481,1546,1623,1676,1751,1811,1870,1871,1878,1915,1976,2070,2123,2142,2169,2194,2194,2211,2301,2384,2435,2490,2582,15,17,17,18,18,20,20,21,22,23,24,25,26,28,32,33,33,35,37,39,39,40,40,41,41,41,43,44,44,44,44,45600
13073,Columbia County ,GA,13,274,301,344,425,629,856,1205,1495,1919,2241,2635,2955,3109,3299,3461,3625,3741,3853,3982,4164,4330,4500,4618,4930,5170,5372,5681,6131,6563,6957,7475,8,8,8,9,9,12,14,18,19,23,34,40,44,47,56,57,61,61,62,64,64,66,68,69,71,72,75,81,83,84,86,156714
13075,Cook County ,GA,13,56,73,92,130,177,242,289,339,402,438,472,494,508,522,531,542,549,555,562,571,582,614,654,683,723,768,819,857,927,966,1016,1,1,1,1,2,4,4,5,6,6,9,10,11,11,12,12,13,14,14,15,16,16,16,16,16,17,19,19,20,23,23,17270
13077,Coweta County ,GA,13,467,513,551,646,777,889,1010,1184,1338,1503,1768,2014,2244,2337,2402,2505,2605,2669,2757,2851,2949,3018,3092,3185,3437,3633,3831,4165,4570,4961,5506,9,11,14,15,16,16,16,17,21,22,26,26,26,32,38,41,46,50,58,60,63,63,63,64,67,68,71,72,72,77,78,148509
13079,Crawford County ,GA,13,29,32,36,39,51,56,67,81,89,102,117,136,151,159,163,165,166,170,182,189,195,196,203,210,220,228,240,269,306,340,378,0,0,0,0,0,0,0,0,0,0,0,0,3,4,4,4,5,5,6,6,6,6,6,6,6,6,6,7,7,7,7,12404
13081,Crisp County ,GA,13,238,242,258,268,292,311,337,348,363,374,415,428,466,495,513,531,551,585,607,631,641,664,683,698,699,720,738,820,890,931,1001,8,10,11,12,12,13,13,14,14,14,15,15,15,15,17,17,17,18,19,23,23,23,24,26,26,26,26,26,27,27,28,22372
13083,Dade County ,GA,13,40,48,60,64,74,79,87,95,110,126,154,180,192,219,239,273,282,290,305,324,344,376,410,436,470,494,553,594,649,682,728,1,1,1,1,1,1,1,1,1,1,2,3,3,4,4,5,5,5,5,5,6,6,6,6,7,7,7,7,7,7,7,16116
13085,Dawson County ,GA,13,113,118,124,133,153,175,202,237,298,377,484,590,669,726,754,792,814,847,858,886,908,927,949,978,1052,1121,1210,1331,1439,1577,1740,1,3,3,3,3,3,3,3,3,3,5,6,6,6,6,6,7,8,9,10,11,11,11,11,11,11,11,11,12,14,16,26108
13087,Decatur County ,GA,13,209,224,243,249,268,313,377,505,666,793,846,918,986,1014,1064,1108,1149,1206,1235,1259,1288,1315,1340,1374,1375,1382,1420,1473,1531,1580,1647,6,7,8,8,8,8,8,8,8,11,17,19,21,22,24,27,29,29,34,34,34,35,36,40,40,41,41,41,42,43,44,26404
13089,DeKalb County ,GA,13,4035,4334,4740,5450,6919,8255,9732,11159,12476,13923,15030,15959,16498,17089,17536,18072,18647,19128,19702,20275,20977,21678,22575,23634,24993,25934,27620,29638,31668,33816,36546,125,145,165,171,173,180,188,207,225,237,264,278,298,315,339,349,362,371,380,390,395,403,408,425,429,436,449,461,468,488,495,759297
13091,Dodge County ,GA,13,53,54,67,92,113,141,167,178,189,221,253,287,323,347,368,401,426,439,459,521,593,638,666,688,706,715,727,758,789,811,871,2,2,2,2,2,2,2,2,3,3,3,5,6,8,9,11,12,12,12,14,15,19,29,29,36,37,39,40,42,44,44,20605
13093,Dooly County ,GA,13,189,189,194,200,215,220,224,231,242,252,264,277,283,296,305,325,338,346,351,359,369,379,387,396,415,424,440,470,497,519,545,12,12,12,12,12,13,14,14,14,14,14,14,14,14,14,14,14,14,14,16,18,18,18,18,18,18,18,20,20,21,22,13390
13095,Dougherty County ,GA,13,1803,1837,1849,1883,1993,2158,2305,2459,2602,2694,2826,2904,2977,3021,3067,3124,3147,3170,3216,3262,3294,3318,3344,3374,3398,3435,3502,3627,3788,3910,4086,149,150,151,154,155,156,158,162,168,170,172,174,179,180,181,182,187,188,188,190,191,191,193,196,198,199,199,200,200,203,205,87956
13097,Douglas County ,GA,13,594,657,729,878,1103,1410,1733,2057,2317,2635,2874,3029,3154,3250,3350,3440,3550,3671,3838,3945,4066,4204,4366,4504,4745,4956,5283,5699,6142,6578,7184,25,28,35,36,36,39,41,46,49,51,58,62,64,67,68,69,69,69,70,71,72,73,77,79,81,82,86,95,96,97,98,146343
13099,Early County ,GA,13,249,253,255,260,275,305,321,326,346,360,383,398,409,431,446,469,493,513,519,529,550,558,569,590,604,615,622,650,668,693,718,31,31,31,31,31,31,31,31,31,32,32,32,32,32,32,32,33,33,33,34,35,35,35,36,36,36,37,38,39,39,39,10190
13101,Echols County ,GA,13,147,160,174,183,185,197,208,215,215,222,226,230,234,238,238,239,240,242,243,243,246,246,246,249,254,259,282,295,304,311,316,0,0,0,0,0,0,0,0,2,2,2,2,2,2,2,2,2,2,2,2,2,2,2,2,2,2,2,2,2,2,2,4006
13103,Effingham County ,GA,13,78,86,99,127,200,284,400,533,631,727,823,946,1054,1173,1291,1376,1439,1506,1595,1689,1777,1863,1912,1965,2033,2092,2141,2209,2294,2375,2512,1,1,1,1,1,1,1,1,1,2,5,14,16,19,21,23,23,26,28,27,28,29,29,29,31,32,32,33,33,34,34,64296
13105,Elbert County ,GA,13,80,85,92,99,114,182,234,282,323,358,385,421,464,517,557,594,645,705,715,744,752,769,816,843,877,925,955,1013,1085,1121,1178,0,0,0,0,0,0,0,1,1,1,1,1,1,1,2,3,3,5,8,8,8,10,14,14,16,18,21,22,24,24,24,19194
13107,Emanuel County ,GA,13,31,46,65,105,146,210,259,326,426,511,591,659,758,830,915,993,1047,1102,1134,1163,1195,1216,1251,1262,1269,1278,1293,1313,1339,1386,1478,2,2,2,3,3,3,3,4,7,9,14,19,22,23,27,29,30,32,34,36,36,38,38,42,42,43,43,43,43,45,45,22646
13109,Evans County ,GA,13,6,7,16,19,30,52,93,165,220,250,313,332,360,383,401,414,428,432,443,461,480,489,492,501,514,520,527,534,562,582,599,0,0,0,0,0,0,0,1,1,1,3,4,5,5,5,6,6,6,6,6,7,7,7,7,7,8,8,8,8,8,8,10654
13111,Fannin County ,GA,13,54,67,77,94,107,129,190,235,281,334,368,414,439,499,535,597,651,709,752,780,820,838,862,906,947,989,1052,1125,1187,1242,1340,1,1,1,1,1,1,2,2,2,3,5,6,8,8,9,12,22,25,28,27,27,27,29,29,29,30,30,31,34,35,36,26188
13113,Fayette County ,GA,13,245,261,285,326,415,514,654,805,970,1120,1277,1412,1568,1628,1675,1745,1850,1922,1962,2040,2116,2193,2270,2369,2533,2674,2877,3103,3294,3590,3928,14,14,16,17,19,19,20,23,25,28,34,36,38,43,45,49,50,51,51,52,57,57,58,60,60,61,62,62,65,68,71,114421
13115,Floyd County ,GA,13,324,367,419,500,588,725,860,1047,1266,1504,1805,2015,2269,2501,2695,2975,3161,3313,3423,3610,3896,4114,4339,4591,4823,5048,5350,5742,6107,6464,6971,15,15,15,15,15,15,15,15,15,17,20,27,31,35,39,40,45,47,49,55,59,61,65,67,71,77,83,92,98,106,109,98498
13117,Forsyth County ,GA,13,549,595,655,788,949,1154,1372,1617,1926,2270,2569,2808,3079,3353,3528,3731,4007,4211,4375,4550,4687,4906,5088,5336,5787,6193,6680,7396,8098,8829,9750,12,13,14,15,15,15,16,16,20,22,27,31,33,36,40,42,45,47,48,51,52,54,55,56,60,61,65,68,74,79,81,244252
13119,Franklin County ,GA,13,132,138,158,187,217,261,292,322,365,401,456,499,537,604,657,713,752,775,804,834,919,962,1011,1046,1115,1180,1242,1332,1454,1589,1698,1,1,1,1,1,1,3,3,4,6,6,9,11,11,11,11,13,13,16,17,17,18,18,19,19,19,19,21,21,21,21,23349
13121,Fulton County ,GA,13,4845,5111,5569,6615,8675,10611,13117,15843,18079,20276,21993,23751,24801,25631,26225,26992,27529,28096,29072,29819,30838,31753,32694,33935,35786,37351,39566,42467,45576,49027,52709,252,285,301,311,315,323,339,371,398,430,474,490,515,545,555,564,575,579,591,606,618,628,636,651,656,670,683,707,718,731,740,1063937
13123,Gilmer County ,GA,13,160,169,178,181,196,249,354,426,512,620,684,716,745,771,784,794,818,859,926,979,1027,1064,1091,1126,1173,1216,1269,1369,1462,1561,1673,1,1,2,2,2,2,2,3,3,4,4,5,7,9,10,11,12,13,13,19,22,22,24,26,26,29,29,29,30,31,33,31369
13125,Glascock County ,GA,13,1,1,3,7,10,15,17,19,22,24,27,33,33,35,37,37,38,40,40,43,49,52,54,59,63,63,66,69,78,84,94,0,0,0,0,0,0,0,0,0,0,1,2,2,2,2,2,2,2,2,2,2,2,2,2,2,2,2,2,3,3,3,2971
13127,Glynn County ,GA,13,155,188,305,533,1180,1553,1834,2097,2311,2533,2750,2875,3032,3194,3321,3416,3454,3520,3561,3623,3706,3792,3869,3970,4056,4146,4227,4335,4485,4685,4891,2,2,3,4,6,9,12,20,34,47,56,64,70,82,85,94,95,96,98,101,104,104,105,108,108,111,115,118,120,123,124,85292
13129,Gordon County ,GA,13,203,253,295,353,438,531,679,827,1014,1183,1335,1439,1522,1598,1680,1783,1846,1912,1993,2154,2318,2455,2612,2768,2937,3070,3225,3465,3722,3939,4181,16,18,18,18,18,18,19,21,23,23,24,25,29,31,35,36,36,39,39,42,44,47,50,53,53,55,55,55,55,57,61,57963
13131,Grady County ,GA,13,119,137,164,185,229,250,286,357,407,480,560,626,662,695,729,752,774,807,828,843,851,871,888,895,897,917,932,961,1001,1035,1100,4,4,4,4,4,4,4,4,5,5,7,8,12,17,19,21,22,23,23,25,25,25,25,26,27,27,27,27,27,27,28,24633
13133,Greene County ,GA,13,79,86,88,97,104,117,161,203,248,308,361,396,433,467,482,492,501,516,541,555,569,584,597,606,625,643,675,720,803,887,978,7,8,9,9,9,10,10,11,11,12,13,14,16,21,21,23,23,24,24,25,25,25,25,26,26,26,26,26,26,26,26,18324
13135,Gwinnett County ,GA,13,4535,5244,6284,7688,9645,11326,13444,15315,17781,19808,21534,23096,24182,25107,25806,26618,27358,28074,28796,29689,30306,31218,32167,33509,35025,36578,38978,42301,45607,48887,53549,137,152,162,169,173,183,198,216,240,260,289,306,333,359,375,391,404,414,424,433,440,450,459,473,484,494,513,527,538,554,565,936250
13137,Habersham County ,GA,13,559,593,638,662,717,762,854,937,1037,1141,1212,1268,1327,1402,1444,1557,1639,1733,1778,1828,1869,1909,1941,2018,2169,2302,2496,2756,3079,3371,3640,25,30,34,35,36,41,41,47,48,49,52,57,62,63,63,66,67,71,72,74,76,76,76,76,77,80,82,82,82,86,89,45328
13139,Hall County ,GA,13,2617,2747,2939,3117,3406,3833,4394,4860,5523,6080,6552,7004,7605,8143,8362,8785,9247,9618,9964,10331,10595,10845,11172,11481,11908,12352,13169,14297,15625,16798,17925,50,55,58,59,60,63,66,71,79,91,105,116,125,133,137,144,152,158,162,168,173,179,184,188,190,193,199,200,206,213,222,204441
13141,Hancock County ,GA,13,199,202,206,210,220,229,242,259,282,318,338,346,356,370,375,386,391,399,405,412,413,419,422,430,454,479,520,528,544,574,646,26,30,32,32,32,33,33,34,34,35,35,39,39,39,41,41,42,43,43,44,44,44,45,45,45,46,46,46,46,46,47,8457
13143,Haralson County ,GA,13,52,57,64,68,85,107,134,169,192,213,251,289,330,365,401,438,473,518,546,598,632,673,733,779,844,884,932,1031,1120,1190,1258,4,4,4,5,5,5,6,6,6,6,7,7,7,8,8,8,8,9,9,10,10,11,15,17,18,20,20,21,23,23,23,29792
13145,Harris County ,GA,13,127,202,245,306,376,425,504,556,620,656,685,711,723,747,764,777,793,805,818,835,849,857,878,898,925,955,995,1044,1124,1210,1351,6,6,8,9,11,12,13,14,16,17,17,19,21,21,21,21,22,22,24,25,25,25,26,26,27,28,28,28,29,29,29,35236
13147,Hart County ,GA,13,39,43,50,56,84,112,152,200,266,305,350,383,408,436,465,484,507,528,542,556,573,601,623,655,692,728,794,876,983,1086,1205,0,0,0,0,0,0,0,0,2,7,8,10,10,11,11,13,13,13,14,16,16,17,19,19,20,20,20,20,20,20,21,26205
13149,Heard County ,GA,13,36,43,45,48,64,82,101,119,130,143,152,161,169,180,181,189,194,201,203,210,225,241,254,264,279,289,316,362,383,412,434,3,3,3,3,3,3,3,3,3,4,5,5,5,5,5,5,5,6,6,6,6,6,6,7,7,7,8,8,9,10,10,11923
13151,Henry County ,GA,13,761,851,956,1141,1448,1769,2163,2591,2987,3364,3735,4117,4399,4583,4734,4977,5208,5416,5649,5905,6136,6395,6652,6910,7276,7644,8187,8928,9687,10502,11574,22,29,31,33,33,34,34,38,42,47,59,66,78,88,93,98,100,104,106,110,112,114,122,125,126,130,132,136,140,145,145,234561
13153,Houston County ,GA,13,402,435,504,578,747,990,1217,1476,1785,1976,2218,2431,2616,2768,2869,3043,3139,3195,3297,3434,3571,3740,3856,3968,4154,4302,4502,4828,5271,5795,6450,19,20,20,23,24,30,33,40,49,59,62,63,67,71,74,77,82,84,86,89,94,95,97,99,104,104,104,104,105,112,114,157863
13155,Irwin County ,GA,13,34,38,46,56,76,104,109,126,156,167,178,200,220,245,268,284,295,323,339,347,356,361,370,383,398,415,429,455,497,540,570,1,1,1,1,1,1,1,1,1,1,1,2,4,4,4,4,4,5,6,6,8,8,10,11,11,11,11,11,11,11,11,9416
13157,Jackson County ,GA,13,229,260,304,354,433,520,618,779,950,1063,1188,1311,1480,1652,1735,1883,1987,2066,2149,2253,2351,2473,2617,2794,2976,3151,3454,3864,4349,4822,5328,7,7,7,10,10,12,12,13,13,16,17,21,25,27,28,30,32,34,37,40,40,42,44,46,48,51,53,54,57,61,64,72977
13159,Jasper County ,GA,13,48,56,62,66,77,89,102,109,124,162,176,187,190,194,202,210,221,225,232,241,244,249,253,264,268,283,303,330,364,388,421,1,1,1,1,1,1,1,1,1,1,2,2,3,3,3,3,3,3,3,4,4,4,4,4,4,4,5,5,5,5,6,14219
13161,Jeff Davis County ,GA,13,46,54,73,102,127,158,210,296,394,451,532,598,639,663,680,703,716,730,747,773,785,811,818,825,830,836,849,874,901,937,986,1,2,2,2,3,3,3,5,6,8,8,9,11,12,15,19,20,20,22,22,23,23,27,27,28,29,30,30,30,31,31,15115
13163,Jefferson County ,GA,13,50,54,68,93,139,204,284,372,434,497,567,618,654,708,745,767,793,815,825,831,852,857,870,906,938,952,986,1023,1069,1114,1176,1,1,1,1,1,2,5,5,6,7,11,13,16,20,21,23,28,30,31,32,32,33,35,37,38,38,38,38,38,38,38,15362
13165,Jenkins County ,GA,13,29,45,73,95,122,139,189,210,230,244,263,283,309,345,372,396,421,438,455,462,464,472,477,484,486,487,488,494,507,512,542,2,6,9,11,12,13,14,19,22,24,24,24,25,26,29,29,29,30,31,32,32,32,33,33,34,34,34,34,34,34,34,8676
13167,Johnson County ,GA,13,77,77,80,87,102,126,153,208,227,241,264,286,312,369,402,410,415,420,433,438,439,439,442,447,458,465,469,486,522,531,559,2,2,2,2,2,2,2,4,10,11,12,13,13,14,18,22,22,22,22,22,22,23,24,27,27,28,28,29,29,30,31,9643
13169,Jones County ,GA,13,49,51,51,62,103,134,184,222,261,306,348,381,449,486,509,532,553,573,600,627,642,657,676,698,725,746,778,837,898,980,1091,0,0,0,0,0,0,1,1,3,3,4,4,4,4,5,8,8,10,13,14,16,17,17,17,20,20,20,23,23,23,23,28735
13171,Lamar County ,GA,13,76,79,90,112,131,148,165,196,223,274,294,311,323,332,343,351,365,381,390,402,419,432,453,482,517,553,589,643,710,757,858,3,5,6,6,6,6,7,8,9,12,14,15,16,17,17,17,18,19,19,19,19,20,20,22,23,23,23,24,25,26,27,19077
13173,Lanier County ,GA,13,32,98,115,129,152,164,181,201,210,219,231,244,247,276,285,294,295,297,305,314,318,320,324,329,332,338,348,357,375,386,405,2,2,2,3,3,3,3,4,4,4,5,5,5,5,5,5,5,6,7,7,7,7,7,7,7,7,7,7,7,7,7,10423
13175,Laurens County ,GA,13,109,117,131,156,225,365,477,596,749,910,1128,1223,1323,1398,1491,1586,1651,1719,1840,1896,1970,2038,2107,2141,2168,2221,2303,2390,2512,2640,2799,1,1,1,1,1,1,1,2,4,8,19,34,45,50,56,62,69,75,81,86,86,89,94,103,107,107,108,112,112,113,114,47546
13177,Lee County ,GA,13,367,373,380,385,402,425,448,480,515,539,607,635,641,654,672,690,698,710,724,737,746,756,764,776,793,819,846,895,957,1023,1126,22,22,22,22,22,22,22,22,22,22,23,23,24,25,25,25,25,26,26,27,29,30,31,32,32,32,32,32,32,32,32,29992
13179,Liberty County ,GA,13,86,95,101,114,158,251,363,476,605,720,803,866,929,956,1006,1062,1108,1143,1164,1196,1233,1287,1345,1396,1433,1481,1537,1621,1687,1766,1842,1,1,1,1,1,1,2,2,2,3,7,13,17,19,20,22,22,23,24,24,25,25,26,28,28,29,29,30,30,30,30,61435
13181,Lincoln County ,GA,13,16,18,23,36,51,64,86,103,129,141,168,185,192,200,204,210,213,214,219,221,232,241,251,262,272,281,286,299,312,327,340,1,1,1,1,1,2,2,3,4,4,5,6,7,7,7,7,7,7,7,7,7,7,8,8,8,8,9,9,9,9,9,7921
13183,Long County ,GA,13,16,23,31,37,57,68,81,95,114,126,145,170,183,194,212,230,251,256,260,269,275,279,289,291,304,314,328,353,391,420,467,1,1,1,1,1,1,1,1,1,1,2,2,3,3,3,3,3,3,4,4,4,4,4,5,5,5,5,5,5,5,5,19559
13185,Lowndes County ,GA,13,456,631,931,1144,1426,1847,2211,2645,2971,3178,3256,3360,3468,3594,3711,3814,3900,3987,4128,4300,4445,4535,4657,4811,5013,5205,5431,5623,5820,5989,6198,4,4,4,9,12,18,19,25,32,44,50,56,65,72,73,76,82,84,85,85,85,87,90,93,94,94,95,97,97,99,99,117406
13187,Lumpkin County ,GA,13,102,107,118,135,145,172,204,240,301,342,417,559,701,786,806,874,908,939,967,1012,1038,1064,1088,1145,1214,1266,1345,1483,1622,1776,1941,1,1,2,3,3,4,4,5,6,6,9,10,12,12,12,14,14,14,14,14,15,15,18,19,19,19,19,19,19,20,22,33610
13189,McDuffie County ,GA,13,72,74,78,89,125,156,197,234,293,352,415,474,512,529,556,579,601,615,638,662,674,703,727,747,777,788,814,873,906,956,1015,5,5,5,6,7,8,8,9,9,10,10,12,12,13,13,13,14,14,14,15,15,16,17,19,19,20,21,21,21,22,23,21312
13191,McIntosh County ,GA,13,15,19,25,30,66,79,102,124,150,184,211,231,245,264,274,282,290,296,298,300,304,316,326,336,346,362,373,407,421,439,463,1,1,1,1,1,1,1,2,2,2,3,4,5,6,7,7,7,7,7,7,7,7,7,7,7,7,7,7,7,8,8,14378
13193,Macon County ,GA,13,106,110,112,113,119,138,150,160,174,177,189,195,204,213,223,227,233,236,239,242,248,255,263,272,285,293,308,329,338,352,396,6,8,9,9,9,9,10,10,10,10,10,10,10,10,10,10,10,10,10,10,10,10,11,13,14,14,15,15,15,15,15,12947
13195,Madison County ,GA,13,65,73,78,89,121,166,225,275,335,394,447,493,532,565,616,664,691,714,736,754,780,815,853,901,956,1011,1126,1247,1381,1512,1682,1,2,4,4,4,4,4,4,4,6,7,7,8,8,8,8,8,8,10,11,11,11,12,12,13,13,13,15,15,16,17,29880
13197,Marion County ,GA,13,59,62,74,78,87,100,111,125,143,150,162,163,169,178,178,187,190,193,194,195,196,205,208,213,214,220,221,223,240,249,265,2,2,2,2,2,3,3,4,4,5,5,5,6,6,7,8,8,9,9,9,9,9,10,10,10,10,10,10,10,10,10,8359
13199,Meriwether County ,GA,13,108,126,150,178,217,251,282,321,355,390,436,455,481,501,518,534,544,558,563,574,594,599,611,620,630,636,657,692,753,809,901,2,2,2,2,3,3,4,5,5,6,7,8,9,11,11,12,13,14,14,16,16,16,19,19,19,19,19,19,19,20,20,21167
13201,Miller County ,GA,13,42,45,45,47,52,60,72,108,129,143,164,199,212,228,233,241,260,278,295,297,308,316,332,342,345,353,358,375,392,429,464,0,0,0,0,0,0,0,0,0,0,0,0,0,1,1,1,1,1,2,2,2,2,2,2,2,2,2,2,2,2,2,5718
13205,Mitchell County ,GA,13,418,431,434,444,459,492,518,555,617,650,673,688,710,727,752,779,806,824,840,844,845,849,866,875,881,892,918,972,1033,1087,1181,34,37,38,38,38,40,41,41,41,41,41,42,44,45,45,45,45,45,45,45,45,46,46,47,47,48,49,49,49,49,49,21863
13207,Monroe County ,GA,13,123,130,136,156,203,225,300,367,423,460,501,538,591,610,627,659,686,706,728,743,753,774,803,826,876,910,953,1031,1110,1209,1321,11,14,15,16,18,19,20,22,23,25,30,33,41,43,44,48,51,52,53,53,53,55,55,59,59,59,59,59,59,60,61,27578
13209,Montgomery County ,GA,13,13,21,26,31,33,54,78,105,129,153,178,201,213,242,261,292,304,323,343,356,370,370,371,380,385,392,401,417,444,508,565,0,0,0,0,0,0,0,0,1,2,2,3,3,4,5,5,5,5,7,9,9,9,9,9,9,9,9,9,9,9,9,9172
13211,Morgan County ,GA,13,39,40,45,49,66,80,107,155,219,274,320,381,414,436,451,470,481,489,504,515,524,540,552,559,571,585,605,642,704,753,818,0,0,0,0,0,0,0,0,0,0,1,2,2,2,2,2,2,3,4,5,6,6,6,6,7,7,7,7,7,8,8,19276
13213,Murray County ,GA,13,109,144,167,196,256,294,382,465,535,604,655,683,708,731,758,795,826,853,892,954,1023,1105,1218,1366,1603,1764,1933,2113,2302,2498,2767,1,1,1,2,2,2,2,2,2,2,3,3,3,4,5,5,6,6,7,8,9,10,11,14,20,23,23,31,38,40,40,40096
13215,Muscogee County ,GA,13,796,1018,1186,1528,2139,2776,3382,3840,4307,4748,5066,5286,5440,5615,5732,5864,6009,6100,6191,6260,6339,6419,6530,6632,6767,6923,7160,7596,8010,8499,9218,21,26,34,43,52,56,64,75,82,96,109,120,134,151,159,163,169,171,173,173,174,175,178,184,185,188,191,195,196,202,202,195769
13217,Newton County ,GA,13,394,419,486,571,716,914,1177,1368,1596,1787,2012,2159,2295,2380,2439,2529,2581,2639,2694,2783,2842,2925,3031,3113,3256,3393,3571,3907,4212,4459,4848,10,11,11,11,12,15,19,24,35,40,49,58,60,65,76,80,88,91,91,94,95,96,99,101,105,105,107,108,111,119,120,111744
13219,Oconee County ,GA,13,124,128,134,146,184,236,289,340,394,437,472,511,551,618,664,708,739,771,798,828,861,877,910,943,976,1033,1113,1207,1367,1560,1835,9,9,10,10,10,13,14,15,15,15,16,20,20,20,24,26,26,26,27,27,30,31,32,33,35,35,35,35,35,39,41,40280
13221,Oglethorpe County ,GA,13,66,74,81,88,98,106,137,162,187,214,252,264,280,290,297,317,330,346,375,391,413,432,446,454,475,500,528,571,633,695,794,7,7,7,7,7,7,7,7,7,7,7,8,9,11,11,11,11,11,11,11,12,13,13,13,13,13,13,13,13,13,13,15259
13223,Paulding County ,GA,13,353,407,470,563,683,858,1043,1222,1430,1678,1886,2063,2262,2438,2588,2716,2776,2860,2933,3022,3113,3251,3396,3548,3826,4018,4330,4725,5187,5625,6285,12,13,13,15,16,16,16,18,19,22,26,30,34,42,44,49,53,58,59,60,60,61,68,70,73,76,83,87,93,100,104,168667
13225,Peach County ,GA,13,78,89,93,98,120,148,195,250,326,385,451,502,564,586,616,658,670,684,704,734,766,805,831,861,902,942,984,1030,1080,1150,1255,5,8,9,9,9,9,9,10,12,14,15,15,16,18,19,21,24,24,24,24,26,26,26,27,27,28,28,29,29,29,32,27546
13227,Pickens County ,GA,13,52,66,80,89,101,118,166,218,290,380,444,476,517,538,571,602,618,632,656,693,759,820,865,936,973,1027,1106,1213,1328,1423,1592,4,4,5,5,5,5,5,5,5,5,6,6,6,8,8,9,9,9,9,9,10,10,12,13,13,13,14,14,14,15,16,32591
13229,Pierce County ,GA,13,118,129,139,161,199,256,312,353,378,400,442,492,518,538,563,591,606,621,632,647,674,688,712,721,730,740,753,775,809,862,919,4,4,4,4,5,5,5,5,6,8,9,10,12,14,15,17,20,22,23,24,24,24,25,26,26,26,26,27,27,27,27,19465
13231,Pike County ,GA,13,62,70,81,88,103,115,140,164,192,215,241,263,276,288,297,314,326,348,363,374,385,395,406,420,447,465,489,520,571,603,674,3,3,3,3,3,3,3,3,4,4,6,8,8,8,8,9,10,10,11,11,11,11,12,12,12,12,12,12,12,14,14,18962
13233,Polk County ,GA,13,141,164,182,205,234,325,415,521,675,802,958,1072,1212,1278,1337,1400,1476,1516,1555,1619,1698,1751,1805,1881,1945,2009,2060,2167,2277,2439,2667,1,1,1,1,1,1,2,5,9,11,11,12,15,17,17,17,17,18,21,25,27,28,29,30,32,33,34,37,40,42,44,42613
13235,Pulaski County ,GA,13,43,46,46,49,54,60,70,74,86,115,139,162,210,262,295,310,312,318,320,325,335,340,347,358,368,381,391,401,419,429,446,2,2,2,2,2,2,2,2,2,2,3,4,7,10,11,13,22,22,22,23,23,23,23,24,24,24,25,25,25,25,25,11137
13237,Putnam County ,GA,13,100,109,120,137,181,221,272,307,381,428,476,567,610,640,657,675,688,715,747,771,788,821,851,869,884,903,934,989,1054,1122,1198,9,11,11,12,12,12,13,17,17,18,18,18,20,21,23,23,24,24,27,27,27,27,28,28,30,30,30,30,31,31,31,22119
13239,Quitman County ,GA,13,14,14,15,15,18,22,24,25,29,29,31,31,31,31,31,32,32,34,38,38,38,41,42,43,44,44,45,46,48,49,51,1,1,1,1,1,1,1,1,1,1,1,1,1,1,1,1,1,1,1,1,1,1,1,1,1,1,1,1,1,1,1,2299
13241,Rabun County ,GA,13,26,31,35,41,57,81,118,154,191,215,234,254,278,297,308,320,340,378,397,412,425,437,454,499,545,578,651,771,877,977,1070,1,2,3,3,3,3,3,3,3,3,3,4,5,7,7,7,9,10,11,11,11,11,11,11,11,11,12,14,15,17,17,17137
13243,Randolph County ,GA,13,183,190,194,197,201,212,223,235,259,271,287,303,310,320,327,331,331,331,336,338,339,340,341,344,344,346,347,347,349,356,363,19,21,23,25,25,25,25,26,26,26,26,27,27,27,27,28,29,29,29,29,29,30,30,30,30,30,30,30,30,30,30,6778
13245,Richmond County ,GA,13,628,680,747,862,1279,1613,2208,2815,3719,4355,5064,5641,5965,6245,6570,6867,7101,7270,7490,7708,7893,8160,8386,8783,9166,9484,10023,10878,11611,12202,13063,30,36,42,48,54,60,63,74,83,90,97,114,125,138,148,153,162,167,172,174,181,185,189,191,192,196,200,203,213,218,219,202518
13247,Rockdale County ,GA,13,313,343,377,436,552,700,865,982,1169,1318,1471,1590,1638,1709,1751,1811,1852,1896,1946,2025,2108,2175,2267,2339,2456,2571,2745,3013,3248,3454,3781,8,9,9,10,10,11,11,12,16,17,26,28,32,32,32,35,36,37,40,40,40,41,42,46,50,54,56,58,63,69,70,90896
13249,Schley County ,GA,13,18,18,22,24,26,29,31,44,51,66,79,90,94,97,102,104,105,106,107,108,109,109,115,118,120,124,134,140,148,153,160,1,1,1,1,1,1,1,1,1,1,1,2,2,2,2,2,2,2,2,2,2,2,2,2,2,2,2,2,2,2,2,5257
13251,Screven County ,GA,13,57,63,75,89,98,109,135,151,173,198,228,251,281,313,345,380,414,424,433,444,450,454,458,463,467,469,472,486,501,516,558,3,4,4,6,7,7,8,9,9,9,9,9,9,9,9,9,10,11,11,11,11,11,11,11,11,11,11,11,11,11,11,13966
13253,Seminole County ,GA,13,46,48,48,50,51,55,71,91,145,196,242,259,282,309,325,344,356,367,374,380,392,396,409,447,463,476,493,508,538,553,576,2,2,2,2,2,2,2,2,2,4,5,8,8,8,8,9,9,9,10,11,11,11,11,12,12,12,12,12,12,12,12,8090
13255,Spalding County ,GA,13,295,316,342,383,467,565,652,750,861,937,1036,1111,1163,1217,1249,1279,1333,1364,1415,1477,1574,1631,1700,1756,1833,1923,2007,2152,2333,2491,2643,21,24,31,32,32,33,33,36,39,41,43,45,50,54,54,56,61,61,62,62,62,63,66,68,70,73,77,80,81,86,86,66703
13257,Stephens County ,GA,13,144,152,165,212,262,321,402,476,556,621,696,754,820,896,922,1000,1055,1123,1193,1239,1263,1293,1321,1372,1433,1510,1629,1774,1950,2085,2236,3,4,5,6,6,6,6,6,10,12,17,19,26,28,31,33,38,38,41,41,41,42,43,45,45,45,45,47,48,48,48,25925
13259,Stewart County ,GA,13,57,62,78,112,184,214,233,237,248,255,275,315,354,377,410,462,521,521,523,526,535,568,568,568,572,574,582,589,600,603,613,1,1,1,3,3,3,4,5,5,7,10,10,11,11,13,13,14,15,16,16,16,16,17,17,17,17,17,17,17,17,17,6621
13261,Sumter County ,GA,13,495,508,532,550,574,610,665,693,729,762,783,820,852,884,903,919,930,941,946,955,959,967,976,984,1001,1033,1069,1145,1211,1280,1353,45,49,49,50,50,50,52,55,56,56,56,57,59,60,60,60,62,63,64,68,68,68,68,69,69,69,69,69,70,70,71,29524
13263,Talbot County ,GA,13,41,47,59,69,82,93,106,119,126,138,147,152,154,155,156,158,166,166,167,168,174,180,190,194,198,201,208,217,225,235,252,2,2,2,2,3,3,3,3,3,3,5,5,5,5,5,5,6,6,6,7,8,8,8,8,8,8,8,8,9,9,9,6195
13265,Taliaferro County ,GA,13,1,2,2,2,2,2,2,7,12,13,17,18,19,19,19,21,22,23,24,25,27,31,31,32,33,37,39,41,45,45,52,0,0,0,0,0,0,0,0,0,0,0,0,0,0,0,0,0,0,0,0,0,0,0,0,0,0,0,0,0,0,0,1537
13267,Tattnall County ,GA,13,30,50,84,128,158,194,263,326,416,502,597,643,671,712,744,788,832,850,871,901,921,955,971,984,999,1017,1048,1103,1158,1226,1323,0,0,0,0,0,0,0,1,1,1,2,5,7,8,9,9,12,11,11,13,13,16,18,19,19,19,21,21,22,22,22,25286
13269,Taylor County ,GA,13,23,26,26,27,37,36,52,59,70,87,105,116,156,164,178,204,210,216,221,225,229,237,245,252,264,276,289,301,321,333,366,2,2,2,2,2,2,2,2,2,2,3,4,7,7,8,9,10,11,12,12,12,12,13,13,13,13,13,13,13,13,13,8020
13271,Telfair County ,GA,13,38,54,64,109,126,178,201,234,253,278,309,329,347,359,372,379,384,396,405,428,495,495,506,512,517,518,523,539,561,569,589,1,1,2,3,3,3,3,4,7,9,12,12,13,14,16,17,18,20,22,23,24,24,24,25,25,25,26,30,31,32,33,15860
13273,Terrell County ,GA,13,217,217,218,225,232,249,260,275,292,301,307,309,318,322,325,326,329,331,335,338,340,341,346,346,348,351,365,396,421,441,452,26,26,27,27,27,28,29,29,30,30,30,30,31,31,31,31,32,32,32,32,32,32,32,32,32,32,32,33,33,34,34,8531
13275,Thomas County ,GA,13,354,362,371,417,497,592,692,847,997,1123,1248,1330,1396,1418,1430,1468,1492,1510,1540,1571,1595,1625,1649,1685,1703,1742,1811,1934,2108,2240,2435,32,32,32,32,32,32,33,38,39,42,44,46,49,58,58,58,63,66,67,69,69,71,73,74,77,77,78,78,78,78,80,44451
13277,Tift County ,GA,13,318,411,538,696,832,983,1108,1153,1246,1333,1399,1445,1499,1577,1634,1693,1774,1823,1867,1905,1949,1984,2016,2070,2165,2298,2447,2591,2705,2824,2943,19,22,25,25,26,28,29,34,35,36,45,47,49,51,53,56,57,57,59,61,63,65,66,67,67,67,68,69,70,70,71,40644
13279,Toombs County ,GA,13,67,106,149,232,274,325,402,506,632,755,871,975,1056,1152,1219,1277,1327,1360,1410,1445,1473,1523,1545,1567,1616,1641,1685,1756,1872,2024,2187,4,4,5,5,5,5,6,6,6,8,9,10,17,29,37,43,49,51,54,56,56,57,59,59,60,60,61,61,61,61,61,26830
13281,Towns County ,GA,13,30,35,36,38,50,70,84,100,115,143,158,184,204,225,254,297,331,351,382,402,431,455,482,507,524,551,583,625,667,704,755,1,1,1,1,1,1,1,1,1,1,2,5,6,6,7,8,9,10,10,12,13,13,15,16,18,21,22,23,24,25,26,12037
13283,Treutlen County ,GA,13,14,17,19,23,30,46,57,77,99,124,143,178,204,226,239,244,258,263,277,290,302,310,317,323,328,331,334,340,361,388,420,0,0,1,1,1,1,2,2,3,3,3,3,4,5,6,8,8,11,11,11,11,12,12,13,13,13,14,14,14,14,14,6901
13285,Troup County ,GA,13,440,781,1011,1335,1608,1750,1866,2085,2169,2290,2413,2503,2588,2652,2697,2754,2802,2850,2905,2966,3041,3069,3114,3178,3245,3296,3388,3539,3730,3923,4133,11,22,26,31,35,38,43,52,63,69,77,79,84,90,93,93,96,101,103,104,106,109,113,115,116,116,119,119,121,121,122,69922
13287,Turner County ,GA,13,140,152,168,176,181,189,214,206,225,246,262,273,277,283,287,293,304,317,324,330,334,339,351,356,363,374,385,404,439,450,476,13,14,16,16,16,18,18,18,18,18,18,19,19,21,22,22,22,24,24,24,24,24,24,24,24,24,24,24,24,24,24,7985
13289,Twiggs County ,GA,13,18,21,23,23,30,40,55,67,93,118,135,157,165,170,178,184,192,199,205,210,216,224,230,234,244,249,263,280,308,335,385,1,1,1,1,1,1,1,2,3,3,4,6,7,7,7,7,7,9,9,9,10,10,11,12,14,14,15,15,15,15,15,8120
13291,Union County ,GA,13,49,53,56,68,78,109,136,174,218,263,331,403,474,519,599,666,756,803,839,857,882,912,950,979,1030,1065,1122,1193,1261,1331,1451,1,2,3,3,3,4,4,6,6,7,7,7,10,14,17,17,20,21,22,25,25,26,29,31,33,35,37,38,40,41,41,24511
13293,Upson County ,GA,13,290,295,322,348,378,390,416,448,484,535,626,634,659,687,716,751,789,807,819,826,833,843,854,879,907,940,961,986,1048,1120,1272,35,40,43,43,43,45,45,45,46,46,49,53,55,58,59,59,62,63,67,69,70,70,70,71,71,71,71,71,72,72,72,26320
13295,Walker County ,GA,13,196,222,285,315,344,376,410,462,553,705,814,908,1025,1137,1297,1465,1531,1618,1672,1767,1855,1952,2089,2227,2427,2581,2728,3044,3348,3600,3899,0,2,5,11,12,12,14,14,16,16,17,19,21,25,26,29,35,38,40,43,43,46,46,49,49,50,51,53,53,54,55,69761
13297,Walton County ,GA,13,301,327,345,383,469,542,645,754,955,1113,1268,1366,1458,1589,1677,1739,1813,1867,1962,2045,2323,2394,2457,2562,2694,2865,3101,3462,3807,4261,4902,15,22,25,28,28,29,32,32,34,39,42,43,47,48,51,52,54,57,63,65,68,70,71,75,75,77,78,81,84,84,88,94593
13299,Ware County ,GA,13,250,276,328,395,510,659,844,997,1077,1144,1229,1296,1333,1376,1414,1463,1492,1522,1581,1709,1729,1765,1794,1835,1887,1910,1922,1973,2025,2122,2257,14,14,15,15,16,16,17,19,23,29,34,41,44,47,49,53,59,61,61,62,63,65,67,69,70,71,72,72,72,72,75,35734
13301,Warren County ,GA,13,18,19,19,19,27,31,44,45,55,77,92,110,117,123,125,135,150,158,161,163,164,170,171,176,184,187,192,201,207,215,224,0,0,0,0,0,0,0,0,0,1,1,3,5,5,5,5,5,5,5,5,5,6,6,6,6,6,6,6,6,6,7,5254
13303,Washington County ,GA,13,75,75,80,91,136,187,226,332,421,475,536,586,609,627,637,654,671,689,710,725,758,792,866,919,949,980,1007,1054,1090,1128,1204,1,1,1,1,1,1,1,1,2,2,3,3,4,6,7,8,8,8,10,11,13,13,14,16,18,20,20,24,24,26,27,20374
13305,Wayne County ,GA,13,25,39,48,57,104,160,336,506,622,773,871,919,954,1014,1056,1089,1128,1156,1182,1200,1225,1268,1296,1334,1394,1463,1513,1574,1654,1747,1871,0,0,0,0,0,0,0,2,4,8,13,19,25,26,27,27,29,29,29,30,33,33,36,41,43,45,45,45,45,45,45,29927
13307,Webster County ,GA,13,14,14,17,21,24,31,35,36,36,38,38,38,38,40,42,43,43,43,43,43,44,44,44,45,46,46,46,46,55,61,66,1,1,1,1,2,2,2,2,2,2,2,2,2,2,2,2,2,2,2,2,2,2,2,2,2,2,2,2,2,2,2,2607
13309,Wheeler County ,GA,13,14,27,35,46,55,57,76,80,83,91,106,136,147,154,308,322,332,347,352,352,367,369,369,369,369,369,370,374,378,383,402,0,0,0,0,0,0,0,1,1,1,1,3,5,8,11,11,11,11,13,16,16,16,16,16,16,18,18,18,18,18,18,7855
13311,White County ,GA,13,113,124,129,139,151,174,213,253,301,353,394,441,511,592,659,723,832,892,957,982,997,1022,1055,1102,1220,1294,1399,1571,1740,1910,2098,3,3,4,4,4,5,5,5,5,5,6,9,13,15,17,17,19,19,22,22,23,24,26,26,27,27,28,28,30,34,34,30798
13313,Whitfield County ,GA,13,499,602,781,1013,1333,1802,2246,2643,3204,3527,3720,3841,3971,4146,4292,4451,4562,4722,4877,5096,5357,5701,6122,6668,7211,7626,8243,9043,9823,10474,11118,7,10,10,10,13,15,22,22,27,30,38,46,51,55,59,60,60,61,62,63,64,64,67,71,77,83,88,98,108,112,122,104628
13315,Wilcox County ,GA,13,116,118,121,126,131,135,146,150,166,181,198,210,222,228,233,245,247,249,249,251,255,259,262,266,279,288,303,320,333,365,380,13,14,15,15,15,15,15,18,18,19,19,20,20,20,20,20,20,23,25,25,25,25,25,25,25,25,25,25,25,25,25,8635
13317,Wilkes County ,GA,13,34,37,45,53,76,109,144,163,177,193,201,213,222,232,249,260,266,268,271,279,294,317,330,344,358,367,385,401,421,450,465,1,1,1,1,1,1,3,3,3,3,3,3,3,3,3,4,5,5,6,6,6,7,7,7,7,7,8,8,8,8,8,9777
13319,Wilkinson County ,GA,13,71,73,73,75,82,111,133,156,182,215,238,261,289,298,311,331,336,346,354,359,366,374,383,396,405,413,431,451,480,508,549,7,7,7,8,8,9,9,10,10,11,12,13,17,17,17,17,17,17,17,17,17,17,17,18,18,18,18,18,18,18,18,8954
13321,Worth County ,GA,13,238,258,285,303,329,355,374,398,424,447,471,483,497,514,513,522,530,547,570,586,604,612,614,620,620,645,668,718,776,837,904,21,21,21,22,22,22,22,23,23,23,23,24,28,29,29,29,30,30,31,32,32,35,35,35,35,35,35,36,37,37,37,20247
32001,Churchill County ,NV,32,10,10,10,10,18,27,33,43,47,69,82,82,84,113,113,137,148,154,173,188,203,245,390,517,643,832,989,1134,1231,1326,1426,1,1,1,1,1,1,1,1,1,1,1,1,1,1,1,3,3,3,4,4,4,4,4,4,8,12,22,29,30,35,39,24909
32003,Clark County ,NV,32,7483,8735,10486,13910,18442,23048,30432,36593,43147,48466,52867,56464,59153,61237,62650,64160,66262,68851,71633,74950,78897,82362,88673,95517,103499,115190,127819,141231,152291,163484,175591,359,378,398,410,439,483,527,601,688,807,910,1027,1125,1205,1259,1328,1379,1409,1439,1469,1492,1515,1571,1618,1690,1763,1852,1999,2140,2260,2413,2266715
32005,Douglas County ,NV,32,38,42,49,64,73,86,101,134,174,203,216,226,244,260,269,292,300,321,345,374,396,420,455,477,523,959,1152,1561,1708,1857,2037,0,0,0,0,0,0,0,0,0,0,1,1,1,1,1,1,1,1,1,1,1,1,2,2,2,3,6,10,12,15,18,48905
32007,Elko County ,NV,32,27,34,56,111,144,244,325,411,482,544,640,728,792,860,879,904,952,1005,1075,1192,1344,1497,1772,2016,2279,2769,3193,3434,3608,3774,3912,1,1,1,1,1,1,1,2,2,2,3,3,4,5,7,9,10,10,11,11,13,14,15,15,16,17,22,29,32,32,34,52778
32009,Esmeralda County ,NV,32,0,0,0,0,0,0,0,0,0,0,0,0,0,0,0,0,0,0,0,0,0,0,0,3,5,9,13,27,29,30,32,0,0,0,0,0,0,0,0,0,0,0,0,0,0,0,0,0,0,0,0,0,0,0,0,0,0,0,0,0,0,0,873
32011,Eureka County ,NV,32,0,0,0,1,1,1,2,2,2,3,5,5,5,9,10,10,10,10,10,10,11,13,18,21,21,21,25,28,28,29,36,0,0,0,0,0,0,0,0,0,0,0,0,0,0,0,0,0,0,0,0,0,0,0,0,0,0,0,0,0,0,0,2029
32013,Humboldt County ,NV,32,78,78,79,82,84,85,85,85,96,104,104,106,111,115,117,118,126,130,143,150,167,178,194,214,263,326,516,516,706,754,831,4,4,4,4,4,4,4,4,4,4,4,4,4,4,4,4,4,4,4,4,4,4,4,4,4,5,6,7,7,10,11,16831
32015,Lander County ,NV,32,22,22,26,35,38,43,47,49,50,51,52,54,59,65,67,70,71,77,89,90,102,110,122,139,160,204,260,321,357,381,391,0,0,0,0,0,0,0,1,1,1,1,1,1,1,1,1,1,1,1,2,4,4,4,4,4,4,4,4,6,6,7,5532
32017,Lincoln County ,NV,32,2,2,2,2,2,2,3,3,4,5,5,6,6,6,6,7,7,7,14,34,44,49,50,113,162,188,243,252,253,260,277,0,0,0,0,0,0,0,0,0,0,0,0,0,0,0,0,0,0,0,0,0,0,1,1,1,1,1,1,1,1,1,5183
32019,Lyon County ,NV,32,82,91,98,110,127,142,154,176,204,224,269,296,324,360,374,407,435,448,513,546,586,622,669,716,751,1237,1456,1762,1904,2029,2220,1,2,2,2,2,2,2,3,5,6,6,6,6,6,6,7,7,7,8,10,12,13,14,14,16,16,21,26,31,40,44,57510
32021,Mineral County ,NV,32,4,4,4,4,5,6,10,11,11,11,11,12,12,12,13,13,13,14,14,14,18,18,21,32,65,108,136,159,177,186,200,0,0,0,0,0,0,0,0,0,0,0,0,0,0,0,0,0,0,0,0,0,0,1,1,1,3,4,4,4,4,4,4505
32023,Nye County ,NV,32,66,72,76,94,125,186,236,298,318,408,439,457,467,481,490,495,505,522,537,573,649,713,877,1032,1126,1323,1478,1658,1822,1915,2001,2,2,3,3,3,3,4,7,9,9,12,14,14,14,14,15,15,15,16,16,16,16,18,19,24,26,31,33,37,40,46,46523
32027,Pershing County ,NV,32,3,5,5,6,9,12,13,13,13,14,14,17,20,20,21,21,21,22,22,22,24,24,27,39,46,92,106,300,318,340,832,0,0,0,0,0,0,0,0,0,0,0,0,0,0,0,0,0,0,0,0,0,0,0,0,0,0,0,1,1,7,10,6725
32029,Storey County ,NV,32,1,1,1,2,2,2,2,3,4,4,6,6,6,8,9,9,10,11,16,20,22,24,25,25,33,52,59,64,65,65,66,0,0,0,0,0,0,0,0,0,0,0,0,0,0,0,0,0,0,0,0,0,0,0,0,0,0,2,2,2,2,2,4123
32031,Washoe County ,NV,32,1719,1977,2179,2573,3165,3574,4054,4724,5293,5756,6191,6712,7174,7581,7981,8585,9268,9890,10518,11444,12402,13578,15594,18065,20358,24463,27533,30310,32552,34731,36297,65,70,73,74,79,93,101,107,114,118,125,131,137,143,147,153,156,164,168,185,193,197,206,215,232,270,314,357,404,447,493,471519
32033,White Pine County ,NV,32,3,3,3,3,6,7,10,11,14,15,16,24,25,32,46,52,61,71,81,93,118,122,157,206,224,309,309,311,324,351,384,0,0,0,0,0,0,1,1,1,1,1,1,1,1,1,1,1,1,1,1,1,1,1,1,1,1,3,3,3,3,3,9580
32510,Consolidated Municipality of Carson City,NV,32,109,118,127,149,177,213,251,275,313,352,388,405,408,408,408,494,494,494,494,626,626,726,726,726,726,726,726,726,726,726,726,5,5,5,5,5,6,6,7,7,8,8,8,8,8,8,8,8,8,8,8,8,8,8,8,8,8,8,8,8,8,8,55916
34001,Atlantic County ,NJ,34,2364,2490,2702,2839,2936,3015,3116,3245,3393,3463,3585,3673,3739,3798,3887,3965,4084,4223,4463,4705,4997,5341,5846,6555,7257,7939,8802,9654,10657,11688,15596,167,180,188,211,221,232,237,240,251,251,251,251,251,252,253,256,256,256,261,264,264,266,270,273,278,290,306,316,333,360,372,263670
34003,Bergen County ,NJ,34,18512,18818,19010,19354,19625,19871,19980,20226,20521,20794,21195,21326,21557,21788,21966,22168,22406,22734,23173,23738,24527,25526,26924,29223,31851,34583,37893,40483,43119,45585,52966,1618,1662,1696,1983,2004,2028,2030,2030,2030,2030,2030,2030,2032,2038,2042,2044,2045,2046,2050,2050,2058,2063,2071,2083,2101,2122,2165,2202,2246,2280,2335,932202
34005,Burlington County ,NJ,34,4785,4876,5023,5136,5262,5375,5442,5594,5831,6007,6145,6274,6382,6559,6716,6930,7127,7306,7545,7825,8201,8721,9355,10527,11996,13636,15305,16874,18466,20147,23960,327,363,371,419,433,447,459,469,470,473,477,481,481,483,488,490,496,502,503,506,511,516,520,526,532,543,551,567,590,606,630,445349
34007,Camden County ,NJ,34,6799,7018,7135,7284,7479,7692,7829,8087,8357,8562,8793,8961,9142,9311,9476,9707,9888,10124,10470,10835,11280,11988,13020,14863,16862,18956,21578,23633,25781,27618,32006,369,407,416,483,521,546,559,566,575,579,582,584,590,593,597,605,609,612,615,618,627,636,640,649,664,675,698,733,757,782,833,506471
34009,Cape May County ,NJ,34,646,671,688,712,716,732,754,788,810,832,847,878,898,933,963,997,1023,1046,1056,1075,1094,1151,1218,1349,1524,1655,1798,1970,2134,2289,4670,51,59,62,68,74,77,82,86,87,87,89,91,94,94,94,95,96,97,98,99,100,100,102,105,106,111,117,123,127,132,137,92039
34011,Cumberland County ,NJ,34,2564,2666,2847,2942,3017,3051,3076,3127,3240,3338,3427,3501,3560,3619,3688,3735,3784,3813,3863,3898,3965,4068,4210,4455,4733,5075,5571,6218,6868,7459,9519,90,107,124,141,149,149,154,154,155,155,155,155,155,156,157,157,159,160,160,161,162,162,163,170,170,174,183,193,202,214,231,149527
34013,Essex County ,NJ,34,18077,18364,18551,18716,18887,19008,19105,19310,19526,19728,19927,20112,20301,20505,20657,20833,21054,21330,21760,22479,23771,25292,27226,30216,32778,35041,38252,41089,43793,45891,52140,1707,1745,1760,2021,2040,2070,2089,2100,2102,2110,2110,2110,2113,2120,2122,2125,2128,2128,2129,2134,2140,2144,2153,2172,2202,2228,2259,2295,2331,2365,2403,798975
34015,Gloucester County ,NJ,34,2328,2414,2467,2557,2645,2758,2824,2969,3097,3248,3413,3557,3668,3809,4058,4313,4511,4787,4972,5179,5403,5679,6163,7068,8066,8932,10271,11472,12516,13531,16380,152,157,171,181,188,193,197,203,209,212,215,219,219,223,224,224,227,230,233,235,242,249,251,255,266,281,303,322,347,359,398,291636
34017,Hudson County ,NJ,34,18565,18744,18744,18834,18976,19121,19248,19363,19511,19671,19892,20042,20131,20261,20371,20482,20643,20897,21183,21731,22573,23633,24980,26894,29116,31432,34393,37187,39769,42444,48633,1218,1254,1262,1449,1455,1482,1491,1499,1501,1504,1506,1506,1507,1511,1512,1513,1515,1518,1519,1523,1527,1530,1538,1544,1557,1572,1607,1631,1660,1679,1713,672391
34019,Hunterdon County ,NJ,34,1023,1039,1054,1074,1088,1094,1100,1120,1137,1149,1161,1192,1212,1229,1256,1286,1321,1388,1451,1487,1533,1626,1776,1981,2236,2469,2742,3040,3338,3596,4246,64,66,67,123,124,124,124,124,124,124,124,124,124,125,125,125,125,125,126,126,126,127,127,127,130,131,132,133,134,136,139,124371
34021,Mercer County ,NJ,34,7166,7351,7541,7626,7740,7789,7825,7917,8042,8119,8190,8264,8326,8406,8491,8567,8637,8721,8820,8956,9146,9438,9960,11060,12450,13724,14936,16134,17349,18228,20131,501,517,524,577,589,600,608,611,616,619,622,624,627,632,634,634,635,636,636,637,640,640,642,647,651,660,669,685,700,709,725,367430
34023,Middlesex County ,NJ,34,16198,16430,16605,16764,16913,17035,17158,17535,17713,17919,18099,18275,18432,18586,18842,19089,19444,19904,20361,20930,21668,22676,23917,25744,27987,30273,33475,36739,40232,43137,49161,1040,1076,1101,1318,1331,1375,1392,1400,1400,1403,1415,1416,1417,1419,1422,1425,1425,1430,1433,1437,1444,1449,1455,1464,1476,1487,1511,1546,1593,1632,1688,825062
34025,Monmouth County ,NJ,34,8478,8740,8942,9108,9308,9482,9659,9857,10117,10302,10474,10589,10710,10926,11190,11500,11827,12224,12811,13311,13747,14415,15249,16689,18624,20447,22837,25288,27954,30361,35920,640,672,695,805,821,834,848,854,856,856,856,856,858,859,863,865,867,867,867,868,870,873,874,879,888,900,919,939,964,1009,1056,618795
34027,Morris County ,NJ,34,6556,6581,6685,6730,6809,6902,6958,7065,7156,7248,7341,7411,7474,7569,7628,7742,7860,7986,8154,8430,8859,9357,10146,11195,12252,13515,14982,16692,18119,19518,24129,625,636,641,795,806,818,825,827,827,829,829,829,829,829,830,830,830,830,832,832,834,839,842,850,854,859,871,898,929,945,965,491845
34029,Ocean County ,NJ,34,9022,9244,9425,9570,9706,9820,9947,10206,10459,10596,10752,10926,11145,11462,11743,12241,13158,14244,15170,15952,16477,16990,17566,18635,20087,21748,23969,26145,28637,30974,37142,774,817,847,944,972,997,1008,1010,1016,1018,1020,1020,1020,1030,1036,1042,1048,1050,1052,1054,1063,1070,1077,1087,1098,1125,1156,1210,1254,1310,1382,607186
34031,Passaic County ,NJ,34,16449,16627,16769,16867,16954,17064,17162,17312,17493,17642,17950,18173,18327,18499,18661,18822,19004,19237,19605,19976,20444,21282,22551,24876,27065,29849,32776,35368,37488,39199,43588,972,999,1014,1181,1194,1219,1238,1239,1239,1240,1244,1244,1245,1248,1249,1251,1254,1255,1255,1258,1261,1262,1268,1279,1299,1313,1338,1372,1392,1426,1462,501826
34033,Salem County ,NJ,34,675,706,750,756,802,815,831,856,871,894,930,954,980,994,1014,1044,1064,1090,1113,1138,1160,1193,1237,1352,1476,1619,1839,2163,2387,2581,3190,53,57,64,75,77,78,80,81,83,87,87,88,88,88,88,88,88,88,88,88,88,89,90,90,91,92,99,102,104,107,112,62385
34035,Somerset County ,NJ,34,4662,4759,4813,4857,4937,5014,5065,5131,5190,5245,5307,5346,5400,5462,5558,5691,5798,5907,6018,6142,6329,6575,6948,7648,8333,9032,9829,10671,11494,12208,15604,426,437,438,527,530,550,550,553,555,561,564,564,566,566,568,569,573,577,584,589,592,595,599,604,607,609,613,628,643,658,668,328934
34037,Sussex County ,NJ,34,1140,1154,1176,1189,1209,1229,1246,1277,1307,1330,1351,1362,1394,1412,1425,1452,1497,1538,1579,1616,1677,1761,1888,2080,2315,2549,2950,3349,3747,4211,5258,149,149,152,191,193,194,195,195,195,197,197,197,197,197,197,197,197,197,197,197,197,197,198,198,198,199,200,203,206,212,215,140488
34039,Union County ,NJ,34,16186,16291,16297,16297,16297,16297,16297,16359,16575,16695,16869,16978,17077,17212,17315,17440,17641,17870,18206,18709,19559,20674,22054,24156,26043,28255,30205,32383,34251,35664,42193,1098,1126,1135,1325,1328,1340,1342,1345,1347,1348,1349,1350,1350,1354,1355,1355,1355,1357,1361,1363,1368,1373,1378,1393,1420,1434,1450,1477,1504,1528,1561,556341
34041,Warren County ,NJ,34,1189,1202,1216,1228,1253,1265,1276,1312,1330,1345,1365,1381,1392,1408,1418,1428,1441,1458,1480,1507,1554,1632,1792,2024,2259,2495,2770,3079,3413,3763,4459,132,138,142,156,161,167,169,169,171,171,171,171,171,171,171,171,171,171,171,171,171,171,171,171,173,173,174,176,178,181,183,105267
39001,Adams County ,OH,39,11,15,18,20,22,26,34,42,53,61,70,84,91,96,100,121,135,153,173,193,215,270,341,510,706,869,938,1075,1163,1284,1410,1,1,1,1,1,1,2,2,2,2,2,3,4,4,4,4,4,4,4,6,6,6,6,7,8,13,13,13,14,14,14,27698
39003,Allen County ,OH,39,222,240,251,269,315,366,451,532,646,740,875,1001,1135,1222,1299,1367,1441,1544,1703,1958,2250,2580,3056,3814,4463,5342,6017,6847,7499,7983,8468,33,35,37,38,40,41,41,41,42,44,46,49,53,61,61,67,69,72,72,73,74,80,80,81,81,89,98,102,105,108,111,102351
39005,Ashland County ,OH,39,24,28,39,46,59,68,101,116,130,144,161,162,165,178,197,222,242,292,343,370,428,511,606,772,983,1232,1455,1985,2327,2560,2844,0,0,0,1,1,2,3,3,3,3,3,3,4,4,4,4,4,5,5,5,9,9,20,20,20,29,34,36,36,37,38,53484
39007,Ashtabula County ,OH,39,372,385,407,415,433,448,473,510,538,569,588,594,609,622,627,643,659,673,686,713,749,890,1138,1543,2047,2515,2855,3206,3504,3705,3930,38,39,42,43,44,44,44,44,45,46,46,46,46,46,47,48,48,48,48,48,48,48,48,48,48,55,57,62,65,65,66,97241
39009,Athens County ,OH,39,18,23,25,30,56,167,268,318,344,357,367,373,387,424,508,597,707,829,1014,1145,1273,1388,1476,1636,1795,2044,2334,2629,2826,2968,3171,1,1,1,1,1,1,1,1,1,1,2,2,2,2,2,2,2,2,2,2,2,2,4,4,4,4,4,6,6,9,9,65327
39011,Auglaize County ,OH,39,78,85,90,98,106,111,126,173,213,254,291,363,416,467,512,565,608,674,770,927,1094,1279,1515,1867,2189,2487,2738,3063,3302,3490,3712,3,3,3,3,4,4,5,5,5,6,8,8,8,8,8,9,9,15,16,16,18,19,19,21,21,35,42,46,49,51,55,45656
39013,Belmont County ,OH,39,451,467,484,523,546,570,575,584,589,621,638,672,682,691,699,707,722,724,739,768,801,885,1009,1278,1515,1850,2131,2514,2772,2970,3282,15,20,21,21,22,24,25,26,26,26,26,26,26,27,27,27,27,27,27,27,27,27,27,28,28,29,30,32,32,33,38,67006
39015,Brown County ,OH,39,31,38,43,52,56,63,68,83,112,129,158,185,209,235,256,275,290,296,314,358,403,485,589,731,932,1135,1377,1740,2012,2241,2488,1,1,1,1,1,1,1,1,1,2,2,2,2,2,2,2,2,3,3,3,3,3,4,4,4,5,5,9,10,12,13,43432
39017,Butler County ,OH,39,999,1090,1201,1371,1576,1863,2114,2418,2683,2929,3197,3459,3972,4769,5266,5632,6040,6569,7178,7856,8654,9565,10761,12362,14138,16280,18576,21391,23321,24702,26461,32,34,39,44,44,47,51,54,59,63,69,69,73,80,88,99,111,113,115,122,131,134,134,139,139,149,160,169,179,183,188,383134
39019,Carroll County ,OH,39,36,37,41,48,59,70,86,92,107,110,116,121,125,132,139,150,152,160,174,186,218,265,296,343,416,563,674,821,955,1052,1177,3,3,3,3,3,3,4,4,5,5,5,6,6,6,7,7,7,7,7,7,7,7,9,10,10,10,12,12,12,12,13,26914
39021,Champaign County ,OH,39,33,34,37,37,40,55,68,84,105,176,202,232,246,260,278,293,308,326,349,378,416,475,573,712,893,1077,1304,1494,1655,1795,2002,1,1,1,1,1,1,1,1,1,2,2,2,2,3,3,3,3,3,3,3,3,3,4,4,4,5,8,12,20,22,23,38885
39023,Clark County ,OH,39,355,409,653,727,765,816,895,988,1076,1146,1244,1341,1407,1511,1615,1723,1810,1948,2123,2316,2598,2924,3414,4145,4866,5637,6386,7384,8144,8651,9240,8,8,8,8,9,10,11,11,13,14,16,19,27,30,36,38,40,42,52,54,57,57,58,62,62,131,144,150,172,179,186,134083
39025,Clermont County ,OH,39,227,238,279,327,400,497,618,723,835,933,1034,1140,1265,1386,1500,1626,1731,1823,2015,2259,2598,2961,3488,4396,5419,6472,7622,9058,10326,11384,12600,6,6,6,6,6,7,8,9,10,11,11,13,14,15,17,20,23,32,34,36,38,39,41,42,42,53,56,59,65,76,78,206428
39027,Clinton County ,OH,39,47,53,55,60,68,89,105,127,146,164,185,210,243,257,271,278,299,325,361,420,502,575,708,849,1003,1166,1369,1784,2032,2215,2424,0,0,0,0,0,2,2,4,6,6,6,6,10,11,13,13,13,13,13,13,13,13,14,14,14,17,19,24,36,38,39,41968
39029,Columbiana County ,OH,39,896,917,961,1197,1303,1385,1458,1492,1570,1658,1721,1765,1820,1867,1895,1919,1932,1981,2014,2078,2162,2269,2463,2811,3284,3852,4411,5048,5496,5892,6260,53,56,58,59,60,60,60,60,60,60,62,63,64,68,71,80,80,82,86,87,88,88,88,92,92,99,104,110,116,119,119,101883
39031,Coshocton County ,OH,39,48,51,60,70,97,142,164,173,185,193,202,209,217,219,228,230,234,240,259,286,336,417,527,639,788,935,1078,1305,1493,1629,1761,0,0,0,0,2,4,4,5,6,6,9,9,9,9,10,11,11,11,11,12,12,12,13,13,13,15,15,15,15,16,17,36600
39033,Crawford County ,OH,39,120,122,122,130,135,141,152,158,164,174,183,188,193,204,208,218,244,272,317,408,513,609,717,917,1142,1404,1676,2013,2318,2482,2710,4,5,5,6,5,5,5,5,5,5,5,5,5,5,6,6,6,6,6,8,8,8,9,14,14,17,20,28,33,43,61,41494
39035,Cuyahoga County ,OH,39,4858,5175,5633,6571,7724,9208,10553,11697,12646,13514,14335,14955,15624,16249,16698,17092,17490,17910,18441,19212,20278,21777,24391,29234,34096,40823,46333,56505,62366,67417,72520,268,311,338,351,373,399,421,449,477,499,528,552,574,599,622,642,656,665,667,671,685,686,709,719,720,745,780,824,835,877,900,1235072
39037,Darke County ,OH,39,193,222,227,233,248,259,265,277,316,395,459,534,616,669,713,760,804,898,992,1088,1177,1317,1458,1701,2080,2575,3013,3500,3786,4025,4191,23,25,25,25,25,26,26,26,26,29,30,31,35,36,37,39,42,44,45,50,51,51,53,55,55,61,63,72,74,79,86,51113
39039,Defiance County ,OH,39,36,40,42,45,50,54,75,110,129,144,169,188,209,233,253,281,325,375,405,437,493,607,804,1035,1311,1583,1817,2147,2427,2636,2801,2,2,2,3,3,3,3,4,4,4,4,4,5,7,9,10,11,12,13,13,13,14,15,16,17,23,40,51,63,67,68,38087
39041,Delaware County ,OH,39,368,398,427,471,568,724,916,1060,1194,1301,1412,1516,1645,1778,1967,2135,2281,2429,2589,2759,2964,3227,3611,4281,5214,6159,7088,8773,9869,10790,11786,14,15,15,15,15,15,15,17,18,19,19,20,20,20,20,20,20,23,26,27,27,28,29,31,33,37,41,48,55,62,66,209177
39043,Erie County ,OH,39,189,210,217,225,242,286,363,433,516,575,632,704,772,810,844,899,946,989,1047,1114,1183,1274,1429,1702,2055,2506,2856,3702,4215,4613,5001,16,20,22,22,22,22,22,24,27,27,30,33,36,37,43,44,47,50,52,53,53,54,57,61,61,69,70,84,91,101,107,74266
39045,Fairfield County ,OH,39,326,364,409,470,559,692,897,1057,1238,1387,1498,1586,1709,1813,1930,2020,2118,2244,2376,2541,2820,3097,3543,4299,5051,5931,6708,7877,8786,9524,10326,9,9,12,15,16,17,18,20,25,32,35,39,40,43,44,50,53,55,55,56,57,58,59,59,59,64,67,70,70,72,71,157574
39047,Fayette County ,OH,39,42,45,45,45,46,55,59,68,94,113,130,169,189,206,217,225,232,279,357,418,460,507,597,725,866,1007,1139,1353,1554,1681,1895,0,0,0,0,0,0,0,0,0,0,0,1,5,5,5,6,6,6,7,8,10,10,13,16,16,17,22,22,26,28,29,28525
39049,Franklin County ,OH,39,6512,7076,7794,8840,10271,12035,14001,15682,17107,18317,19553,20534,21619,23099,24590,25977,26961,28014,29141,30590,32241,34517,38022,42896,48389,53887,60093,69074,75316,80939,86446,299,329,358,393,422,447,467,489,514,524,537,553,562,565,579,603,607,630,635,635,642,643,643,651,651,672,680,693,693,697,698,1316756
39051,Fulton County ,OH,39,46,53,53,57,61,67,86,117,139,147,163,173,181,198,215,234,246,348,403,472,557,647,776,976,1172,1423,1715,2039,2359,2605,2812,0,0,0,0,0,0,0,0,1,1,1,1,1,1,1,1,1,1,3,6,14,16,18,18,19,26,31,32,37,38,38,42126
39053,Gallia County ,OH,39,9,9,9,10,17,21,29,43,57,65,89,114,140,153,169,180,191,220,247,274,304,334,404,519,681,847,1046,1284,1455,1573,1713,1,1,1,1,1,1,1,1,1,1,2,2,3,4,9,12,13,13,13,13,13,13,13,13,13,15,15,15,18,20,23,29898
39055,Geauga County ,OH,39,309,334,357,382,405,428,465,502,528,556,570,594,608,658,687,703,723,750,767,819,890,991,1154,1497,1894,2385,2727,3275,3599,3856,4156,34,35,37,41,42,42,43,43,43,44,45,46,46,46,46,47,49,49,50,50,50,50,51,51,51,51,51,51,51,51,53,93649
39057,Greene County ,OH,39,111,135,169,194,251,346,461,545,619,690,799,871,969,1102,1218,1352,1465,1661,1870,2108,2456,2828,3402,4150,4896,5808,6661,7708,8648,9246,10020,5,6,8,9,9,9,10,11,11,12,13,15,18,20,25,28,33,37,38,40,42,42,50,59,59,71,83,88,102,109,121,168937
39059,Guernsey County ,OH,39,42,44,45,58,70,81,89,98,110,117,121,128,130,139,148,156,170,184,213,268,361,439,535,648,792,1021,1282,1529,1738,1909,2060,2,3,3,3,3,3,4,6,6,7,7,7,7,7,7,7,8,8,8,8,8,8,8,8,8,14,15,15,16,19,22,38875
39061,Hamilton County ,OH,39,2860,3185,3829,4794,5924,6950,7828,8497,9110,9643,10142,10533,11102,11713,12208,12756,13191,13790,14641,15890,17388,19030,21338,24998,28674,32557,36846,43008,46842,49823,53404,171,179,186,191,197,208,218,225,247,255,269,281,286,288,292,308,315,331,335,338,344,349,352,362,362,372,382,393,405,411,419,817473
39063,Hancock County ,OH,39,56,61,62,69,78,86,116,238,315,378,428,467,519,567,603,657,712,798,879,975,1100,1284,1523,1855,2253,2665,3086,3612,4057,4397,4759,1,1,1,1,1,1,2,2,2,3,3,5,7,7,7,9,10,13,14,20,26,30,32,33,33,40,53,65,69,77,81,75783
39065,Hardin County ,OH,39,73,93,107,111,123,123,136,142,150,165,187,204,219,233,245,250,256,264,288,309,360,416,511,662,825,1114,1293,1444,1568,1682,1818,1,4,10,12,12,12,12,12,12,12,12,13,13,13,13,13,13,13,13,13,13,14,14,17,17,19,26,30,30,31,32,31365
39067,Harrison County ,OH,39,10,10,11,12,12,14,16,16,19,26,26,28,28,31,49,61,64,68,71,76,86,93,118,144,182,263,339,448,561,634,714,0,0,1,1,1,1,1,1,1,1,1,1,1,1,1,1,3,3,3,3,3,3,3,3,3,3,3,3,3,3,3,15040
39069,Henry County ,OH,39,18,20,23,27,29,35,59,90,106,117,128,154,210,241,272,297,318,356,398,442,503,584,679,809,944,1076,1226,1428,1576,1712,1836,0,0,0,0,0,0,0,0,1,2,2,2,3,8,10,12,14,17,17,17,17,17,18,21,21,23,29,35,35,35,45,27006
39071,Highland County ,OH,39,29,34,39,42,45,53,69,95,127,158,171,183,190,198,210,220,230,249,299,371,469,580,688,799,963,1118,1342,1646,1863,2018,2172,1,1,1,1,1,1,1,1,1,1,2,3,3,3,3,3,3,4,4,4,6,9,14,16,16,18,18,18,18,18,18,43161
39073,Hocking County ,OH,39,71,73,73,76,78,81,92,101,108,118,125,131,139,146,153,161,166,173,182,189,205,249,381,479,585,718,876,1089,1222,1323,1414,5,7,7,7,8,8,8,9,9,9,9,9,9,9,9,9,9,9,9,9,9,9,9,10,10,16,18,19,22,22,22,28264
39075,Holmes County ,OH,39,68,87,127,190,231,261,293,313,320,328,335,341,349,355,363,371,390,422,471,537,697,929,1122,1241,1370,1498,1575,1740,1825,1895,2008,3,3,3,3,3,5,5,5,6,6,6,7,7,7,7,7,9,9,10,10,10,14,23,30,30,39,41,46,50,61,62,43960
39077,Huron County ,OH,39,63,77,110,159,215,247,290,329,371,396,418,462,470,493,505,523,551,612,646,690,723,773,888,1107,1392,1727,1981,2581,2936,3196,3472,1,1,1,1,2,2,3,3,4,5,5,6,6,6,7,7,7,7,8,9,15,16,16,18,18,22,22,33,37,37,37,58266
39079,Jackson County ,OH,39,15,16,16,17,23,30,39,55,65,74,83,133,165,184,198,231,261,292,339,419,481,539,628,746,873,1074,1412,1687,1907,2052,2202,0,0,0,0,0,0,0,0,0,0,0,0,1,2,2,4,6,7,7,7,8,8,10,10,10,12,13,13,20,30,34,32413
39081,Jefferson County ,OH,39,68,70,74,76,87,115,153,176,204,229,250,261,267,292,305,318,336,355,398,438,494,553,663,805,989,1479,1901,2503,2936,3191,3493,2,2,2,2,2,2,2,2,2,2,3,4,4,4,4,4,4,4,4,4,4,4,4,4,4,14,16,32,42,44,53,65325
39083,Knox County ,OH,39,28,31,34,38,51,55,74,124,165,205,225,234,245,258,268,278,286,297,320,352,413,512,639,868,1188,1474,1736,2043,2365,2612,2870,1,1,1,1,1,1,1,2,2,7,9,13,14,15,15,15,15,15,15,15,16,17,17,18,18,19,20,22,22,22,22,62322
39085,Lake County ,OH,39,331,347,367,415,497,609,789,914,1034,1114,1176,1244,1310,1418,1507,1576,1638,1696,1752,1847,2033,2411,3277,4721,6254,7890,8803,10207,11200,12157,13156,12,12,14,16,18,22,24,27,35,38,43,44,44,45,45,49,51,56,56,57,59,60,61,62,62,66,81,94,98,113,120,230149
39087,Lawrence County ,OH,39,30,32,44,59,70,86,138,182,216,283,344,394,429,480,538,594,659,733,792,885,977,1103,1272,1535,1813,2073,2392,2816,3086,3329,3642,0,0,0,0,0,0,0,0,0,0,4,6,14,14,17,18,22,22,24,24,25,28,31,33,33,40,41,43,45,47,47,59463
39089,Licking County ,OH,39,277,312,331,381,477,583,705,918,1116,1281,1419,1492,1576,1674,1773,1857,1936,2019,2170,2410,2710,3064,3497,4203,5062,6110,6999,8433,9309,10053,10853,10,11,11,11,12,12,15,25,42,49,55,56,57,58,58,62,63,64,65,65,67,67,70,70,70,77,80,96,103,114,120,176862
39091,Logan County ,OH,39,44,48,48,56,62,71,82,101,120,155,184,219,233,254,270,293,312,331,354,392,446,530,700,918,1183,1426,1632,1992,2149,2280,2478,0,0,0,0,1,1,1,1,1,2,2,2,2,2,3,3,3,3,3,3,3,3,6,6,9,18,21,21,21,23,23,45672
39093,Lorain County ,OH,39,747,794,843,925,1021,1152,1322,1474,1620,1770,1915,1998,2103,2165,2200,2263,2317,2387,2489,2623,2815,3146,3629,4711,5902,7475,8778,11410,12905,14042,15421,61,62,66,67,67,69,73,75,76,77,77,80,81,83,85,86,86,88,89,89,89,91,93,94,95,106,116,122,143,145,184,309833
39095,Lucas County ,OH,39,2348,2428,2490,2567,2723,3007,3486,4077,4852,5348,5704,6070,6389,6687,6877,7119,7322,7527,7756,8058,8494,9086,10169,11765,13446,15874,17920,21239,23166,24898,26509,265,280,294,299,302,306,307,311,318,323,329,338,341,348,350,357,364,369,370,370,375,378,393,399,400,426,449,478,504,535,541,428348
39097,Madison County ,OH,39,166,168,174,184,195,222,245,271,329,374,592,649,689,726,747,780,830,910,965,1013,1075,1129,1206,1312,1510,1776,2037,2380,2635,2819,3019,7,7,7,8,8,9,9,9,10,10,10,11,11,11,11,12,12,14,14,14,15,16,18,18,18,19,19,19,21,23,25,44731
39099,Mahoning County ,OH,39,1511,1595,1654,1720,1825,1948,2089,2258,2393,2554,2681,2761,2847,2895,2945,2991,3073,3223,3371,3567,3810,4090,4638,5492,6772,8282,9630,11716,12999,14237,15131,194,214,224,228,232,239,241,244,253,254,260,262,265,272,274,279,281,282,282,283,287,287,287,295,295,301,305,310,311,312,315,228683
39101,Marion County ,OH,39,2691,2706,2713,2721,2732,2748,2777,2821,2875,2925,2964,2978,3001,3024,3034,3063,3103,3174,3247,3321,3443,3585,3772,4098,4514,4984,5360,5940,6289,6575,6834,32,33,34,37,38,39,39,41,44,45,45,45,46,46,46,47,47,48,48,49,50,50,50,51,51,60,69,80,93,102,106,65093
39103,Medina County ,OH,39,387,397,413,464,516,589,681,757,831,923,996,1086,1190,1292,1359,1430,1475,1551,1622,1755,1947,2197,2709,3395,4133,5180,6049,7297,8218,8829,9601,25,30,31,31,32,32,32,32,33,35,36,36,37,38,38,38,39,41,42,42,42,44,46,51,51,57,62,72,91,98,114,179746
39105,Meigs County ,OH,39,6,6,9,11,12,13,19,23,24,40,67,81,127,154,162,172,176,187,196,205,210,238,266,300,363,437,548,663,732,792,877,0,0,0,0,0,0,0,0,0,0,0,0,3,4,6,9,10,12,12,12,12,12,12,12,12,12,12,13,14,14,14,22907
39107,Mercer County ,OH,39,233,245,257,266,281,302,345,438,522,612,694,772,817,887,967,1053,1132,1221,1314,1433,1585,1761,2067,2476,2812,3024,3274,3530,3700,3805,3950,8,8,8,8,8,10,11,11,13,13,14,14,17,17,17,17,18,21,27,27,28,30,33,37,37,50,64,70,76,79,82,41172
39109,Miami County ,OH,39,374,386,400,425,463,510,574,659,768,839,911,983,1054,1133,1252,1350,1454,1592,1746,1910,2116,2381,2769,3343,3985,4756,5444,6203,6787,7308,7841,30,30,30,30,31,31,31,35,37,38,39,40,43,44,48,49,51,55,56,56,58,61,61,65,65,68,69,69,70,72,73,106987
39111,Monroe County ,OH,39,80,82,82,85,89,89,89,89,90,93,96,102,103,104,106,106,110,111,118,141,177,201,215,251,299,360,454,533,607,671,784,15,15,15,17,17,17,17,17,18,18,18,18,18,18,18,18,18,18,18,18,18,18,19,19,20,21,22,22,24,24,24,13654
39113,Montgomery County ,OH,39,791,969,1263,1603,1981,2513,2987,3501,4024,4362,4693,5029,5728,6623,7084,7501,7883,8383,9025,9883,10864,12156,13901,16412,19082,22196,25312,29007,31993,34161,36720,17,17,20,22,26,36,46,53,77,94,105,115,128,133,144,152,163,181,183,184,189,190,193,211,213,243,280,301,326,342,359,531687
39115,Morgan County ,OH,39,6,6,6,7,11,11,14,16,20,26,33,41,43,45,45,47,49,52,57,69,82,104,131,161,234,306,418,528,588,620,661,0,0,0,0,0,0,0,0,0,0,0,0,0,0,0,0,0,0,0,0,0,0,1,1,1,5,15,18,24,25,26,14508
39117,Morrow County ,OH,39,108,110,110,113,116,121,133,150,158,170,190,214,226,236,240,249,261,270,288,322,377,474,568,664,831,1029,1191,1406,1572,1710,1887,1,1,1,1,1,1,1,1,2,2,2,2,2,2,2,2,2,2,2,2,2,2,2,2,2,2,2,2,2,3,4,35328
39119,Muskingum County ,OH,39,55,57,64,73,83,104,119,143,178,236,267,290,296,317,344,371,421,532,652,817,943,1096,1320,1750,2236,2768,3434,4134,4601,5079,5590,1,1,1,1,1,1,1,1,1,1,1,1,2,2,2,2,3,3,3,4,4,4,5,9,9,10,16,19,22,27,27,86215
39121,Noble County ,OH,39,6,6,6,9,11,14,16,16,16,16,19,21,22,23,23,27,33,54,74,112,163,239,343,451,561,657,728,838,932,981,1044,0,0,0,0,0,0,0,0,0,0,0,0,0,0,0,0,0,0,0,0,0,0,5,14,14,24,29,30,30,32,32,14424
39123,Ottawa County ,OH,39,109,117,119,127,143,193,264,313,352,386,411,435,448,458,461,465,469,481,515,559,605,665,763,933,1147,1320,1514,1799,2033,2223,2440,19,21,22,23,23,24,24,24,25,26,27,28,29,30,30,30,30,30,30,30,30,30,30,30,30,30,32,32,33,34,34,40525
39125,Paulding County ,OH,39,14,14,18,22,23,32,41,52,59,69,75,77,81,84,93,101,110,129,147,179,229,295,379,470,617,729,842,971,1066,1125,1225,0,0,0,0,0,0,1,0,0,0,0,0,0,0,0,0,0,0,0,1,2,2,6,8,8,12,15,17,18,19,19,18672
39127,Perry County ,OH,39,20,23,26,26,34,46,59,70,105,130,179,199,226,251,262,285,298,313,332,350,382,432,498,592,733,927,1167,1412,1617,1751,1904,1,1,1,1,1,1,1,1,2,3,3,5,6,9,9,9,9,10,11,11,11,11,11,12,12,13,14,14,15,15,15,36134
39129,Pickaway County ,OH,39,2106,2125,2139,2164,2191,2227,2268,2308,2352,2387,2418,2448,2493,2523,2602,2633,2678,2726,2794,2946,3073,3243,3436,3668,3879,4162,4549,5038,5492,5889,6314,38,40,41,41,41,41,42,42,42,42,42,42,43,44,44,44,44,45,46,46,46,46,46,46,46,48,50,50,50,50,50,58457
39131,Pike County ,OH,39,9,9,14,20,23,29,37,48,66,76,84,92,104,115,122,158,200,219,249,278,330,384,472,572,708,825,1009,1153,1258,1346,1435,0,0,0,0,0,0,0,0,0,0,0,0,0,0,0,0,0,0,0,0,0,0,1,1,1,2,4,5,5,5,5,27772
39133,Portage County ,OH,39,339,353,369,407,440,502,561,648,711,758,789,819,850,935,994,1074,1155,1256,1387,1530,1711,1945,2251,2695,3231,4016,4721,5816,6507,6989,7541,57,58,58,58,58,59,59,59,60,61,65,65,65,65,65,66,66,67,67,67,68,68,68,69,69,74,77,88,89,94,98,162466
39135,Preble County ,OH,39,39,43,51,59,73,91,107,123,164,203,256,309,345,376,398,420,440,474,513,574,657,798,940,1177,1438,1691,1908,2250,2464,2628,2775,1,1,1,1,1,1,1,2,2,2,2,3,4,6,10,13,15,16,17,17,18,18,19,21,21,21,22,26,29,31,31,40882
39137,Putnam County ,OH,39,97,101,105,112,128,142,161,173,192,205,225,261,325,411,477,541,608,667,744,861,1084,1341,1658,1962,2186,2375,2558,2865,3054,3176,3325,14,15,15,15,15,15,16,16,17,17,17,17,17,17,18,23,23,27,27,27,27,28,33,41,42,49,57,58,62,65,67,33861
39139,Richland County ,OH,39,231,249,271,310,337,378,428,480,536,604,644,670,696,722,745,784,903,1029,1136,1257,1406,1646,1926,2351,2939,3694,4475,5715,6539,7161,7725,4,4,4,4,5,6,8,8,10,12,12,16,17,18,18,19,19,19,20,24,24,26,26,26,27,39,46,49,59,72,89,121154
39141,Ross County ,OH,39,74,79,84,100,124,148,182,271,387,484,547,613,692,785,822,856,890,972,1112,1305,1459,1648,1872,2069,2345,2588,2930,3435,3895,4218,4558,2,2,2,2,3,3,4,4,4,4,6,8,10,14,19,22,24,31,31,33,39,44,52,55,55,63,66,66,76,84,87,76666
39143,Sandusky County ,OH,39,95,103,109,115,134,169,221,275,329,377,442,478,517,533,543,554,577,605,639,690,729,828,984,1231,1444,1753,2007,2711,3077,3375,3651,12,13,13,13,14,15,15,15,16,16,17,17,17,19,20,20,20,20,21,22,22,22,25,25,25,29,36,40,47,53,59,58518
39145,Scioto County ,OH,39,18,21,21,34,38,71,100,132,185,226,269,306,350,393,429,464,511,561,669,770,905,1057,1254,1523,1867,2144,2636,3307,3733,3994,4393,0,0,0,0,0,0,0,0,1,1,1,1,3,3,6,6,7,7,7,9,9,9,10,12,12,21,27,31,35,37,46,75314
39147,Seneca County ,OH,39,27,29,31,31,33,41,66,104,153,214,250,292,347,377,400,439,485,510,528,576,624,735,933,1275,1650,1981,2211,2710,3070,3304,3572,2,2,2,2,2,2,2,2,3,3,4,10,11,12,14,14,14,14,14,14,14,14,15,15,15,19,21,23,29,36,42,55178
39149,Shelby County ,OH,39,49,49,51,56,68,75,82,116,157,194,242,288,359,434,498,581,649,718,779,850,956,1093,1249,1513,1767,2040,2357,2719,3045,3290,3552,3,3,3,4,4,4,4,4,4,4,4,4,4,4,6,9,10,14,14,14,14,14,14,15,15,17,18,18,18,18,18,48590
39151,Stark County ,OH,39,817,863,942,1016,1107,1225,1358,1516,1679,1827,2008,2155,2308,2451,2570,2739,2883,3082,3321,3605,3996,4528,5298,6568,8122,10384,12691,15863,18097,19611,21081,102,105,105,111,112,116,120,123,132,139,143,149,151,155,158,168,175,177,178,178,182,186,189,192,194,221,238,252,258,279,350,370606
39153,Summit County ,OH,39,1548,1666,1756,1896,2131,2351,2597,2914,3248,3555,3788,4146,4418,4667,4861,5096,5332,5576,5894,6406,6925,7580,8680,10529,12431,15205,17736,21898,24560,26708,28782,183,192,201,202,206,209,211,212,217,222,228,232,235,236,244,249,252,253,258,260,266,272,280,290,291,337,401,447,490,505,614,541013
39155,Trumbull County ,OH,39,612,656,711,809,939,1053,1159,1300,1421,1524,1629,1699,1744,1778,1813,1848,1896,1990,2082,2174,2362,2544,3011,3852,4969,6167,7266,8696,9733,10488,11046,53,54,55,58,65,78,83,95,103,106,112,114,121,125,127,131,132,132,133,134,134,137,138,139,140,149,162,172,230,251,270,197974
39157,Tuscarawas County ,OH,39,378,399,429,486,552,609,682,722,746,782,812,829,858,877,887,912,936,980,1056,1178,1352,1576,1861,2333,2995,3796,4332,5017,5622,5962,6324,5,8,10,10,10,10,11,11,13,14,14,15,16,18,19,20,20,20,20,22,27,38,48,51,51,67,83,97,111,129,154,91987
39159,Union County ,OH,39,58,62,71,77,85,102,142,178,214,251,289,325,362,402,437,493,545,593,660,720,790,902,1152,1477,1792,2138,2505,2859,3148,3404,3725,1,1,1,1,1,1,1,1,1,1,1,1,1,1,2,2,2,2,2,3,3,3,3,3,3,8,14,16,18,19,19,58988
39161,Van Wert County ,OH,39,8,13,16,21,34,49,53,61,68,71,74,79,88,97,105,111,123,140,174,215,287,351,463,656,859,1042,1187,1383,1519,1654,1742,0,0,0,0,0,1,1,1,1,1,2,2,2,2,3,3,3,3,3,3,5,5,5,5,5,18,18,32,36,37,37,28275
39163,Vinton County ,OH,39,20,22,22,22,22,23,25,26,30,31,32,36,38,40,41,45,47,56,71,85,107,129,162,177,207,247,336,396,449,486,529,2,2,2,2,2,2,2,2,2,2,2,2,2,2,3,3,3,3,3,3,3,5,5,5,5,6,6,7,7,10,13,13085
39165,Warren County ,OH,39,419,512,584,725,839,1009,1228,1400,1600,1789,1946,2105,2286,2503,2717,2910,3096,3265,3543,3933,4410,4921,5590,6538,7703,9090,10573,12362,13800,14921,16262,20,20,20,20,21,26,28,30,35,39,40,41,42,42,46,48,49,58,59,60,66,67,70,72,72,77,87,95,105,116,122,234602
39167,Washington County ,OH,39,117,118,119,122,132,146,165,179,197,203,213,222,227,234,240,248,261,268,284,324,373,461,619,833,1124,1408,1835,2280,2559,2857,3102,19,19,20,20,20,20,21,21,22,22,22,23,23,23,23,23,23,23,23,23,24,25,25,27,27,27,29,32,32,37,39,59911
39169,Wayne County ,OH,39,298,306,327,350,362,373,400,446,492,539,593,649,756,819,869,901,936,973,1060,1259,1528,1858,2255,2655,3035,3536,4108,4809,5286,5617,5999,51,52,52,52,51,55,56,58,58,58,60,61,61,64,65,66,68,68,68,68,71,73,80,85,85,95,116,125,133,139,153,115710
39171,Williams County ,OH,39,58,58,59,63,70,76,90,106,123,135,141,147,158,167,180,198,213,237,267,312,363,452,595,797,993,1189,1433,1744,2014,2176,2350,1,1,1,1,2,2,3,3,3,3,3,3,3,3,3,3,3,3,3,4,4,4,6,6,6,9,12,19,35,44,51,36692
39173,Wood County ,OH,39,307,321,334,363,421,494,593,725,910,1043,1146,1230,1320,1438,1537,1706,1902,2105,2243,2401,2590,2808,3138,3658,4243,5008,5757,6715,7391,7932,8616,49,50,51,51,51,51,53,55,58,58,58,60,61,64,65,71,72,81,81,81,81,84,104,105,105,108,114,120,133,143,146,130817
39175,Wyandot County ,OH,39,48,48,55,57,58,63,72,99,119,146,159,173,186,191,197,201,213,223,250,278,302,337,399,533,689,796,946,1180,1389,1542,1686,2,4,4,4,5,5,5,5,5,8,9,10,10,11,11,12,12,13,13,13,13,13,14,15,15,18,20,23,27,29,34,21772
45001,Abbeville County ,SC,45,51,67,86,103,124,153,189,268,289,335,362,388,415,464,491,531,579,638,692,711,747,805,839,866,887,961,1036,1108,1183,1250,1294,0,0,0,0,0,1,1,3,6,8,8,10,10,11,11,11,12,14,15,15,15,17,19,19,19,22,23,23,23,24,26,24527
45003,Aiken County ,SC,45,208,232,274,345,507,695,1016,1224,1491,1868,2121,2237,2354,2444,2511,2671,4149,4384,4509,4760,4934,5140,5387,5688,5875,6330,6892,7551,8214,8829,9536,8,9,9,9,10,12,14,19,21,38,46,56,63,68,76,77,82,84,85,86,87,87,90,91,95,98,105,111,119,132,138,170872
45005,Allendale County ,SC,45,39,40,45,48,61,85,122,146,189,221,250,272,291,306,319,356,383,402,413,424,424,424,438,440,442,445,456,470,485,504,524,3,3,3,3,3,3,3,3,3,3,6,6,6,6,6,6,6,6,6,6,6,7,8,8,8,9,9,9,9,9,9,8688
45007,Anderson County ,SC,45,279,341,441,563,777,1021,1383,1678,2064,2335,2599,2879,3146,3360,3695,4028,4463,4733,5006,5219,5566,6051,6465,7016,7273,7998,8741,9545,10558,11614,12659,9,9,10,10,12,20,26,36,45,63,76,92,120,129,146,162,176,184,187,193,202,208,209,210,218,225,239,250,264,276,292,202558
45009,Bamberg County ,SC,45,36,45,66,91,147,184,303,360,439,473,490,516,538,560,583,614,645,650,657,670,692,698,700,711,716,744,779,828,873,927,984,0,0,0,1,1,2,3,9,16,22,27,27,28,30,33,33,33,34,34,34,34,34,34,36,36,37,38,38,38,38,40,14066
45011,Barnwell County ,SC,45,54,54,59,75,95,132,206,280,335,413,459,501,532,552,580,603,709,756,787,852,865,887,900,925,936,973,1025,1115,1251,1375,1528,1,1,1,1,1,1,1,2,3,5,9,11,13,14,16,16,16,17,17,21,25,25,25,25,26,26,26,26,26,28,33,20866
45013,Beaufort County ,SC,45,430,590,857,1121,1457,1981,2483,2986,3621,4105,4359,4559,4749,4974,5194,5412,5622,5757,5875,5970,6103,6214,6384,6586,6739,7126,7519,8059,8606,9223,10028,14,14,15,17,21,22,25,33,46,56,60,64,65,71,74,81,83,84,88,89,91,93,93,93,94,94,94,97,99,100,107,192122
45015,Berkeley County ,SC,45,273,386,599,949,1540,2204,2954,3446,3845,4158,4449,4600,4805,4952,5197,5325,5512,5547,5649,5815,6052,6232,6464,6693,6806,7118,7475,7974,8388,8827,9454,17,19,20,21,24,25,36,52,58,66,73,76,78,84,87,87,88,89,91,93,93,95,96,98,102,103,105,109,109,110,113,227907
45017,Calhoun County ,SC,45,21,33,69,82,105,155,217,271,310,377,392,404,416,424,435,439,453,466,489,500,514,515,520,528,540,554,582,651,715,772,845,1,1,1,1,1,1,1,2,6,11,14,15,15,15,17,17,17,17,17,17,17,18,18,18,18,18,19,19,19,19,20,14553
45019,Charleston County ,SC,45,776,1092,1836,3380,5650,7552,9432,10611,11579,12324,12879,13320,14000,14440,15124,15489,15817,16026,16273,16628,17045,17480,17953,18571,18954,19927,20783,21696,22616,23511,24886,14,15,19,23,36,58,83,125,160,194,214,226,236,246,253,256,260,267,269,271,275,279,285,288,290,293,301,304,313,320,323,411406
45021,Cherokee County ,SC,45,69,92,106,142,185,248,330,474,546,638,717,760,789,901,972,1066,1163,1241,1302,1372,1459,1558,1658,1806,1906,2104,2291,2537,2739,2952,3194,5,6,6,7,7,9,10,16,22,28,31,31,32,33,34,35,36,41,45,48,52,52,56,57,59,64,69,72,75,77,81,57300
45023,Chester County ,SC,45,103,120,138,170,225,283,356,454,561,665,744,806,870,932,990,1012,1043,1069,1123,1166,1215,1265,1328,1388,1430,1564,1703,1849,1993,2180,2359,1,1,1,1,2,4,6,7,10,14,14,17,18,19,19,21,21,21,22,24,27,28,30,30,32,34,38,40,42,45,45,32244
45025,Chesterfield County ,SC,45,247,291,311,359,393,449,523,612,695,769,826,907,997,1059,1114,1183,1230,1268,1343,1423,1474,1513,1575,1631,1672,1756,1866,1986,2107,2269,2425,5,7,10,13,14,15,17,19,19,21,22,23,26,29,31,35,37,37,38,41,43,46,49,51,52,52,55,57,57,59,61,45650
45027,Clarendon County ,SC,45,306,335,359,407,446,487,574,676,778,838,902,943,972,1001,1032,1070,1101,1112,1127,1144,1157,1195,1258,1298,1304,1390,1440,1527,1621,1763,1872,40,41,41,42,43,46,47,48,49,52,57,61,62,63,65,66,66,67,68,68,68,68,69,69,69,70,70,72,74,74,76,33745
45029,Colleton County ,SC,45,142,198,244,306,377,472,567,663,762,814,850,865,889,921,956,983,1031,1074,1134,1193,1236,1292,1352,1407,1431,1480,1543,1634,1752,1849,2041,14,16,20,21,22,22,28,29,31,34,36,36,39,39,40,42,42,42,42,44,48,48,48,49,49,49,51,51,53,54,56,37677
45031,Darlington County ,SC,45,328,350,376,427,492,563,693,866,1088,1295,1445,1555,1631,1736,1822,1955,2056,2116,2238,2339,2449,2556,2685,2783,2865,2991,3242,3603,4016,4381,4814,12,13,13,14,15,17,20,28,32,35,38,44,46,46,47,51,53,59,61,63,67,67,67,68,70,71,77,82,84,87,98,66618
45033,Dillon County ,SC,45,188,201,226,289,336,384,436,498,563,642,679,711,757,816,888,959,1039,1119,1191,1255,1288,1336,1397,1439,1465,1542,1632,1856,2067,2290,2526,3,4,5,8,10,14,18,21,23,24,26,28,28,28,28,33,37,40,44,46,48,48,48,50,51,52,53,54,54,58,61,30479
45035,Dorchester County ,SC,45,206,265,387,594,1074,1527,2079,2444,2770,3113,3271,3440,3618,3712,3922,4035,4173,4264,4413,4596,4756,4918,5079,5314,5426,5821,6269,6775,7339,7958,8665,3,3,3,3,5,8,13,29,37,47,58,68,76,83,87,87,90,90,91,94,100,102,105,107,109,109,115,118,121,125,128,162809
45037,Edgefield County ,SC,45,55,60,69,73,98,124,166,225,279,330,366,460,494,506,519,549,814,828,842,874,905,939,1002,1067,1095,1172,1257,1337,1453,1516,1681,2,2,2,2,3,4,4,5,5,7,7,8,13,14,16,17,18,19,19,21,21,22,22,22,22,22,24,25,26,26,26,27260
45039,Fairfield County ,SC,45,206,227,257,280,312,368,424,473,530,567,585,615,641,684,715,740,765,786,818,838,863,875,911,972,990,1042,1090,1163,1255,1333,1389,17,20,20,21,22,22,23,23,23,23,24,26,28,29,32,34,35,37,37,37,38,40,40,40,42,45,46,47,50,52,53,22347
45041,Florence County ,SC,45,717,814,921,1134,1384,1621,2004,2475,3029,3436,3753,4014,4226,4483,4645,4795,4931,5032,5184,5357,5529,5720,5901,6153,6311,6713,7182,8002,8863,10038,11116,40,43,47,49,56,58,64,83,98,115,130,142,150,166,171,182,190,194,198,199,200,203,205,207,210,214,222,224,236,249,268,138293
45043,Georgetown County ,SC,45,85,164,258,435,658,791,966,1100,1286,1454,1535,1662,1725,1786,1818,1858,1893,1920,2004,2164,2300,2403,2507,2606,2655,2762,2899,3142,3451,3752,4030,3,3,3,3,5,7,11,15,18,19,25,35,37,37,43,44,44,44,44,47,53,56,58,61,64,67,68,70,71,78,89,62680
45045,Greenville County ,SC,45,2060,2920,3670,4733,5855,7137,8396,9343,10188,10916,11252,11574,12089,12589,13231,13751,14356,14958,15605,16384,17206,18207,19243,20759,21590,23785,25990,28956,32207,35719,39777,59,69,73,80,86,104,131,153,180,208,227,243,256,267,281,289,299,313,326,331,342,353,368,376,380,402,425,443,464,485,522,523542
45047,Greenwood County ,SC,45,172,304,371,457,560,798,988,1127,1255,1390,1544,1649,1830,1949,2055,2144,2213,2316,2393,2452,2516,2604,2675,2791,2874,3060,3278,3503,3820,4100,4404,3,5,5,6,7,7,10,11,12,18,20,30,47,56,65,71,72,73,73,74,75,76,78,78,78,84,86,87,92,92,98,70811
45049,Hampton County ,SC,45,41,50,54,65,86,106,172,263,363,432,473,508,542,560,580,606,645,694,718,740,758,772,797,819,833,857,884,941,1000,1053,1136,1,1,1,2,2,3,3,6,6,9,13,17,22,25,25,25,26,27,29,30,31,31,32,32,32,33,35,35,35,36,36,19222
45051,Horry County ,SC,45,618,1133,1931,2985,4480,5791,6717,7450,8091,8594,8865,9096,9358,9582,9848,10098,10353,10622,11274,11827,12302,12640,13032,13625,13973,14803,15790,16925,18022,19454,21161,31,34,39,44,54,73,84,103,128,153,169,177,182,188,192,195,196,202,205,209,223,233,243,246,254,268,276,284,295,309,334,354081
45053,Jasper County ,SC,45,47,54,76,121,178,265,335,417,504,594,632,663,687,707,736,775,814,826,859,877,915,943,970,995,1004,1067,1098,1159,1217,1302,1428,2,3,3,3,3,3,3,6,12,15,18,18,18,18,19,19,20,22,23,23,23,23,23,23,23,23,23,24,24,25,25,30073
45055,Kershaw County ,SC,45,379,444,531,627,760,851,983,1127,1253,1394,1455,1515,1600,1702,1762,1855,1985,2098,2194,2338,2432,2535,2636,2738,2797,2953,3107,3297,3531,3762,4050,14,15,15,15,16,17,19,21,23,25,27,29,29,32,36,36,37,38,40,42,45,49,53,58,58,65,69,71,72,73,79,66551
45057,Lancaster County ,SC,45,201,246,322,411,543,642,745,901,1041,1209,1375,1537,1639,1767,1904,2039,2167,2242,2330,2436,2524,2658,2806,3036,3177,3498,3721,4127,4576,5025,5481,6,6,10,11,13,13,15,17,18,25,27,31,39,42,44,46,52,53,56,56,61,62,62,63,64,64,70,73,78,81,87,98012
45059,Laurens County ,SC,45,88,140,237,406,589,755,919,1105,1218,1330,1377,1420,1483,1534,1559,1608,1676,1730,1774,1844,1886,1973,2073,2211,2291,2489,2676,2889,3134,3469,3756,4,4,4,5,9,14,15,27,32,46,49,53,54,54,54,54,56,57,58,58,61,62,63,67,67,67,69,72,73,78,85,67493
45061,Lee County ,SC,45,229,236,254,283,308,345,379,435,522,559,586,607,648,674,684,697,717,720,739,760,781,795,825,838,850,875,907,977,1065,1161,1229,17,19,20,22,22,23,24,25,27,29,30,30,31,32,32,34,34,35,35,35,36,36,36,36,36,37,40,40,41,41,42,16828
45063,Lexington County ,SC,45,836,1155,1491,1889,2379,2919,3576,4159,4592,4955,5216,5470,5736,6088,6391,6737,7278,7742,8078,8444,8796,9265,9756,10375,10650,11357,12199,13239,14585,15961,17480,37,39,42,48,56,60,70,85,102,110,120,131,136,145,151,154,158,171,181,193,203,214,215,217,224,228,236,245,253,263,280,298750
45065,McCormick County ,SC,45,10,11,11,12,21,49,78,94,105,118,140,151,159,175,187,201,234,246,250,259,268,283,295,305,312,337,356,382,424,456,481,1,1,1,1,2,2,2,2,2,2,2,4,5,5,5,6,6,7,7,7,7,7,7,7,7,7,8,9,9,9,9,9463
45067,Marion County ,SC,45,83,103,146,191,275,321,386,453,522,554,586,641,687,741,768,822,881,927,996,1056,1115,1170,1221,1256,1274,1322,1389,1520,1677,1893,2050,5,5,5,7,8,9,11,12,12,13,14,17,17,17,19,22,24,28,31,36,40,44,45,46,46,49,49,52,54,61,64,30657
45069,Marlboro County ,SC,45,206,236,267,298,316,334,358,391,436,497,552,641,705,799,845,895,931,969,1009,1060,1122,1159,1216,1262,1299,1419,1535,1656,1749,1840,1982,3,3,3,4,4,4,4,4,4,4,5,5,5,5,6,11,11,11,12,12,12,14,15,15,16,18,20,22,23,27,28,26118
45071,Newberry County ,SC,45,79,99,132,221,298,419,537,660,772,845,892,920,966,1022,1072,1173,1249,1390,1484,1542,1608,1703,1793,1923,2004,2107,2236,2403,2585,2740,2962,1,2,3,4,5,5,5,6,7,10,12,13,15,16,16,22,27,29,31,36,45,54,58,61,62,64,68,69,70,71,73,38440
45073,Oconee County ,SC,45,58,81,136,244,330,443,561,647,746,827,877,946,1062,1174,1271,1336,1419,1943,2139,2298,2428,2547,2655,2809,2925,3348,3722,4137,4580,5047,5492,0,0,1,1,1,1,2,3,7,9,13,16,19,20,24,26,26,28,29,31,33,34,34,36,37,40,44,49,57,60,63,79546
45075,Orangeburg County ,SC,45,255,359,506,670,916,1173,1564,1892,2188,2420,2578,2742,2819,2894,2981,3036,3115,3151,3197,3269,3326,3397,3476,3560,3613,3801,4008,4313,4592,4896,5326,4,6,8,10,16,21,34,47,56,64,77,93,100,107,120,121,126,126,128,129,130,131,131,132,132,133,138,140,144,146,154,86175
45077,Pickens County ,SC,45,197,296,499,774,976,1178,1400,1560,1722,1850,1929,2033,2180,2407,2596,2743,2937,3334,3602,3897,4291,4670,4986,5380,5577,6433,7216,8055,8955,9885,10965,4,4,4,4,5,7,14,16,22,27,29,31,35,36,39,42,45,47,51,54,60,67,70,73,76,84,96,111,129,138,155,126884
45079,Richland County ,SC,45,1748,2215,2663,3237,4067,4799,5955,6893,7827,8774,9365,9945,11011,12243,13638,14434,15250,15719,16128,16626,17064,17654,18213,18901,19315,20347,21507,22874,24246,25583,27127,68,72,79,81,87,98,108,125,138,152,168,185,196,203,217,225,240,249,255,262,266,274,279,284,291,300,306,314,319,330,343,415759
45081,Saluda County ,SC,45,152,164,183,203,235,281,342,375,414,458,485,512,558,608,660,669,688,691,705,712,715,735,754,764,772,802,828,868,917,969,1028,1,1,1,1,1,2,3,5,7,8,10,11,13,15,20,20,21,22,22,22,22,24,25,25,25,26,27,27,27,27,28,20473
45083,Spartanburg County ,SC,45,782,959,1200,1470,1891,2459,3038,3429,3738,4080,4389,4702,4994,5579,5977,6354,6917,7215,7623,8183,8795,9414,9976,10745,11158,12414,13790,15515,17277,19121,20769,30,36,39,44,51,57,62,74,84,102,114,127,149,172,181,189,198,205,210,211,220,238,247,251,262,275,299,323,345,371,405,319785
45085,Sumter County ,SC,45,462,626,791,1001,1193,1419,1705,2066,2309,2517,2632,2723,2830,2911,3008,3122,3215,3269,3320,3406,3510,3619,3730,3874,3979,4179,4412,4837,5063,5382,5695,19,19,21,22,25,29,33,38,43,51,56,59,64,69,74,77,77,78,83,84,88,89,92,94,97,100,103,107,111,115,122,106721
45087,Union County ,SC,45,41,46,58,73,102,154,198,270,334,362,400,435,455,486,507,534,565,617,655,693,738,796,844,921,964,1057,1184,1294,1405,1515,1618,0,0,0,0,0,0,0,1,2,4,4,5,5,9,10,11,12,13,15,15,16,18,23,24,25,26,32,34,36,39,43,27316
45089,Williamsburg County ,SC,45,256,286,333,383,435,487,626,760,914,1016,1086,1144,1192,1238,1274,1303,1333,1342,1359,1392,1438,1467,1519,1561,1582,1636,1724,1834,1940,2120,2273,14,15,15,15,15,15,18,18,27,31,31,35,36,39,39,42,44,45,46,46,50,50,50,50,50,51,52,54,56,60,63,30368
45091,York County ,SC,45,465,635,813,1094,1481,1881,2384,2805,3154,3568,3774,3993,4228,4503,4808,5103,5371,5631,5906,6217,6569,7000,7487,8171,8629,9670,10840,12097,13294,14613,16149,10,10,11,12,12,12,14,24,27,29,32,39,47,54,60,66,75,84,87,96,102,107,112,121,123,135,148,156,165,178,186,280979
