countyFIPS,State,County Name_x,population,2020-06-07 00:00:00,2020-06-14 00:00:00,2020-06-21 00:00:00,2020-06-28 00:00:00,2020-07-05 00:00:00,2020-07-12 00:00:00,2020-07-19 00:00:00,2020-07-26 00:00:00,2020-08-02 00:00:00,2020-08-09 00:00:00,2020-08-16 00:00:00,2020-08-23 00:00:00,2020-08-30 00:00:00,2020-09-06 00:00:00,2020-09-13 00:00:00,2020-09-20 00:00:00,2020-09-27 00:00:00,2020-10-04 00:00:00,2020-10-11 00:00:00,2020-10-18 00:00:00,2020-10-25 00:00:00,2020-11-01 00:00:00,2020-11-08 00:00:00,2020-11-15 00:00:00,2020-11-22 00:00:00,2020-11-29 00:00:00,2020-12-06 00:00:00,2020-12-13 00:00:00,2020-12-20 00:00:00,2020-12-27 00:00:00,2021-01-03 00:00:00
0,CA,Statewide Unallocated,0,0,0,0,0,0,0,0,0,0,0,0,0,0,0,0,0,0,0,0,0,0,0,0,0,0,0,0,0,0,0,0
6001,CA,Alameda County ,1671329,754,806,861,934,986,1049,1147,1225,1335,1466,1593,1732,1932,2130,2301,2435,2573,2643,2694,2741,2762,2804,2880,2932,3006,3038,3137,3351,3632,4045,4530
6003,CA,Alpine County ,1129,0,0,0,0,0,0,0,0,0,0,0,0,0,0,0,0,0,0,0,0,0,0,0,0,0,0,0,0,0,0,0
6005,CA,Amador County ,39752,0,0,0,0,0,0,0,0,2,28,75,101,107,112,112,112,112,112,112,112,112,112,112,112,112,112,115,129,154,174,175
6007,CA,Butte County ,219186,7,7,7,11,19,27,30,42,65,99,139,173,211,250,284,308,332,345,370,387,400,407,416,431,440,459,502,590,689,785,886
6009,CA,Calaveras County ,45905,0,0,0,0,0,0,1,7,7,14,14,20,27,68,90,105,116,126,132,139,145,152,154,154,154,154,157,168,184,191,198
6011,CA,Colusa County ,21547,0,0,0,0,0,0,0,15,28,35,35,37,42,42,42,42,42,42,42,42,42,42,42,42,42,43,51,56,56,61,63
6013,CA,Contra Costa County ,1153526,305,358,411,517,582,664,719,800,910,1039,1167,1243,1331,1433,1504,1566,1642,1693,1732,1756,1792,1815,1835,1873,1897,1937,1999,2122,2297,2679,3072
6015,CA,Del Norte County ,27812,0,0,0,0,0,0,0,0,0,0,1,7,7,7,7,7,7,7,7,7,7,7,7,7,7,7,7,7,14,14,14
6017,CA,El Dorado County ,192843,0,0,0,0,0,0,2,7,7,11,14,14,14,18,24,28,28,28,28,28,28,28,28,28,28,33,58,74,137,216,316
6019,CA,Fresno County ,999101,378,450,532,569,646,733,858,1042,1332,1596,1907,2180,2438,2641,2778,2884,3029,3116,3174,3228,3288,3342,3403,3459,3588,3775,4038,4556,5136,5817,6616
6021,CA,Glenn County ,28393,0,0,0,0,0,0,5,7,7,17,21,21,21,21,21,21,21,21,21,21,21,21,21,30,35,41,61,63,63,67,76
6023,CA,Humboldt County ,135558,27,28,28,28,28,28,28,28,28,28,28,28,28,28,30,35,39,49,49,52,56,63,63,63,63,63,64,72,99,121,150
6025,CA,Imperial County ,181215,496,674,896,1036,1205,1407,1660,1838,1954,2047,2098,2160,2196,2228,2259,2306,2330,2361,2379,2386,2402,2440,2486,2499,2542,2612,2738,2853,3026,3239,3575
6027,CA,Inyo County ,18039,7,7,7,7,7,7,7,7,7,12,41,68,89,98,98,105,105,105,105,105,106,112,112,112,112,112,112,122,140,158,179
6029,CA,Kern County ,900202,340,381,435,513,643,784,948,1144,1384,1696,1938,2142,2359,2584,2714,2780,2824,2876,2967,3004,3046,3087,3126,3184,3254,3350,3466,3660,3985,4474,4909
6031,CA,Kings County ,152940,41,42,80,154,237,272,289,322,384,416,447,469,508,522,529,532,540,561,567,572,574,576,592,602,602,612,652,720,756,844,914
6033,CA,Lake County ,64386,0,0,0,0,4,7,7,7,7,12,14,18,21,26,37,58,70,72,81,98,99,121,126,139,154,159,161,166,174,191,211
6035,CA,Lassen County ,30573,0,0,0,0,0,0,0,0,0,0,0,0,0,0,0,0,0,0,2,7,7,7,7,9,25,28,29,35,35,52,74
6037,CA,Los Angeles County ,10039107,19371,21232,22796,24397,26088,27890,29875,31933,34079,36137,38050,39870,41497,42950,44272,45321,46229,47118,47876,48665,49403,50158,50844,51601,52781,54462,56683,60193,65870,74353,85648
6039,CA,Madera County ,157327,20,22,28,35,49,67,105,158,242,354,434,491,557,576,608,635,657,683,693,703,721,726,734,739,763,795,811,856,926,999,1060
6041,CA,Marin County ,258826,124,128,139,151,167,233,313,388,497,561,617,644,679,719,779,815,833,859,902,910,920,925,936,938,943,951,965,997,1018,1052,1104
6043,CA,Mariposa County ,17203,0,0,0,0,0,0,0,0,0,0,0,0,0,0,0,0,0,0,0,0,0,0,0,0,0,0,0,7,7,7,7
6045,CA,Mendocino County ,86749,0,0,0,0,4,7,11,29,53,68,70,90,109,112,112,119,119,124,138,140,140,140,140,145,147,150,154,160,164,169,189
6047,CA,Merced County ,277680,49,49,57,75,84,93,140,239,348,505,597,665,779,818,865,911,950,983,1015,1030,1043,1055,1087,1126,1184,1219,1290,1410,1517,1662,1817
6049,CA,Modoc County ,8841,0,0,0,0,0,0,0,0,0,0,0,0,0,0,0,0,0,0,0,0,0,0,0,0,0,0,0,0,0,0,0
6051,CA,Mono County ,14444,7,7,7,7,7,7,7,7,7,7,7,13,14,14,14,14,14,14,14,14,14,14,14,14,17,21,21,21,21,21,21
6053,CA,Monterey County ,434061,77,85,91,93,107,124,127,155,190,234,284,340,375,421,439,457,475,499,529,562,610,661,689,736,789,822,927,1105,1316,1512,1741
6055,CA,Napa County ,137744,21,21,26,28,28,28,36,53,59,73,82,84,84,84,84,84,84,84,88,98,100,105,105,110,112,117,132,153,164,180,196
6057,CA,Nevada County ,99755,7,7,7,7,7,7,7,7,7,7,8,23,28,28,28,28,35,35,41,42,47,49,49,49,49,56,118,222,295,335,392
6059,CA,Orange County ,3175692,1704,2076,2415,2847,3353,3904,4480,5115,5743,6471,7173,7793,8239,8626,8912,9237,9589,9911,10226,10409,10546,10724,10859,11022,11341,11625,12129,12813,14049,15877,18390
6061,CA,Placer County ,398329,63,63,63,73,77,77,77,92,115,139,186,217,228,245,275,311,354,379,394,399,403,417,429,440,487,542,639,723,899,1099,1247
6063,CA,Plumas County ,18807,0,0,0,0,0,0,0,0,0,0,0,0,0,0,0,0,0,0,0,0,0,0,0,0,0,0,0,1,7,20,28
6065,CA,Riverside County ,2470546,2479,2708,2983,3246,3596,4052,4570,5151,5784,6423,6940,7364,7705,8028,8269,8530,8703,8852,9004,9161,9272,9411,9622,9853,10207,10632,11281,12223,13265,14845,16959
6067,CA,Sacramento County ,1552058,438,463,479,524,567,641,753,932,1120,1375,1646,1957,2261,2549,2732,2939,3122,3282,3406,3511,3621,3721,3797,3975,4178,4503,4911,5461,5971,6620,7308
6069,CA,San Benito County ,62808,16,21,21,21,21,21,21,21,26,28,30,40,45,51,62,63,65,76,78,86,91,91,91,91,91,92,110,122,137,164,200
6071,CA,San Bernardino County ,2180085,1614,1741,1883,2047,2388,2806,3337,4081,4815,5429,5982,6467,6825,7120,7361,7588,7791,7979,8187,8380,8526,8748,9005,9327,9749,10264,11009,12328,14068,16480,19358
6073,CA,San Diego County ,3338330,2151,2317,2464,2627,2850,3125,3522,3836,4121,4343,4542,4757,4922,5106,5274,5466,5648,5805,5959,6123,6274,6416,6563,6735,7035,7330,7702,8425,9419,10701,12403
6075,CA,City and County of San Francisco,881549,338,346,360,364,364,377,406,439,483,525,569,608,631,670,741,791,848,917,1019,1082,1106,1120,1127,1143,1171,1188,1224,1265,1369,1526,1776
6077,CA,San Joaquin County ,762148,277,323,360,417,465,605,870,1241,1644,2082,2426,2658,2879,3077,3229,3341,3433,3513,3588,3649,3683,3710,3757,3804,3861,3943,4090,4333,4739,5298,5813
6079,CA,San Luis Obispo County ,283111,7,7,7,7,12,23,42,60,96,115,141,154,158,177,182,198,217,218,224,224,226,238,239,249,254,278,319,377,489,598,745
6081,CA,San Mateo County ,766573,674,713,751,791,827,840,865,880,887,905,924,945,973,1008,1023,1051,1069,1092,1119,1138,1160,1177,1199,1212,1222,1266,1312,1374,1511,1638,1766
6083,CA,Santa Barbara County ,446499,103,122,165,220,250,297,338,404,474,528,599,661,714,750,790,804,814,827,836,862,888,907,919,931,942,959,972,1004,1047,1089,1243
6085,CA,Santa Clara County ,1927852,1007,1026,1039,1067,1097,1173,1234,1302,1374,1463,1511,1618,1747,1846,1932,2044,2127,2238,2330,2402,2473,2558,2670,2755,2875,3008,3222,3588,4157,5017,6030
6087,CA,Santa Cruz County ,273213,14,14,20,21,21,21,22,28,28,38,46,49,49,49,51,63,77,91,136,165,186,189,189,195,210,258,340,427,548,629,723
6089,CA,Shasta County ,180080,32,35,35,35,46,56,63,75,77,84,91,91,96,98,99,112,139,189,216,236,242,259,283,296,331,389,454,512,547,634,740
6091,CA,Sierra County ,3005,0,0,0,0,0,0,0,0,0,0,0,0,0,0,0,0,0,0,0,0,0,0,0,0,0,0,0,0,0,0,0
6093,CA,Siskiyou County ,43539,0,0,0,0,0,0,0,0,0,0,0,0,0,0,0,0,0,0,0,0,0,0,0,0,2,14,27,35,42,56,65
6095,CA,Solano County ,447643,154,161,161,162,175,197,218,257,279,303,328,364,398,421,446,510,555,582,594,595,609,623,644,653,669,711,764,798,839,892,960
6097,CA,Sonoma County ,494336,21,21,21,28,49,78,104,136,202,268,348,433,497,597,695,742,782,786,807,828,873,901,950,980,1015,1043,1069,1096,1152,1244,1380
6099,CA,Stanislaus County ,550660,240,277,302,346,437,509,643,847,1099,1310,1555,1785,2048,2223,2351,2498,2623,2700,2737,2780,2810,2851,2896,2954,3075,3201,3362,3594,3898,4259,4594
6101,CA,Sutter County ,96971,14,14,21,21,21,26,28,28,41,45,49,50,65,70,70,70,75,79,84,84,84,84,84,84,93,116,169,246,343,440,489
6103,CA,Tehama County ,65084,7,7,7,7,7,7,7,7,7,7,7,13,14,14,21,26,32,43,53,56,67,96,124,141,163,175,201,224,231,243,262
6105,CA,Trinity County ,12285,0,0,0,0,0,0,0,0,0,0,0,0,0,0,0,0,0,0,0,0,0,0,0,0,0,3,8,14,16,21,21
6107,CA,Tulare County ,466195,641,676,757,849,944,1056,1163,1201,1305,1427,1528,1634,1704,1777,1825,1852,1924,1954,1991,2026,2070,2090,2110,2158,2239,2337,2429,2586,2862,3178,3515
6109,CA,Tuolumne County ,54478,0,0,0,0,0,0,0,0,13,14,14,14,14,15,26,28,28,28,28,28,28,35,60,63,69,78,100,123,152,185,203
6111,CA,Ventura County ,846006,231,262,285,330,371,400,478,543,605,682,718,795,879,956,1030,1072,1123,1159,1170,1189,1216,1231,1243,1264,1319,1393,1462,1544,1730,2094,2545
6113,CA,Yolo County ,220500,168,168,168,170,180,191,219,261,291,303,328,347,377,385,385,391,392,396,406,408,425,445,485,524,556,602,672,760,863,923,962
6115,CA,Yuba County ,78668,7,7,7,7,8,18,21,21,26,28,28,30,35,35,42,49,49,57,63,63,63,63,63,63,63,63,63,68,94,120,133
0,ID,Statewide Unallocated,0,0,0,0,0,0,0,0,0,3,0,0,0,0,0,2,1,0,0,0,0,0,0,0,0,0,0,0,0,0,0,0
16001,ID,Ada County ,481587,154,154,154,159,161,168,202,285,389,511,626,724,831,895,956,1000,1026,1038,1070,1093,1120,1214,1307,1415,1536,1645,1782,1934,2122,2263,2442
16003,ID,Adams County ,4294,0,0,0,0,0,0,0,0,0,0,0,0,0,3,7,7,11,14,14,14,14,14,14,14,14,14,14,18,21,21,21
16005,ID,Bannock County ,87808,7,7,7,7,7,7,7,7,14,14,14,14,14,21,28,28,28,34,52,59,70,95,113,137,183,198,238,289,344,378,439
16007,ID,Bear Lake County ,6125,0,0,0,0,0,0,0,0,0,0,0,0,0,0,0,0,6,7,7,7,7,7,7,7,7,7,7,11,14,14,14
16009,ID,Benewah County ,9298,0,0,0,0,0,0,0,0,0,0,6,7,7,13,14,18,21,21,21,21,21,21,21,21,21,21,21,26,28,28,28
16011,ID,Bingham County ,46811,0,0,0,0,0,7,7,14,14,14,14,24,33,40,60,70,70,70,70,77,107,145,172,182,189,189,206,220,253,294,317
16013,ID,Blaine County ,23021,35,35,35,35,35,35,35,40,42,42,42,42,42,42,42,42,42,42,42,42,45,49,49,49,49,49,49,61,72,84,88
16015,ID,Boise County ,7831,0,0,0,0,0,0,0,0,5,7,7,7,7,7,7,7,9,14,14,14,14,14,14,14,14,14,14,14,14,14,14
16017,ID,Bonner County ,45739,0,0,0,0,0,0,0,0,0,0,0,0,0,0,0,0,0,0,0,5,7,7,13,14,19,21,45,66,80,84,90
16019,ID,Bonneville County ,119062,0,0,7,7,7,7,7,7,10,19,32,42,60,76,90,100,111,117,136,152,177,239,277,294,366,409,495,598,683,743,808
16021,ID,Boundary County ,12245,0,0,0,0,0,0,0,0,0,0,0,0,5,7,7,7,7,7,7,7,7,7,7,7,7,16,27,33,39,42,48
16023,ID,Butte County ,2597,0,0,0,0,0,0,0,0,0,0,0,0,0,0,0,0,0,0,0,0,0,0,0,0,0,0,0,0,0,0,2
16025,ID,Camas County ,1106,0,0,0,0,0,0,0,0,0,0,0,0,0,0,0,0,0,0,0,0,0,0,0,0,0,0,0,0,0,0,0
16027,ID,Canyon County ,229849,42,42,42,42,42,63,108,164,241,312,369,431,503,575,615,674,703,712,721,733,753,766,816,884,936,986,1038,1169,1338,1430,1518
16029,ID,Caribou County ,7155,0,0,0,0,0,0,0,0,0,0,0,0,0,0,0,0,0,3,13,19,28,28,33,35,59,70,70,76,76,70,70
16031,ID,Cassia County ,24030,7,7,7,7,7,7,7,7,7,7,7,7,22,28,33,35,35,41,53,56,56,60,73,93,110,120,126,136,135,135,140
16033,ID,Clark County ,845,0,0,0,0,0,0,0,0,0,0,0,0,0,0,0,0,0,0,0,0,0,0,0,0,0,0,0,0,0,0,0
16035,ID,Clearwater County ,8756,0,0,0,0,0,0,0,0,0,0,0,0,0,0,0,0,0,0,0,0,0,0,0,0,0,0,0,14,33,42,42
16037,ID,Custer County ,4315,0,0,0,0,0,0,0,0,0,0,0,0,0,0,0,0,7,7,7,7,7,7,7,7,7,7,7,7,13,14,14
16039,ID,Elmore County ,27511,14,14,14,14,14,14,14,14,17,21,21,21,21,21,21,21,21,23,28,28,28,28,28,28,37,42,48,49,59,63,63
16041,ID,Franklin County ,13876,0,0,0,0,0,0,0,0,0,0,0,0,0,0,0,0,0,0,7,7,7,14,17,25,28,33,45,49,56,56,56
16043,ID,Fremont County ,13099,0,0,0,0,0,0,0,0,0,0,0,3,9,14,19,21,21,21,21,21,23,28,34,46,53,64,70,80,84,91,96
16045,ID,Gem County ,18112,0,0,0,0,0,0,0,0,0,5,7,10,14,14,14,14,14,22,28,28,33,35,35,35,35,35,39,62,106,121,143
16047,ID,Gooding County ,15179,0,0,7,7,7,7,7,7,7,7,7,7,7,7,7,7,7,7,10,14,31,57,63,63,63,63,69,92,107,119,125
16049,ID,Idaho County ,16667,0,0,0,0,0,0,0,0,0,0,0,0,0,0,0,0,0,0,0,0,5,7,7,21,33,41,75,96,105,105,105
16051,ID,Jefferson County ,29871,0,0,0,0,0,0,0,6,7,7,7,7,7,7,7,7,10,18,21,21,21,24,33,35,61,73,77,77,92,98,102
16053,ID,Jerome County ,24412,14,17,21,23,34,35,40,42,42,42,42,42,42,42,42,47,49,49,49,49,52,62,63,66,80,84,96,102,105,107,112
16055,ID,Kootenai County ,165697,0,0,4,7,7,7,7,7,51,103,124,156,198,209,219,230,238,245,294,316,327,348,375,416,469,523,593,677,714,736,809
16057,ID,Latah County ,40108,0,0,0,0,0,0,0,0,0,0,0,0,0,0,0,0,0,0,0,0,0,6,7,7,7,15,21,21,21,23,40
16059,ID,Lemhi County ,8027,0,0,0,0,0,0,0,0,0,0,0,0,0,0,0,0,0,0,0,0,0,4,19,33,46,49,54,56,62,63,63
16061,ID,Lewis County ,3838,0,0,0,0,0,0,0,0,0,0,0,0,0,0,0,0,0,4,12,14,19,21,21,21,21,24,28,28,35,35,35
16063,ID,Lincoln County ,5366,0,0,0,0,0,0,0,0,0,0,0,0,0,0,0,0,0,0,0,0,2,14,39,49,55,56,56,56,56,56,63
16065,ID,Madison County ,39907,0,0,0,0,0,0,0,0,0,0,0,0,0,0,3,7,7,12,14,14,17,25,43,49,49,52,58,69,70,80,115
16067,ID,Minidoka County ,21039,0,0,0,0,0,0,0,7,12,14,14,14,14,22,39,49,54,56,56,56,56,60,68,77,94,102,126,140,151,154,158
16069,ID,Nez Perce County ,40408,133,133,133,133,133,133,133,133,133,133,133,133,133,133,137,156,168,168,168,168,168,168,171,185,189,213,251,276,287,296,308
16071,ID,Oneida County ,4531,0,0,0,0,0,0,0,0,0,0,0,0,0,0,0,0,0,0,0,0,0,0,0,0,0,0,0,0,3,13,14
16073,ID,Owyhee County ,11823,0,0,0,0,0,0,0,0,3,14,21,28,32,35,35,35,35,35,35,35,35,35,35,35,35,35,70,111,126,127,137
16075,ID,Payette County ,23951,14,14,14,14,14,14,14,14,14,14,20,27,28,28,28,39,50,62,63,67,70,70,76,87,91,97,105,127,148,154,166
16077,ID,Power County ,7681,0,0,0,0,0,0,0,0,0,0,0,0,0,0,0,0,6,7,7,9,14,14,14,14,25,28,28,28,28,28,30
16079,ID,Shoshone County ,12882,0,0,0,0,0,0,0,0,3,14,17,48,90,108,117,123,126,126,126,131,139,140,140,147,153,154,159,161,161,161,180
16081,ID,Teton County ,12142,0,0,0,0,0,0,0,0,0,0,0,0,0,0,0,0,0,4,7,7,12,14,14,14,14,14,14,14,14,14,14
16083,ID,Twin Falls County ,86878,161,173,175,175,175,175,175,182,208,224,227,231,237,241,245,245,252,264,278,289,305,333,367,454,511,606,677,720,759,779,790
16085,ID,Valley County ,11392,0,0,0,0,0,0,4,7,7,7,7,7,7,7,7,7,7,7,7,7,7,7,7,7,7,7,7,7,11,21,21
16087,ID,Washington County ,10194,0,0,0,0,0,12,14,14,14,20,21,21,26,28,28,29,40,42,44,49,53,56,56,59,68,73,83,93,98,98,100
0,MT,Statewide Unallocated,0,14,14,14,14,14,14,14,14,14,14,14,14,14,14,14,14,14,14,14,14,14,14,14,14,14,14,14,14,14,14,14
30001,MT,Beaverhead County ,9453,0,0,0,0,0,0,0,0,0,0,0,0,3,7,7,7,7,7,7,7,7,7,10,14,21,21,21,29,51,56,56
30003,MT,Big Horn County ,13319,3,8,19,21,24,28,35,35,48,83,97,102,105,111,125,147,152,158,177,215,237,260,278,292,338,350,350,381,399,399,405
30005,MT,Blaine County ,6681,0,0,0,0,0,0,0,0,0,0,0,0,0,0,0,0,0,0,0,12,15,41,54,66,112,123,126,136,143,154,154
30007,MT,Broadwater County ,6237,0,0,0,0,0,0,0,0,0,0,0,0,0,0,0,0,0,0,0,0,0,0,0,0,3,7,7,7,13,14,10
30009,MT,Carbon County ,10725,0,0,0,0,0,0,0,0,0,0,0,0,0,0,0,0,0,0,0,0,0,2,7,12,31,42,42,46,49,54,56
30011,MT,Carter County ,1252,0,0,0,0,0,0,0,0,0,0,0,0,0,0,0,0,0,0,0,0,0,6,14,16,21,21,26,28,28,28,28
30013,MT,Cascade County ,81366,14,14,14,14,14,14,14,14,14,19,28,34,35,35,35,35,35,38,42,42,42,83,155,305,374,481,521,557,575,635,710
30015,MT,Chouteau County ,5635,0,0,0,0,0,0,0,0,0,0,0,0,0,0,0,0,0,0,0,0,0,0,0,2,8,20,21,21,21,22,28
30017,MT,Custer County ,11402,0,0,0,0,0,0,0,0,10,14,14,14,14,14,14,14,14,14,14,14,20,21,33,40,42,42,44,55,56,56,62
30019,MT,Daniels County ,1690,0,0,0,0,0,0,0,0,0,0,0,0,0,0,0,0,0,0,0,0,5,13,21,21,21,25,28,33,35,35,35
30021,MT,Dawson County ,8613,0,0,0,0,0,0,0,0,0,0,0,0,0,2,7,7,7,7,7,7,15,28,34,52,56,58,87,110,142,154,168
30023,MT,Deer Lodge County ,9140,0,0,0,0,0,0,0,0,0,0,0,0,0,0,0,0,0,0,0,0,5,7,35,61,69,70,70,70,70,70,66
30025,MT,Fallon County ,2846,0,0,0,0,0,0,0,0,0,0,0,0,0,0,0,0,0,0,0,0,0,0,0,0,0,6,7,7,7,7,13
30027,MT,Fergus County ,11050,0,0,0,0,0,0,0,0,0,0,0,0,0,0,2,7,7,7,7,9,14,14,14,14,14,16,26,70,90,91,91
30029,MT,Flathead County ,103806,14,14,14,14,14,14,14,14,14,14,19,21,32,55,75,97,114,130,145,161,167,186,189,189,195,246,273,303,336,382,392
30031,MT,Gallatin County ,114434,7,7,7,7,7,7,7,7,14,21,21,21,21,21,21,26,28,28,28,32,41,47,66,84,99,129,161,189,210,242,261
30033,MT,Garfield County ,1258,0,0,0,0,0,0,0,0,0,0,0,0,0,0,0,0,0,0,0,0,0,0,0,0,7,14,14,14,14,14,14
30035,MT,Glacier County ,13753,0,0,0,0,0,0,0,3,7,7,7,7,7,7,7,7,7,7,7,11,54,94,114,121,126,132,144,153,154,154,159
30037,MT,Golden Valley County ,821,0,0,0,0,0,0,0,0,0,0,0,0,0,0,0,0,0,0,0,0,0,0,0,0,0,0,0,0,0,0,0
30039,MT,Granite County ,3379,0,0,0,0,0,0,0,0,0,0,0,0,0,0,0,0,0,0,0,0,0,0,0,2,7,7,7,7,13,14,14
30041,MT,Hill County ,16484,0,0,0,0,0,0,0,0,0,6,14,14,14,14,15,21,21,21,33,57,108,137,140,149,179,192,196,201,210,238,238
30043,MT,Jefferson County ,12221,0,0,0,0,0,0,0,0,0,0,0,0,0,0,0,0,0,0,0,0,0,0,0,0,0,0,5,7,14,21,27
30045,MT,Judith Basin County ,2007,0,0,0,0,0,0,0,0,0,0,0,0,0,0,0,0,0,0,0,0,0,0,0,0,0,0,0,0,0,0,0
30047,MT,Lake County ,30458,0,0,0,0,0,0,0,3,7,7,7,7,7,7,7,7,7,7,7,7,10,29,48,51,68,85,94,105,112,112,112
30049,MT,Lewis and Clark County ,69432,0,0,0,0,0,0,3,7,7,7,13,14,14,19,21,21,21,21,21,21,31,39,46,53,65,77,113,165,204,249,267
30051,MT,Liberty County ,2337,0,0,0,0,0,0,0,0,0,0,0,0,0,0,0,0,0,0,0,0,0,0,3,7,7,7,7,7,7,7,7
30053,MT,Lincoln County ,19980,7,7,7,7,7,7,7,7,12,14,14,14,14,14,19,21,21,21,21,21,21,25,41,42,48,63,63,63,65,64,63
30055,MT,McCone County ,1664,0,0,0,0,0,0,0,0,0,0,0,0,0,0,0,0,0,0,0,0,0,0,0,0,0,0,0,0,0,0,0
30057,MT,Madison County ,8600,7,7,7,7,7,7,7,7,7,7,7,7,7,7,7,7,7,7,7,7,7,7,7,9,14,14,21,21,21,21,21
30059,MT,Meagher County ,1862,0,0,0,0,0,0,0,0,0,0,0,0,0,0,5,7,14,14,14,14,18,28,35,43,49,49,49,49,49,49,49
30061,MT,Mineral County ,4397,0,0,0,0,0,0,0,0,0,0,0,0,0,0,0,0,0,0,0,0,0,0,0,0,0,0,0,0,0,0,0
30063,MT,Missoula County ,119600,0,0,0,0,0,0,0,0,0,2,9,16,21,21,21,21,21,21,28,41,58,99,172,205,231,290,304,315,317,343,373
30065,MT,Musselshell County ,4633,0,0,0,0,0,0,0,0,0,0,0,0,0,0,3,7,7,7,7,7,7,11,14,14,14,18,40,42,48,49,49
30067,MT,Park County ,16606,0,0,0,0,0,0,0,0,0,0,0,0,0,0,0,0,0,0,0,0,0,0,0,0,11,20,21,25,28,29,39
30069,MT,Petroleum County ,487,0,0,0,0,0,0,0,0,0,0,0,0,0,0,0,0,0,0,0,0,0,0,0,0,0,2,7,7,7,7,7
30071,MT,Phillips County ,3954,0,0,0,0,0,0,0,0,0,0,0,0,0,0,0,0,0,0,0,0,0,1,14,28,33,39,45,59,67,83,84
30073,MT,Pondera County ,5911,0,0,0,0,0,0,0,0,0,0,0,0,0,0,0,0,0,0,6,7,7,7,7,7,15,21,21,21,21,21,21
30075,MT,Powder River County ,1682,0,0,0,0,0,0,0,0,0,0,0,0,0,0,0,0,0,0,0,6,31,35,35,35,35,35,35,35,35,35,35
30077,MT,Powell County ,6890,0,0,0,0,0,0,0,0,0,0,0,0,0,0,0,0,0,0,0,0,0,0,3,7,10,20,21,25,34,35,35
30079,MT,Prairie County ,1077,0,0,0,0,0,0,0,0,0,0,0,0,0,0,0,0,0,0,0,0,0,0,0,0,0,0,10,14,14,14,14
30081,MT,Ravalli County ,43806,0,0,0,0,0,2,7,7,7,7,12,14,14,14,14,14,14,14,14,22,28,28,28,30,61,86,102,105,114,167,179
30083,MT,Richland County ,10803,0,0,0,0,0,0,0,0,3,12,14,14,14,14,14,14,14,14,14,14,20,35,41,44,49,49,58,63,63,63,75
30085,MT,Roosevelt County ,11004,0,0,0,0,0,0,0,0,0,0,0,6,7,7,7,7,16,37,60,87,117,166,213,241,259,270,288,294,294,294,330
30087,MT,Rosebud County ,8937,0,0,0,3,7,7,7,7,7,7,7,11,14,29,40,72,126,133,133,140,143,147,147,149,160,163,172,180,184,194,196
30089,MT,Sanders County ,12113,0,0,0,0,0,0,0,0,0,0,0,0,0,0,3,7,7,7,7,7,12,14,14,14,14,16,21,21,21,21,23
30091,MT,Sheridan County ,3309,0,0,0,0,0,0,0,0,0,0,0,0,0,0,0,0,0,0,0,0,0,0,0,0,4,14,19,21,24,34,35
30093,MT,Silver Bow County ,34915,0,0,0,0,0,0,0,0,0,0,0,0,0,0,0,0,0,0,0,0,0,8,44,84,115,142,207,214,232,238,238
30095,MT,Stillwater County ,9642,0,0,0,0,0,0,0,0,0,2,7,7,13,14,14,14,14,14,20,21,21,21,24,28,28,28,45,55,56,56,56
30097,MT,Sweet Grass County ,3737,0,0,0,0,0,0,0,5,7,7,7,7,7,7,7,7,7,11,14,14,14,14,14,14,20,23,34,35,35,41,42
30099,MT,Teton County ,6147,0,0,0,0,0,0,0,0,0,0,0,0,0,0,0,0,0,0,0,0,0,2,7,9,20,21,21,21,21,21,31
30101,MT,Toole County ,4736,42,42,42,42,42,42,42,42,42,42,42,42,42,42,42,42,42,42,42,42,42,42,56,56,56,56,56,56,56,56,56
30103,MT,Treasure County ,696,0,0,0,0,0,0,0,0,0,0,0,0,0,0,0,0,0,0,0,0,2,7,7,7,7,7,7,7,7,7,7
30105,MT,Valley County ,7396,0,0,0,0,0,0,0,0,0,0,0,0,0,0,0,0,0,4,7,13,14,25,35,35,35,35,44,49,49,49,49
30107,MT,Wheatland County ,2126,0,0,0,0,0,0,0,0,0,0,0,0,0,0,0,0,3,7,7,7,13,18,21,21,21,25,41,42,42,42,42
30109,MT,Wibaux County ,969,0,0,0,0,0,0,0,0,0,0,0,0,0,0,0,0,0,0,0,0,0,0,0,1,7,16,21,28,28,28,28
30111,MT,Yellowstone County ,161300,21,21,21,28,28,45,96,137,172,197,219,234,287,315,349,385,434,472,496,533,573,626,676,693,767,825,844,925,1027,1094,1128
0,OR,Statewide Unallocated,0,1,0,0,0,0,0,0,0,0,0,0,0,0,0,0,0,0,0,0,0,0,0,0,0,0,0,0,36,0,0,0
41001,OR,Baker County ,16124,0,0,0,0,0,0,0,0,0,0,0,4,12,14,14,14,14,14,14,14,18,21,21,21,21,21,27,28,28,33,35
41003,OR,Benton County ,93053,35,35,35,35,35,40,42,42,42,42,42,42,42,42,42,42,42,42,42,42,42,42,42,45,49,49,49,54,61,75,77
41005,OR,Clackamas County ,418187,82,94,146,166,170,183,205,231,248,268,327,377,385,395,406,425,427,438,447,454,455,461,487,503,528,538,578,643,719,769,782
41007,OR,Clatsop County ,40224,0,0,0,0,0,0,0,0,0,0,0,0,0,0,0,0,0,0,0,0,0,0,0,0,0,0,0,5,12,18,21
41009,OR,Columbia County ,52354,0,0,0,0,0,0,0,0,0,0,4,7,7,7,7,7,7,7,7,7,7,9,14,14,16,21,30,47,54,79,97
41011,OR,Coos County ,64487,0,0,0,0,0,0,0,0,0,0,0,0,0,0,0,0,0,0,0,0,0,5,7,7,7,12,22,28,28,42,57
41013,OR,Crook County ,24404,0,0,0,0,0,4,7,7,7,7,7,7,7,7,7,7,7,7,7,7,14,17,32,35,40,42,42,42,42,48,49
41015,OR,Curry County ,22925,0,0,0,0,0,0,0,0,0,0,0,0,0,0,0,0,0,0,0,3,7,9,14,14,14,14,14,14,14,20,21
41017,OR,Deschutes County ,197692,0,0,0,0,0,0,5,13,39,61,74,77,77,77,82,84,84,84,89,91,91,91,91,97,98,100,105,112,128,140,154
41019,OR,Douglas County ,110980,0,0,0,0,0,0,5,7,7,7,7,11,14,21,21,21,25,28,28,28,32,54,64,70,90,119,141,184,241,259,269
41021,OR,Gilliam County ,1912,0,0,0,0,0,0,0,0,0,0,0,0,0,0,0,0,0,0,0,0,0,0,0,0,0,0,0,5,7,7,7
41023,OR,Grant County ,7199,0,0,0,0,0,0,0,0,0,0,0,0,0,0,0,0,0,0,0,0,0,0,0,0,4,7,7,7,7,7,7
41025,OR,Harney County ,7393,0,0,0,0,0,0,0,0,0,0,0,0,0,0,0,0,0,0,0,0,0,0,0,0,3,7,7,7,7,7,13
41027,OR,Hood River County ,23382,0,0,0,0,0,0,0,0,0,0,0,0,0,0,0,0,0,0,0,3,7,7,7,7,7,7,17,21,50,73,93
41029,OR,Jackson County ,220944,0,0,0,0,0,0,0,0,5,10,14,14,14,19,21,21,31,40,42,42,42,47,54,62,115,186,264,315,372,441,496
41031,OR,Jefferson County ,24658,0,0,0,0,0,0,0,0,15,24,28,41,47,49,52,56,56,56,56,59,63,68,76,77,77,77,77,80,84,108,118
41033,OR,Josephine County ,87487,7,7,7,7,7,7,7,7,7,12,14,14,14,14,14,14,14,14,14,14,20,21,27,28,28,28,35,54,93,137,152
41035,OR,Klamath County ,68238,0,0,0,0,4,7,7,7,7,10,14,14,14,14,14,14,14,18,21,21,21,21,21,21,24,28,41,71,87,108,120
41037,OR,Lake County ,7869,0,0,0,0,0,0,0,0,0,0,0,0,0,0,0,0,0,0,0,0,0,0,0,0,0,5,7,7,13,28,28
41039,OR,Lane County ,382067,21,21,21,21,21,21,21,21,21,21,24,31,35,43,74,98,113,122,139,151,185,191,198,230,253,279,339,429,531,582,640
41041,OR,Lincoln County ,49962,0,0,0,12,17,31,49,56,59,63,63,75,89,91,91,91,91,91,91,91,91,91,91,91,91,99,108,112,112,117,119
41043,OR,Linn County ,129749,63,63,63,63,63,69,70,70,70,70,76,81,84,90,91,91,91,91,95,98,102,110,119,119,125,142,165,183,211,223,224
41045,OR,Malheur County ,30571,0,7,7,7,7,8,28,45,62,85,100,111,122,137,149,160,177,207,228,231,252,266,266,266,270,290,313,315,334,347,350
41047,OR,Marion County ,347818,185,207,227,267,325,361,397,442,465,481,508,516,539,564,593,620,643,673,704,721,746,766,806,852,886,947,1070,1200,1316,1409,1462
41049,OR,Morrow County ,11603,0,0,2,7,7,7,7,7,7,17,21,21,21,21,26,34,42,42,42,42,42,48,49,49,49,49,49,49,49,55,56
41051,OR,Multnomah County ,812855,435,465,476,478,483,499,513,544,617,654,696,746,790,847,876,901,950,978,1013,1042,1099,1165,1248,1328,1435,1599,1781,2041,2349,2643,2716
41053,OR,Polk County ,86085,84,84,84,84,84,84,84,84,84,84,84,89,94,103,105,105,105,105,105,105,105,105,105,105,105,108,138,166,168,173,203
41055,OR,Sherman County ,1780,0,0,0,0,0,0,0,0,0,0,0,0,0,0,0,0,0,0,0,0,0,0,0,0,0,0,0,0,0,0,0
41057,OR,Tillamook County ,27036,0,0,0,0,0,0,0,0,0,0,0,0,0,0,0,0,0,0,0,0,0,0,0,0,0,0,0,0,0,0,0
41059,OR,Umatilla County ,77950,21,23,28,28,32,46,59,91,143,183,216,224,248,265,279,287,287,287,293,297,305,314,315,317,335,339,348,360,373,387,396
41061,OR,Union County ,26835,0,0,0,3,7,10,14,14,14,14,14,14,14,14,14,14,14,14,14,14,14,14,14,14,14,28,54,60,80,91,96
41063,OR,Wallowa County ,7208,0,0,0,0,0,0,2,7,7,7,7,7,7,7,7,7,7,7,7,7,14,14,14,14,14,20,21,21,21,21,21
41065,OR,Wasco County ,26682,7,7,7,7,7,7,16,21,21,21,21,21,21,21,21,21,21,29,72,103,105,111,115,119,123,131,133,133,136,150,154
41067,OR,Washington County ,601592,125,130,140,140,140,141,147,153,156,168,185,216,264,328,361,403,413,420,449,478,513,544,581,622,659,689,735,786,883,962,982
41069,OR,Wheeler County ,1332,0,0,0,0,0,0,0,0,0,0,0,0,0,0,0,0,0,0,0,0,0,0,0,0,0,0,0,0,0,0,5
41071,OR,Yamhill County ,107100,49,53,56,56,56,62,63,63,70,86,91,91,91,91,91,91,91,97,98,104,105,105,105,105,110,112,120,131,191,233,238
0,WA,Statewide Unallocated,0,3,0,1,0,0,2,4,3,4,20,16,26,29,30,28,31,32,28,23,28,22,21,21,21,24,21,21,27,21,21,23
53001,WA,Adams County ,19983,0,0,0,0,0,0,0,2,18,29,36,42,46,54,61,63,68,70,70,70,70,75,77,77,77,84,84,89,99,112,112
53003,WA,Asotin County ,22582,14,14,14,14,14,14,14,14,14,14,14,14,14,14,14,14,14,17,31,41,48,56,59,67,78,84,91,100,109,112,112
53005,WA,Benton County ,204390,447,491,521,525,579,629,673,719,752,788,835,853,854,864,880,886,906,922,924,924,937,944,954,968,976,985,1001,1001,1031,1079,1084
53007,WA,Chelan County ,77200,42,42,42,42,42,45,46,50,62,70,70,73,80,84,88,97,104,111,112,112,112,118,127,137,145,153,154,154,176,237,234
53009,WA,Clallam County ,77331,0,0,0,0,0,0,0,0,0,0,1,7,7,7,7,7,7,7,7,7,7,7,7,14,21,21,28,28,28,28,28
53011,WA,Clark County ,488241,163,188,196,203,203,203,207,227,269,297,321,357,374,394,408,428,434,466,481,509,539,553,595,671,749,801,863,895,924,959,964
53013,WA,Columbia County ,3985,0,0,0,0,0,0,0,0,0,7,7,7,7,7,7,7,7,7,7,7,7,7,7,11,14,14,21,21,23,28,28
53015,WA,Cowlitz County ,110593,0,0,0,0,0,0,7,18,31,35,35,41,42,42,42,42,43,49,49,49,49,49,49,55,56,56,84,101,115,146,146
53017,WA,Douglas County ,43429,21,21,21,21,21,21,24,33,42,42,42,47,52,56,59,63,63,63,63,63,63,69,70,70,70,70,70,70,78,98,99
53019,WA,Ferry County ,7627,0,0,0,0,0,0,0,0,0,0,0,0,0,0,0,0,0,0,0,0,0,0,6,7,7,7,7,7,7,7,8
53021,WA,Franklin County ,95222,143,168,193,218,231,244,286,305,321,334,355,384,392,405,410,433,456,462,462,468,469,473,482,483,490,503,518,521,530,540,542
53023,WA,Garfield County ,2225,0,0,0,0,0,0,0,0,0,0,0,0,0,0,0,0,0,0,0,0,0,0,0,0,0,0,0,0,2,7,8
53025,WA,Grant County ,97733,28,28,29,41,42,50,56,62,82,85,91,98,101,113,119,131,142,152,160,161,181,191,202,210,223,231,263,266,271,280,284
53027,WA,Grays Harbor County ,75061,0,0,0,0,0,0,5,7,7,12,18,27,39,42,42,42,45,67,75,77,77,77,81,91,91,91,91,115,129,140,146
53029,WA,Island County ,85141,77,77,81,84,84,84,77,77,77,77,80,78,77,77,77,77,80,84,84,84,84,84,84,84,84,84,109,112,127,147,148
53031,WA,Jefferson County ,32221,0,0,0,0,0,0,0,0,0,0,0,0,0,0,0,0,0,0,0,0,0,0,0,0,0,5,7,7,7,7,7
53033,WA,King County ,2252782,4016,4092,4170,4243,4304,4411,4412,4481,4550,4655,4800,4935,5040,5121,5191,5247,5303,5337,5456,5531,5582,5691,5748,5828,5915,6053,6238,6312,6494,6752,6806
53035,WA,Kitsap County ,271473,14,14,14,14,14,14,14,14,23,38,49,53,61,71,77,77,89,93,106,127,151,154,159,173,198,209,210,210,218,238,240
53037,WA,Kittitas County ,47935,0,0,0,0,0,0,0,34,108,126,140,145,147,147,150,154,154,154,154,154,154,154,154,154,158,161,161,161,161,161,165
53039,WA,Klickitat County ,22425,21,21,21,21,21,21,21,21,21,21,21,21,21,21,21,21,21,21,21,21,21,21,21,21,21,21,21,21,21,21,21
53041,WA,Lewis County ,80707,21,21,21,21,21,21,21,21,21,21,27,28,28,28,28,28,28,34,50,56,83,84,91,91,100,111,119,119,134,162,170
53043,WA,Lincoln County ,10939,0,0,0,0,0,0,0,0,0,0,0,5,7,7,7,7,7,7,7,9,14,14,14,14,18,21,21,26,28,28,29
53045,WA,Mason County ,66768,7,7,7,7,7,7,7,7,7,7,7,7,7,7,16,21,27,41,55,60,63,69,70,70,75,77,82,84,88,92,95
53047,WA,Okanogan County ,42243,7,7,11,14,14,14,14,14,14,17,35,42,45,49,59,63,69,70,70,70,75,77,77,77,77,77,88,96,122,188,186
53049,WA,Pacific County ,22471,7,7,7,7,7,7,7,7,12,14,14,14,20,21,21,21,21,21,21,21,21,21,21,21,21,21,21,21,21,22,24
53051,WA,Pend Oreille County ,13724,0,0,0,0,0,0,0,0,0,0,0,0,0,0,0,0,0,0,0,0,7,7,7,7,7,7,17,21,23,28,28
53053,WA,Pierce County ,904980,579,611,629,669,724,756,765,814,871,938,1010,1082,1150,1222,1270,1332,1383,1441,1460,1505,1525,1574,1629,1705,1814,1895,1981,1987,2043,2160,2188
53055,WA,San Juan County ,17582,0,0,0,0,0,0,0,0,0,0,0,0,0,0,0,0,0,0,0,0,0,0,0,0,0,0,0,0,0,0,0
53057,WA,Skagit County ,129205,105,105,105,105,105,111,115,123,142,147,151,154,154,154,154,154,154,154,154,159,161,165,175,175,181,182,201,213,221,231,242
53059,WA,Skamania County ,12083,0,0,0,0,0,0,0,6,7,7,7,7,7,7,7,7,7,7,7,7,7,7,7,7,7,7,7,7,7,7,7
53061,WA,Snohomish County ,822083,1054,1088,1121,1161,1204,1245,1255,1275,1302,1336,1394,1433,1435,1435,1435,1461,1479,1484,1511,1533,1587,1623,1666,1739,1803,1924,2092,2126,2222,2402,2427
53063,WA,Spokane County ,522798,240,257,261,269,284,297,299,319,390,544,683,822,900,961,988,1042,1126,1190,1235,1275,1346,1404,1465,1531,1600,1717,1852,1908,2006,2169,2202
53065,WA,Stevens County ,45723,7,7,7,7,7,7,7,7,7,7,7,7,7,10,14,14,14,18,21,29,35,35,38,42,42,47,66,70,74,91,91
53067,WA,Thurston County ,290536,14,27,29,49,49,56,35,38,49,72,77,79,87,103,105,114,119,128,139,145,156,219,254,266,308,322,322,325,338,352,359
53069,WA,Wahkiakum County ,4488,0,0,0,0,0,0,0,0,0,0,0,0,0,0,0,0,0,0,0,0,0,0,0,0,0,0,0,0,0,0,0
53071,WA,Walla Walla County ,60760,14,14,14,14,14,14,14,14,14,15,23,28,31,35,35,35,35,36,41,42,42,42,62,88,133,157,179,182,192,219,219
53073,WA,Whatcom County ,229247,259,265,272,280,280,283,255,259,261,269,273,273,273,273,273,280,292,315,334,341,343,350,357,357,357,357,357,360,364,364,367
53075,WA,Whitman County ,50104,0,0,0,0,0,0,0,0,0,0,0,0,0,0,0,0,0,0,0,6,69,114,142,157,161,168,168,172,174,169,135
53077,WA,Yakima County ,250873,684,776,898,1029,1110,1245,1319,1359,1412,1469,1513,1612,1664,1698,1739,1779,1801,1828,1840,1860,1884,1908,1949,1979,2036,2058,2058,2058,2084,2140,2152
0,WY,Statewide Unallocated,0,0,0,0,0,0,0,0,0,0,0,2,0,0,0,0,2,0,0,0,0,0,0,0,0,0,0,2,0,0,0,0
56001,WY,Albany County ,38880,0,0,0,0,0,0,0,0,0,0,0,0,0,0,0,0,0,0,0,6,16,32,40,42,60,63,63,63,63,63,63
56003,WY,Big Horn County ,11790,0,0,0,0,0,0,0,0,0,0,2,7,7,7,7,7,11,14,14,14,14,49,54,63,63,84,90,105,105,105,141
56005,WY,Campbell County ,46341,0,0,0,0,0,0,0,6,7,7,7,7,7,7,7,7,7,11,14,14,17,21,26,41,48,80,105,130,152,154,211
56007,WY,Carbon County ,14800,7,7,7,7,7,7,7,7,7,7,7,10,14,14,14,14,14,14,14,14,14,14,14,27,34,49,61,78,84,84,102
56009,WY,Converse County ,13822,0,0,0,0,0,0,0,0,0,0,0,0,0,0,0,0,0,0,0,0,0,4,24,35,35,47,49,49,61,70,77
56011,WY,Crook County ,7584,0,0,0,0,0,0,0,0,0,0,0,0,0,0,0,0,0,0,0,0,3,7,7,7,21,33,38,42,42,42,46
56013,WY,Fremont County ,39261,56,61,63,63,63,63,67,70,70,80,84,90,91,97,98,98,98,98,98,98,104,109,122,144,166,204,246,325,371,378,436
56015,WY,Goshen County ,13211,0,0,0,0,0,0,0,0,0,0,0,7,7,7,7,10,14,14,14,14,17,33,42,42,42,61,63,74,88,91,113
56017,WY,Hot Springs County ,4413,0,0,0,0,0,0,0,0,0,0,0,0,0,0,0,0,0,0,0,0,0,0,0,0,0,0,6,7,7,7,7
56019,WY,Johnson County ,8445,7,7,7,7,7,7,7,7,7,7,7,7,7,7,7,7,7,7,7,7,13,14,14,14,26,28,31,35,35,35,42
56021,WY,Laramie County ,99500,14,14,14,14,14,19,21,21,21,21,21,24,28,28,28,28,28,28,28,28,28,46,54,75,77,157,185,259,315,329,413
56023,WY,Lincoln County ,19830,0,0,0,0,0,0,0,0,0,0,0,0,0,6,7,7,7,7,7,14,14,21,21,28,42,42,42,62,70,70,77
56025,WY,Natrona County ,79858,7,7,7,7,7,7,7,7,7,7,7,7,7,10,14,20,28,36,42,48,52,64,81,109,217,320,349,422,484,518,632
56027,WY,Niobrara County ,2356,0,0,0,0,0,0,0,0,0,0,0,0,0,0,0,0,0,0,0,0,0,0,0,0,0,0,0,7,7,7,14
56029,WY,Park County ,29194,0,0,0,0,0,0,0,0,0,0,0,0,0,6,7,10,14,14,14,14,20,21,21,21,28,42,42,49,49,49,61
56031,WY,Platte County ,8393,0,0,0,0,0,0,0,0,0,0,0,7,7,7,7,7,7,7,7,7,7,14,25,28,35,47,55,56,56,56,56
56033,WY,Sheridan County ,30485,0,0,0,0,0,0,0,0,0,0,0,7,7,7,7,22,28,28,28,28,28,32,41,56,66,70,73,89,99,105,116
56035,WY,Sublette County ,9831,0,0,0,0,0,0,0,0,0,0,0,3,7,7,7,7,7,7,7,7,7,7,7,7,7,7,10,29,35,35,39
56037,WY,Sweetwater County ,42343,0,0,0,0,0,0,10,14,14,14,14,14,14,14,14,14,14,14,14,14,14,14,24,28,36,42,54,90,104,105,109
56039,WY,Teton County ,23464,7,7,7,7,7,7,7,7,7,7,7,7,7,7,7,7,7,7,7,7,7,7,13,14,14,14,14,14,14,14,25
56041,WY,Uinta County ,20226,0,0,0,0,0,0,0,0,0,0,0,4,14,14,14,14,14,14,14,14,17,21,21,21,28,28,31,47,49,49,49
56043,WY,Washakie County ,7805,21,21,27,35,35,35,35,35,35,35,35,35,35,41,42,42,42,42,42,48,49,49,49,49,49,54,56,75,77,77,124
56045,WY,Weston County ,6927,0,0,0,0,0,0,0,0,0,0,0,0,0,0,0,0,0,0,0,0,0,0,0,0,0,7,13,14,14,14,14
